fund_code,fund_name,fund_type
000001,华夏成长混合,混合型
000002,华夏成长混合(后端),混合型
000003,中海可转债债券A,债券型
000004,中海可转债债券C,债券型
000005,嘉实增强信用定期债券,债券型
000006,西部利得量化成长混合A,混合型
000008,嘉实中证500ETF联接A,指数型
000009,易方达天天理财货币A,货币型
000010,易方达天天理财货币B,货币型
000011,华夏大盘精选混合A,混合型
000012,华夏大盘精选混合A(后端),混合型
000013,易方达天天理财货币R,货币型
000014,华夏聚利债券A,债券型
000015,华夏纯债债券A,债券型
000016,华夏纯债债券C,债券型
000017,财通可持续混合,混合型
000020,景顺长城品质投资混合A,混合型
000021,华夏优势增长混合,混合型
000024,大摩双利增强债券A,债券型
000025,大摩双利增强债券C,债券型
000028,华富安鑫债券A,债券型
000029,富国宏观策略灵活配置混合A,混合型
000030,长城核心优选混合A,混合型
000031,华夏复兴混合A,混合型
000032,易方达信用债债券A,债券型
000033,易方达信用债债券C,债券型
000037,广发景宁债券A,债券型
000039,农银高增长混合,混合型
000041,华夏全球股票(QDII)(人民币),QDII
000042,财通中证ESG100指数增强A,指数型
000043,嘉实美国成长股票人民币,QDII
000044,嘉实美国成长股票美元现汇,QDII
000045,工银产业债债券A,债券型
000046,工银产业债债券B,债券型
000047,华夏双债债券A,债券型
000048,华夏双债债券C,债券型
000051,华夏沪深300ETF联接A,指数型
000053,鹏华永诚一年定开债券,债券型
000054,鹏华双债增利债券A,债券型
000055,广发纳斯达克100ETF联接美元(QDII)A,指数型
000056,建信消费升级混合,混合型
000057,中银消费主题混合A,混合型
000058,国联安安泰灵活配置混合A,混合型
000059,国联安中证医药100A,指数型
000061,华夏盛世混合,混合型
000063,长盛电子信息主题混合A,混合型
000064,大摩18个月定开债C,债券型
000065,国富焦点驱动混合A,混合型
000066,诺安鸿鑫混合A,混合型
000067,民生加银转债优选A,债券型
000068,民生加银转债优选C,债券型
000069,国投瑞银中高等级债券A,债券型
000070,国投瑞银中高等级债券C,债券型
000071,华夏恒生ETF联接A,指数型
000072,华安稳健回报混合A,混合型
000073,摩根成长动力混合A,混合型
000074,工银信用纯债一年定开债A,债券型
000075,华夏恒生ETF联接现汇,指数型
000076,华夏恒生ETF联接现钞,指数型
000077,工银信用纯债一年定开债C,债券型
000078,工银信用纯债三个月定开债A,债券型
000079,工银信用纯债三个月定开债C,债券型
000080,天治可转债增强债券A,债券型
000081,天治可转债增强债券C,债券型
000082,嘉实研究阿尔法股票A,股票型
000083,汇添富消费行业混合,混合型
000084,博时安盈债券A,债券型
000085,博时安盈债券C,债券型
000086,南方稳利1年持有期债券A,债券型
000089,民生加银高等级信用债C,债券型
000090,民生加银高等级信用债A,债券型
000103,国泰境外高收益债(QDII),QDII
000104,富国丰泰债券A,债券型
000105,建信安心回报债券A,债券型
000106,建信安心回报债券C,债券型
000107,富国稳健增强债券A/B,债券型
000108,富国稳健增强债券A/B(后端),债券型
000109,富国稳健增强债券C,债券型
000110,金鹰元安混合A,混合型
000111,易方达纯债1年定开债A,债券型
000112,易方达纯债1年定开债C,债券型
000116,嘉实丰益纯债定期债券A,债券型
000117,广发轮动配置混合,混合型
000118,广发聚鑫债券A,债券型
000119,广发聚鑫债券C,债券型
000120,中银美丽中国混合A,混合型
000121,华夏永福混合A,混合型
000122,汇添富实业债债券A,债券型
000123,汇添富实业债债券C,债券型
000124,华宝服务优选混合,混合型
000126,招商安润灵活配置混合A,混合型
000127,农银行业领先混合,混合型
000128,大成景安短融债券A,债券型
000129,大成景安短融债券B,债券型
000130,大成景兴信用债债券A,债券型
000131,大成景兴信用债债券C,债券型
000134,中信保诚嘉鸿债券A,债券型
000135,中信保诚嘉鸿债券C,债券型
000136,民生加银策略精选混合A,混合型
000137,民生加银岁岁增利债券A,债券型
000138,民生加银岁岁增利债券C,债券型
000139,富国国有企业债债券A/B,债券型
000140,富国国有企业债债券A/B(后端),债券型
000141,富国国有企业债债券C,债券型
000142,融通增强收益债券A,债券型
000143,鹏华双债加利债券A,债券型
000147,易方达高等级信用债债券A,债券型
000148,易方达高等级信用债债券C,债券型
000149,华安双债添利债券A,债券型
000150,华安双债添利债券C,债券型
000152,大成景旭纯债债券A,债券型
000153,大成景旭纯债债券C,债券型
000154,富国沪深300指数增强A(后端),指数型
000155,富国通胀通缩主题轮动混合A(后端),混合型
000157,富国全球科技互联网股票(QDII)A(后端),QDII
000158,富国低碳环保混合(后端),混合型
000159,富国高新技术产业混合(后端),混合型
000160,富国强回报定开债A/B(后端),债券型
000161,富国宏观策略灵活配置混合A(后端),混合型
000162,富国中国中小盘混合(QDII)人民币A(后端),QDII
000163,富国全球债券(QDII)人民币A(后端),QDII
000164,富国上证指数ETF联接A(后端),指数型
000165,国投瑞银策略精选混合,混合型
000166,中海信息产业混合A,混合型
000167,广发聚优灵活配置混合A,混合型
000171,易方达裕丰回报债券A,债券型
000172,华泰柏瑞量化增强混合A,混合型
000173,汇添富美丽30混合A,混合型
000174,汇添富高息债债券A,债券型
000175,汇添富高息债债券C,债券型
000176,嘉实沪深300指数研究增强A,指数型
000179,广发美国房地产指数人民币(QDII)A,指数型
000180,广发美国房地产指数美元现汇(QDII)A,指数型
000181,景顺长城四季金利债券A,债券型
000182,景顺长城四季金利债券C,债券型
000183,嘉实丰益策略定期债券,债券型
000184,工银添福债券A,债券型
000185,工银添福债券B,债券型
000186,华泰柏瑞季季红债券A,债券型
000187,华泰柏瑞丰盛纯债债券A,债券型
000188,华泰柏瑞丰盛纯债债券C,债券型
000189,易方达丰华债券A,债券型
000190,中银新回报灵活配置混合A,混合型
000191,富国信用债债券A/B,债券型
000192,富国信用债债券C,债券型
000194,银华信用四季红债券A,债券型
000195,工银成长收益混合A,混合型
000196,工银成长收益混合B,混合型
000197,富国目标收益一年期纯债债券,债券型
000198,天弘余额宝货币,货币型
000199,国泰量化策略收益混合A,混合型
000200,博时岁岁增利一年持有期债券A,债券型
000201,诺安泰鑫一年定期开放债券A,债券型
000203,国富日日收益货币A,货币型
000204,国富日日收益货币B,货币型
000205,易方达投资级信用债债券A,债券型
000206,易方达投资级信用债债券C,债券型
000207,建信双债增强债券A,债券型
000208,建信双债增强债券C,债券型
000209,中信保诚新兴产业混合A,混合型
000210,光大现金宝货币A,货币型
000211,光大现金宝货币B,货币型
000212,泰信鑫益定期开放A,债券型
000213,泰信鑫益定期开放C,债券型
000214,广发成长优选混合,混合型
000215,广发趋势优选灵活配置混合A,混合型
000216,华安黄金ETF联接A,指数型
000217,华安黄金ETF联接C,指数型
000218,国泰黄金ETF联接A,指数型
000219,博时裕益混合A,混合型
000220,富国医疗保健行业混合A,混合型
000221,汇添富年年利定期开放债券A,债券型
000222,汇添富年年利定期开放债券C,债券型
000227,华安年年红债券A,债券型
000235,诺安稳固收益一年定期开放债券A,债券型
000236,工银月月薪定期支付债券A,债券型
000239,华安年年盈定开债A,债券型
000240,华安年年盈定开债C,债券型
000241,宝盈核心优势混合C,混合型
000242,景顺长城策略精选灵活配置混合A,混合型
000244,天弘稳利定期开放A,债券型
000245,天弘稳利定期开放B,债券型
000248,汇添富中证主要消费ETF联接A,指数型
000251,工银金融地产混合A,混合型
000252,景顺长城景兴信用纯债债券A,债券型
000253,景顺长城景兴信用纯债债券C,债券型
000254,长城增强收益定开债券A,债券型
000255,长城增强收益定开债券C,债券型
000259,农银区间收益混合,混合型
000263,工银信息产业混合A,混合型
000264,博时内需增长混合A,混合型
000265,易方达恒久添利1年定开债A,债券型
000266,易方达恒久添利1年定开债C,债券型
000267,广发集利一年定开债A,债券型
000268,广发集利一年定开债C,债券型
000270,建信灵活配置混合A,混合型
000271,中邮定开债券A,债券型
000272,中邮定开债券C,债券型
000273,华润元大安鑫灵活配置混合A,混合型
000274,广发亚太中高收益债(QDII)A,QDII
000275,广发亚太中高收益债美元现汇(QDII)A,QDII
000277,博时双月薪债券A,债券型
000279,华商红利优选混合,混合型
000286,银华信用季季红债券A,债券型
000289,鹏华丰泰定开债A,债券型
000290,鹏华全球高收益债(QDII),QDII
000294,华安生态优先混合A,混合型
000295,鹏华丰实定期开放债券A,债券型
000296,鹏华丰实定期开放债券B,债券型
000297,鹏华可转债债券A,债券型
000298,中海纯债债券A,债券型
000299,中海纯债债券C,债券型
000300,德邦德利货币A,货币型
000301,德邦德利货币B,货币型
000305,中银中高等级债券A,债券型
000306,天弘弘利债券A,债券型
000307,易方达黄金ETF联接A,指数型
000308,建信创新中国混合,混合型
000309,大摩品质生活精选股票A,股票型
000310,安信永利信用债券A,债券型
000311,景顺长城沪深300指数增强A,指数型
000312,华安沪深300增强A,指数型
000313,华安沪深300增强C,指数型
000314,招商瑞丰灵活配置混合发起式A,混合型
000319,宏利淘利债券A,债券型
000320,宏利淘利债券C,债券型
000322,农银汇理金汇债券A,债券型
000324,华润元大现金收益货币A,货币型
000325,华润元大现金收益货币B,货币型
000326,南方中小盘成长股票A,股票型
000327,南方潜力新蓝筹混合A,混合型
000328,摩根转型动力混合A,混合型
000329,鹏华丰饶定开债,债券型
000330,汇添富现金宝货币A,货币型
000331,中加货币A,货币型
000332,中加货币C,货币型
000333,长城稳固收益债券A,债券型
000334,长城稳固收益债券C,债券型
000335,安信永利信用债券C,债券型
000336,农银研究精选混合,混合型
000338,鹏华双债保利债券B,债券型
000339,长城医疗保健混合A,混合型
000341,嘉实新兴市场C2(QDII),QDII
000342,嘉实新兴市场A1(QDII),QDII
000343,华夏财富宝货币A,货币型
000345,鹏华丰融定开债,债券型
000346,建信安心回报6个月定开A,债券型
000347,建信安心回报6个月定开C,债券型
000351,国富恒丰一年持有期债券A,债券型
000352,国富恒丰一年持有期债券C,债券型
000354,长盛城镇化主题混合A,混合型
000355,南方丰元信用增强债券A,债券型
000356,南方丰元信用增强债券C,债券型
000359,易方达易理财货币A,货币型
000362,国泰聚信价值优势混合A,混合型
000363,国泰聚信价值优势混合C,混合型
000366,汇添富添富通货币A,货币型
000367,国泰安康定期支付混合A,混合型
000368,汇添富沪深300安中指数A,指数型
000369,广发全球医疗保健指数人民币(QDII)A,指数型
000370,广发全球医疗保健美元现汇(QDII)A,指数型
000371,民生加银现金宝货币A,货币型
000372,中银惠利半年定期开放债券A,债券型
000373,华安中证细分医药ETF联接A,指数型
000376,华安中证细分医药ETF联接C,指数型
000377,摩根双债增利债券A,债券型
000378,摩根双债增利债券C,债券型
000379,平安日增利货币A,货币型
000380,景顺长城景益货币A,货币型
000381,景顺长城景益货币B,货币型
000385,景顺长城景颐双利债券A,债券型
000386,景顺长城景颐双利债券C,债券型
000389,广发天天红货币A,货币型
000390,华商优势行业混合A,混合型
000394,融通通源短融债券A,债券型
000395,汇添富安心中国债券A,债券型
000396,汇添富安心中国债券C,债券型
000397,汇添富全额宝货币A,货币型
000398,华富灵活配置混合A,混合型
000402,工银纯债债券A,债券型
000403,工银纯债债券B,债券型
000404,易方达新兴成长灵活配置,混合型
000406,汇添富双利增强债券A,债券型
000407,汇添富双利增强债券C,债券型
000408,民生加银城镇化混合A,混合型
000409,鹏华环保产业股票,股票型
000410,益民服务领先混合A,混合型
000411,景顺长城优质成长股票A,股票型
000414,嘉实绝对收益策略定期混合A,混合型
000415,大摩添利18个月定开债A,债券型
000416,大摩添利18个月定开债C,债券型
000417,国联安新精选混合A,混合型
000418,景顺长城成长之星股票A,股票型
000419,大摩优质信价纯债A,债券型
000420,大摩优质信价纯债C,债券型
000423,前海开源事件驱动混合A,混合型
000424,长盛添利宝货币A,货币型
000425,长盛添利宝货币B,货币型
000431,鹏华品牌传承混合,混合型
000432,中银优秀企业混合A,混合型
000433,安信鑫发优选混合A,混合型
000434,新华壹诺宝货币A,货币型
000436,易方达裕惠定开混合A,混合型
000452,南方医药保健灵活配置混合A,混合型
000457,摩根核心成长股票A,股票型
000458,英大领先回报A,混合型
000459,英大领先回报B,混合型
000462,农银主题轮动混合A,混合型
000464,嘉实活期宝货币A,货币型
000465,景顺长城鑫月薪定期支付债券,债券型
000469,富国目标齐利一年期纯债债券,债券型
000470,富国目标齐利一年期纯债债券(后端),债券型
000471,富国城镇发展股票,股票型
000472,富国城镇发展股票(后端),股票型
000475,广发天天利货币A,货币型
000476,广发天天利货币B,货币型
000477,广发主题领先混合A,混合型
000478,建信中证500指数增强A,指数型
000480,东方红新动力混合A,混合型
000483,鑫元货币A,货币型
000484,鑫元货币B,货币型
000487,嘉实3个月理财债券A,债券型
000488,嘉实3个月理财债券E,债券型
000493,南方现金通A,货币型
000494,南方现金通B,货币型
000495,南方现金通C,货币型
000496,长安产业精选混合A,混合型
000497,财通纯债债券A,债券型
000503,中信建投景和中短债A,债券型
000504,中信建投景和中短债C,债券型
000505,国寿安保货币A,货币型
000506,国寿安保货币B,货币型
000507,宏利宏达混合A,混合型
000508,宏利宏达混合B,混合型
000509,广发钱袋子货币A,货币型
000511,国泰国策驱动灵活配置混合A,混合型
000512,国泰沪深300指数增强A,指数型
000513,富国高端制造行业股票A,股票型
000514,富国高端制造行业股票A(后端),股票型
000516,富国祥利一年期定期开放债券型A,债券型
000517,富国祥利一年期定期开放债券型C,债券型
000520,上银新兴价值成长混合A,混合型
000521,诺安瑞鑫定开债券,债券型
000522,华润元大信息传媒科技混合A,混合型
000523,国投瑞银医疗保健混合A,混合型
000524,摩根民生需求股票A,股票型
000526,国泰浓益灵活配置混合A,混合型
000527,南方新优享灵活配置混合A,混合型
000528,工银薪金货币A,货币型
000529,广发竞争优势混合A,混合型
000530,招商丰盛稳定增长混合A,混合型
000531,东吴阿尔法灵活配置混合A,混合型
000532,景顺长城优势企业混合A,混合型
000533,永赢货币A,货币型
000534,长盛高端装备混合A,混合型
000535,长盛航天海工混合A,混合型
000536,前海开源可转债债券A,债券型
000538,诺安优势行业混合A,混合型
000539,中银活期宝货币A,货币型
000540,国金金腾通货币A,货币型
000541,华商创新成长混合发起式A,混合型
000542,上银慧财宝货币A,货币型
000543,上银慧财宝货币B,货币型
000545,中邮核心竞争力灵活配置混合,混合型
000546,兴业定开债A,债券型
000547,建信健康民生混合A,混合型
000548,鹏华聚财通货币,货币型
000549,华安大国新经济股票A,股票型
000550,广发新动力混合A,混合型
000551,中信保诚幸福消费混合A,混合型
000552,中加纯债一年A,债券型
000553,中加纯债一年C,债券型
000554,南方中国梦灵活配置混合A,混合型
000556,国投瑞银新机遇灵活配置混合A,混合型
000557,国投瑞银新机遇灵活配置混合C,混合型
000559,诺安天天宝A,货币型
000560,诺安天天宝E,货币型
000561,南方启元债券A,债券型
000562,南方启元债券C,债券型
000563,南方通利债券A,债券型
000564,南方通利债券C,债券型
000565,富国医疗保健行业混合A(后端),混合型
000566,华泰柏瑞创新升级混合A,混合型
000567,广发聚祥灵活混合,混合型
000569,鹏华增值宝货币,货币型
000572,中银多策略混合A,混合型
000573,天弘通利混合A,混合型
000574,宝盈新价值混合A,混合型
000575,兴全添利宝货币,货币型
000576,中邮货币A,货币型
000577,安信价值精选股票A,股票型
000578,鑫元恒鑫收益增强债券型发起式A,债券型
000579,鑫元恒鑫收益增强债券型发起式C,债券型
000580,中邮货币B,货币型
000581,嘉实活钱包货币A,货币型
000582,富国信用债债券A/B(后端),债券型
000583,江信聚福定开债,债券型
000584,新华鑫益灵活配置混合C,混合型
000585,嘉实对冲套利定期混合A,混合型
000586,景顺长城中小创精选股票A,股票型
000587,大成灵活配置混合A,混合型
000588,招商招钱宝货币A,货币型
000589,光大银发商机混合A,混合型
000590,华安新活力灵活配置混合A,混合型
000591,中银健康生活混合A,混合型
000592,建信改革红利股票A,股票型
000593,易方达标普消费品指数美元现汇A,指数型
000594,大摩进取优选股票,股票型
000595,嘉实泰和混合,混合型
000596,前海开源中证军工指数A,指数型
000597,中海积极收益混合,混合型
000598,长盛生态环境混合,混合型
000599,中信保诚薪金宝货币A,货币型
000600,汇添富和聚宝货币A,货币型
000601,华宝创新优选混合,混合型
000602,富国安益货币A,货币型
000603,易方达创新驱动灵活配置混合,混合型
000604,银华多利宝货币A,货币型
000605,银华多利宝货币B,货币型
000606,天弘优选债券A,债券型
000607,招商招钱宝货币B,货币型
000609,华商新量化混合A,混合型
000612,华宝生态中国混合A,混合型
000613,国寿安保沪深300ETF联接A,指数型
000614,华安德国(DAX)联接(QDII)A,指数型
000615,长城工资宝货币A,货币型
000618,嘉实薪金宝货币A,货币型
000619,东方红产业升级混合,混合型
000620,易方达现金增利货币A,货币型
000621,易方达现金增利货币B,货币型
000625,诺安天天宝B,货币型
000626,大成丰财宝货币A,货币型
000627,大成丰财宝货币B,货币型
000628,大成高鑫股票A,股票型
000634,富国天盛灵活配置基金,混合型
000635,富国天盛灵活配置基金(后端),混合型
000638,富国富钱包货币A,货币型
000639,宝盈祥瑞混合A,混合型
000640,诺安理财宝货币A,货币型
000641,诺安理财宝货币B,货币型
000642,汇添富货币C,货币型
000644,招商招金宝货币A,货币型
000645,华夏薪金宝货币,货币型
000646,华润元大量化优选混合A,混合型
000647,易方达财富快线货币A,货币型
000648,易方达财富快线货币B,货币型
000649,长城久鑫混合A,混合型
000650,汇添富货币D,货币型
000651,招商招金宝货币B,货币型
000652,博时裕隆灵活配置混合A,混合型
000654,华商新锐产业混合,混合型
000655,鑫元稳利债券,债券型
000656,前海开源沪深300指数A,指数型
000657,银华活钱宝货币A,货币型
000658,银华活钱宝货币B,货币型
000659,银华活钱宝货币C,货币型
000660,银华活钱宝货币D,货币型
000661,银华活钱宝货币E,货币型
000662,银华活钱宝货币F,货币型
000663,国投瑞银美丽中国混合A,混合型
000664,国联安通盈混合A,混合型
000665,博时现金收益货币B,货币型
000667,工银绝对收益混合发起A,混合型
000668,国寿安保尊享债券A,债券型
000669,国寿安保尊享债券C,债券型
000672,工银绝对收益混合发起B,混合型
000673,融通四季添利债券(LOF)C,债券型
000674,中海中短债债券A,债券型
000677,工银现金货币A,货币型
000678,华宝现金宝货币E,货币型
000679,招商丰利灵活配置混合A,混合型
000681,信澳慧管家货币A,货币型
000682,信澳慧管家货币C,货币型
000683,信澳慧管家货币E,货币型
000684,长盛养老健康混合A,混合型
000686,建信嘉薪宝货币A,货币型
000687,南方薪金宝货币A,货币型
000688,景顺长城研究精选股票A,股票型
000689,前海开源新经济混合A,混合型
000690,前海开源大海洋混合,混合型
000692,汇添富双利债券C,债券型
000693,建信现金添利货币A,货币型
000694,鑫元鸿利A,债券型
000696,汇添富环保行业股票,股票型
000697,汇添富移动互联股票A,股票型
000698,宝盈科技30混合,混合型
000699,中银薪钱包货币,货币型
000700,宏利货币B,货币型
000701,景顺长城景丰货币A,货币型
000704,易方达天天增利货币A,货币型
000705,易方达天天增利货币B,货币型
000706,中邮多策略灵活配置混合,混合型
000707,景顺长城景丰货币B,货币型
000709,华安汇财通货币,货币型
000710,交银现金宝货币A,货币型
000711,嘉实医疗保健股票,股票型
000712,摩根天添宝货币A,货币型
000713,摩根天添宝货币B,货币型
000714,诺安稳健回报混合A,混合型
000715,民生加银高等级信用债E,债券型
000716,工银薪金货币B,货币型
000717,融通转型三动力灵活配置混合A,混合型
000718,融通转型三动力灵活配置混合A(后端),混合型
000719,南方现金通E,货币型
000720,南方稳利1年持有期债券C,债券型
000721,兴业货币A,货币型
000722,兴业货币B,货币型
000724,大成添利宝货币A,货币型
000725,大成添利宝货币B,货币型
000726,大成添利宝货币E,货币型
000727,融通健康产业灵活配置混合A/B,混合型
000728,工银目标收益一年定开C,债券型
000729,建信中小盘先锋股票A,股票型
000730,博时现金宝货币A,货币型
000731,融通健康产业灵活配置混合A/B(后端),混合型
000734,博时天天增利货币A,货币型
000735,博时天天增利货币B,货币型
000736,诺安聚利债券A,债券型
000737,诺安聚利债券C,债券型
000739,平安新鑫先锋A,混合型
000740,兴银货币B,货币型
000741,兴银货币A,货币型
000742,国泰新经济灵活配置混合A,混合型
000743,红塔红土盛世普益混合发起式,混合型
000744,华银稳定收益A,债券型
000745,华银稳定收益C,债券型
000746,招商行业精选股票基金,股票型
000747,广发逆向策略混合A,混合型
000748,广发活期宝货币A,货币型
000750,安信现金增利货币A,货币型
000751,嘉实新兴产业股票,股票型
000753,华宝量化对冲混合A,混合型
000754,华宝量化对冲混合C,混合型
000755,富安达新兴成长混合A,混合型
000756,建信潜力新蓝筹股票A,股票型
000757,华富智慧城市灵活配置混合A,混合型
000758,招商招钱宝货币C,货币型
000759,平安财富宝货币A,货币型
000760,工银财富货币A,货币型
000761,国富健康优质生活股票,股票型
000762,汇添富绝对收益定开混合A,混合型
000763,工银新财富灵活配置混合,混合型
000764,万家货币E,货币型
000767,华富国泰民安灵活配置混合A,混合型
000771,诺安聚鑫宝货币A,货币型
000772,景顺长城中国回报混合A,混合型
000773,万家现金宝货币A,货币型
000778,鹏华先进制造股票,股票型
000779,诺安聚鑫宝货币B,货币型
000780,鹏华医疗保健股票,股票型
000783,博时季季享持有期A,债券型
000784,博时季季享持有期B,债券型
000785,国新国证现金增利货币A,货币型
000786,国新国证现金增利货币B,货币型
000787,国新国证现金增利货币C,货币型
000788,前海开源中国成长混合,混合型
000789,易方达龙宝货币A,货币型
000790,易方达龙宝货币B,货币型
000791,银华安颐中短债双月持有期债券C,债券型
000792,招商定期宝六个月期理财债券,债券型
000793,工银高端制造股票,股票型
000794,宝盈睿丰创新混合A/B,混合型
000795,宝盈睿丰创新混合A/B(后端),混合型
000796,宝盈睿丰创新混合C,混合型
000797,方正富邦金小宝货币A,货币型
000799,民生加银半年理财A,债券型
000800,华商未来主题混合,混合型
000801,中金纯债A,债券型
000802,中金纯债C,债券型
000803,工银研究精选股票,股票型
000804,中信建投稳利混合A,混合型
000805,中银新经济灵活配置混合A,混合型
000808,招商招利1个月期理财债券A,债券型
000809,招商招利1个月期理财债券B,债券型
000810,富国收益增强债券A,债券型
000812,富国收益增强债券C,债券型
000814,鑫元合享纯债C,债券型
000815,鑫元合享纯债A,债券型
000816,南方理财金交易型货币A,货币型
000817,中银安心回报,债券型
000818,诺安天天宝C,货币型
000822,东海美丽中国A,混合型
000823,银华高端制造业混合A,混合型
000824,圆信永丰双利A,混合型
000825,圆信永丰双利C,混合型
000826,广发百发100指数A,指数型
000827,广发百发100指数E,指数型
000828,宏利转型机遇股票A,股票型
000829,易方达天天发货币A,货币型
000830,易方达天天发货币B,货币型
000831,工银医疗保健股票,股票型
000832,天弘现金管家货币C,货币型
000833,易方达富华纯债C,债券型
000834,大成纳斯达克100ETF联接(QDII)A,指数型
000835,华润元大富时中国A50指数A,指数型
000836,国投瑞银钱多宝货币A,货币型
000837,国投瑞银钱多宝货币I,货币型
000839,摩根纯债丰利债券A,债券型
000840,摩根纯债丰利债券C,债券型
000841,富国新回报灵活配置混合A/B,混合型
000842,富国新回报灵活配置混合A/B(后端),混合型
000843,富国新回报灵活配置混合C,混合型
000844,南方绝对收益,混合型
000845,国投瑞银信息消费混合A,混合型
000846,国联货币C,货币型
000847,国联货币A,货币型
000848,工银添益快线货币A,货币型
000849,汇丰晋信双核策略混合A,混合型
000850,汇丰晋信双核策略混合C,混合型
000854,鹏华养老产业股票,股票型
000855,摩根天添盈货币A,货币型
000856,摩根天添盈货币B,货币型
000857,摩根天添盈货币E,货币型
000860,银华惠增利货币A,货币型
000861,长城货币E,货币型
000862,富国天时货币C,货币型
000863,富国天时货币D,货币型
000866,华宝制造股票,股票型
000867,华宝品质生活股票,股票型
000868,国投瑞银增利宝货币A,货币型
000869,国投瑞银增利宝货币B,货币型
000870,嘉实新收益混合,混合型
000871,华银宜投宝A,货币型
000872,华银宜投宝B,货币型
000873,华安现金宝货币A,货币型
000874,华安现金宝货币B,货币型
000875,建信稳定得利债券A,债券型
000876,建信稳定得利债券C,债券型
000877,华泰柏瑞量化优选混合,混合型
000878,中海医药健康产业精选混合A,混合型
000879,中海医药健康产业精选混合C,混合型
000880,富国研究精选灵活配置混合A,混合型
000882,中金现金管家货币A,货币型
000883,中金现金管家货币B,货币型
000884,民生加银优选股票,股票型
000891,博时现金宝货币B,货币型
000892,九泰天宝灵活配置混合A,混合型
000893,工银创新动力股票,股票型
000894,中欧睿达6个月持有混合A,混合型
000895,国寿安保薪金宝货币A,货币型
000896,鑫元聚鑫收益增强A,债券型
000897,鑫元聚鑫收益增强C,债券型
000898,华富恒稳纯债债券A,债券型
000899,华富恒稳纯债债券C,债券型
000903,新华活期添利货币A,货币型
000904,银华回报定开混合,混合型
000905,鹏华安盈宝货币A,货币型
000906,广发全球精选股票(QDII)美元A,QDII
000907,农银红利日结货币A,货币型
000908,农银红利日结货币B,货币型
000910,鑫元合丰纯债C,债券型
000911,鑫元合丰纯债A,债券型
000912,英大现金宝A,货币型
000913,农银医疗保健股票,股票型
000914,中加纯债债券,债券型
000916,前海开源股息率100强股票A,股票型
000917,嘉实快线货币A,货币型
000920,易方达财富快线货币C,货币型
000921,中邮现金驿站货币A,货币型
000922,中邮现金驿站货币B,货币型
000923,中邮现金驿站货币C,货币型
000924,宝盈先进制造混合A,混合型
000925,汇添富外延增长股票A,股票型
000926,中信建投睿信灵活配置混合A,混合型
000927,博时大中华亚太精选美元现汇,QDII
000928,国联国企改革混合A,混合型
000929,博时黄金D,指数型
000930,博时黄金I,指数型
000931,国寿安保尊益信用纯债债券,债券型
000932,前海开源睿远稳健增利混合A,混合型
000933,前海开源睿远稳健增利混合C,混合型
000934,国富大中华精选混合,QDII
000935,浙商汇金转型成长,混合型
000936,博时产业新动力混合A,混合型
000939,中银研究精选灵活配置混合A,混合型
000940,富国中小盘精选混合A,混合型
000941,富国中小盘精选混合A(后端),混合型
000942,广发信息技术联接A,指数型
000943,工银中高等级信用债债券A,债券型
000944,工银中高等级信用债债券B,债券型
000945,华夏医疗健康混合A,混合型
000946,华夏医疗健康混合C,混合型
000948,华夏沪港通恒生ETF联接A,指数型
000950,易方达证券保险ETF联接A,指数型
000955,南方产业活力,股票型
000960,招商医药健康产业股票,股票型
000961,天弘沪深300ETF联接A,指数型
000962,天弘中证500ETF联接A,指数型
000963,兴业多策略混合,混合型
000965,汇丰晋信新动力混合A,混合型
000966,中邮核心科技创新灵活配置混合,混合型
000967,华泰柏瑞创新动力混合,混合型
000968,广发养老指数A,指数型
000969,前海开源大安全混合,混合型
000970,东方红睿元混合,混合型
000971,诺安新经济股票,股票型
000973,新华增盈回报债券,债券型
000974,安信消费医药股票A,股票型
000975,MSCI中国A股国际通联接A,指数型
000976,长城新兴产业混合A,混合型
000977,长城环保主题混合A,混合型
000978,景顺长城量化精选股票A,股票型
000979,景顺长城沪港深精选股票A,股票型
000980,汇添富添富通货币B,货币型
000981,华银现金添利A,货币型
000982,华银现金添利B,货币型
000985,嘉实逆向策略股票,股票型
000986,太平灵活配置,混合型
000988,嘉实全球互联网股票人民币,QDII
000989,嘉实全球互联网股票美元现汇,QDII
000990,嘉实全球互联网股票美元现钞,QDII
000991,工银战略转型股票A,股票型
000992,广发对冲套利定期开放混合,混合型
000993,华宝稳健回报混合,混合型
000994,建信睿盈灵活配置混合A,混合型
000995,建信睿盈灵活配置混合C,混合型
000996,中银新动力股票A,股票型
000997,南方双元A,债券型
000998,南方双元C,债券型
001000,中欧明睿新起点混合,混合型
001001,华夏债券A/B,债券型
001002,华夏债券A/B(后端),债券型
001003,华夏债券C,债券型
001004,新华稳健回报灵活配置混合发起,混合型
001006,中信建投凤凰货币A,货币型
001007,国联安鑫安灵活配置混合,混合型
001008,工银国企改革股票,股票型
001009,摩根安全战略股票A,股票型
001010,易方达增金宝货币A,货币型
001011,华夏希望债券A,债券型
001013,华夏希望债券C,债券型
001015,华夏沪深300指数增强A,指数型
001016,华夏沪深300指数增强C,指数型
001017,宏利改革动力混合A,混合型
001018,易方达新经济混合,混合型
001019,兴业年年利定开债,债券型
001021,华夏亚债中国指数A,指数型
001023,华夏亚债中国指数C,指数型
001025,银华惠增利货币C,货币型
001026,诺安理财宝货币C,货币型
001027,前海开源中证大农业指数增强A,指数型
001028,华安物联网主题股票A,股票型
001030,天弘云端生活优选混合A,混合型
001031,华夏安康债券A,债券型
001033,华夏安康债券C,债券型
001035,中银恒利半年定开债,债券型
001036,嘉实企业变革股票,股票型
001037,国投瑞银锐意改革混合A,混合型
001039,嘉实先进制造股票,股票型
001040,新华策略精选股票A,股票型
001042,华夏领先股票,股票型
001043,工银美丽城镇股票A,股票型
001044,嘉实新消费股票A,股票型
001045,华夏可转债增强债券A,债券型
001046,华夏可转债增强债券I,债券型
001047,光大国企改革股票A,股票型
001048,富国新兴产业股票A,股票型
001049,富国新兴产业股票A(后端),股票型
001050,汇添富中证500指数增强A,指数型
001051,华夏上证50ETF联接A,指数型
001052,华夏中证500ETF联接A,指数型
001053,南方创新经济,混合型
001054,工银新金融股票A,股票型
001056,华银健康生活主题灵活配置,混合型
001057,华夏理财30天债券A,债券型
001058,华夏理财30天债券B,债券型
001060,前海开源高端装备制造混合A,混合型
001061,华夏收益债券(QDII)A,QDII
001063,华夏收益债券(QDII)C,QDII
001064,广发中证环保ETF联接A,指数型
001065,华夏海外收益债券现汇,QDII
001066,华夏海外收益债券现钞,QDII
001067,鹏华弘盛混合A,混合型
001068,国新国证新锐A,混合型
001069,华泰柏瑞消费成长混合,混合型
001070,建信信息产业股票A,股票型
001071,华安媒体互联网混合A,混合型
001072,华安智能装备主题股票A,股票型
001073,华泰柏瑞量化绝对收益混合,混合型
001074,华泰柏瑞量化驱动混合A,混合型
001075,宝盈转型动力混合A,混合型
001076,易方达改革红利混合,混合型
001077,华夏现金宝货币A,货币型
001078,华夏现金宝货币B,货币型
001086,华富恒利债券A,债券型
001087,华富恒利债券C,债券型
001088,华宝国策导向混合A,混合型
001092,广发生物科技指数人民币(QDII)A,指数型
001093,广发生物科技指数美元(QDII)A,指数型
001094,国投瑞银添利宝货币A,货币型
001095,国投瑞银添利宝货币B,货币型
001096,国寿安保聚宝盆货币A,货币型
001097,华泰柏瑞积极优选股票A,股票型
001101,银华惠添益货币A,货币型
001102,前海开源国家比较优势混合A,混合型
001103,前海开源工业革命4.0混合,混合型
001104,华安新丝路主题股票A,股票型
001105,信澳转型创新股票A,股票型
001106,华商健康生活混合,混合型
001110,中欧瑾泉灵活配置混合A,混合型
001111,中欧瑾泉灵活配置混合C,混合型
001112,东方红中国优势混合,混合型
001113,南方大数据100A,指数型
001115,广发聚安混合A,混合型
001116,广发聚安混合C,混合型
001117,中欧精选定期开放混合A,混合型
001118,华宝事件驱动混合A,混合型
001120,东方睿鑫热点挖掘混合A,混合型
001121,东方睿鑫热点挖掘混合C,混合型
001122,鹏华弘利混合A,混合型
001123,鹏华弘利混合C,混合型
001124,融通增强收益债券C,债券型
001125,博时互联网主题灵活配置混合,混合型
001126,摩根卓越制造股票A,股票型
001127,中银宏观策略混合A,混合型
001128,宝盈新兴产业混合A,混合型
001133,广发中证全指可选消费联接A,指数型
001134,广发天天利货币E,货币型
001135,益民品质升级混合A,混合型
001136,易方达裕如灵活配置混合A,混合型
001139,华安新动力灵活配置混合A,混合型
001140,工银总回报灵活配置混合A,混合型
001143,华商量化进取混合,混合型
001144,大成互联网思维混合A,混合型
001146,中欧瑾源灵活配置混合A,混合型
001147,中欧瑾源灵活配置混合C,混合型
001148,申万菱信多策略灵活配置混合A,混合型
001149,汇丰晋信恒生龙头指数C,指数型
001150,融通互联网传媒灵活配置混合,混合型
001151,融通互联网传媒灵活配置混合(后端),混合型
001152,融通新区域新经济灵活配置混合,混合型
001153,融通新区域新经济灵活配置混合(后端),混合型
001154,华银平安中国主题灵活配置,混合型
001156,申万菱信新能源汽车主题灵活配置混合A,混合型
001157,国联安睿祺灵活配置混合,混合型
001158,工银新材料新能源股票,股票型
001162,前海开源优势蓝筹股票A,股票型
001163,银华中国梦30股票,股票型
001164,中欧琪和灵活配置混合A,混合型
001165,中欧琪和灵活配置混合C,混合型
001166,建信环保产业股票A,股票型
001167,金鹰科技创新股票A,股票型
001170,宏利复兴混合A,混合型
001171,工银养老产业股票A,股票型
001172,鹏华弘泽混合A,混合型
001173,中欧瑾和灵活配置混合A,混合型
001174,中欧瑾和灵活配置混合C,混合型
001175,山证资管日日添利货币A,货币型
001176,山证资管日日添利货币B,货币型
001177,山证资管日日添利货币C,货币型
001178,前海开源再融资股票,股票型
001179,德邦大健康灵活配置混合A,混合型
001180,广发医药卫生联接A,指数型
001181,南方改革机遇,混合型
001182,易方达安心回馈混合A,混合型
001183,南方利淘A,混合型
001184,易方达新常态灵活配置混合,混合型
001186,富国文体健康股票A,股票型
001187,富国文体健康股票A(后端),股票型
001188,鹏华改革红利股票,股票型
001189,广发聚宝混合A,混合型
001190,鹏华弘润混合A,混合型
001191,鹏华弘润混合C,混合型
001192,摩根整合驱动混合A,混合型
001193,中金消费升级股票A,股票型
001194,景顺长城稳健回报混合A,混合型
001195,工银农业产业股票,股票型
001197,长盛转型升级主题灵活配置混合,混合型
001198,东方惠新灵活配置混合A,混合型
001199,创金合信聚利债券A,债券型
001200,创金合信聚利债券C,债券型
001202,东方红领先精选混合A,混合型
001203,东方红稳健精选混合A,混合型
001204,东方红稳健精选混合C,混合型
001208,诺安低碳经济股票A,股票型
001209,前海开源一带一路混合A,混合型
001210,天弘互联网混合A,混合型
001211,中欧滚钱宝货币A,货币型
001212,华润元大稳健债券A,债券型
001213,华润元大稳健债券C,债券型
001214,华泰柏瑞中证500ETF联接A,指数型
001215,博时沪港深优质企业基金A,混合型
001216,易方达新收益混合A,混合型
001217,易方达新收益混合C,混合型
001218,国投瑞银精选收益混合A,混合型
001219,摩根动态多因子混合A,混合型
001220,民生加银研究精选混合,混合型
001222,鹏华外延成长混合,混合型
001223,鹏华文化传媒娱乐股票,股票型
001224,中邮新思路灵活配置混合A,混合型
001225,中邮趋势精选灵活配置混合A,混合型
001226,中邮稳健添利灵活配置混合,混合型
001227,中邮信息产业灵活配置混合A,混合型
001228,国联安鑫享灵活配置混合A,混合型
001229,德邦福鑫灵活配置混合A,混合型
001230,鹏华医药科技股票A,股票型
001231,银华泰利灵活配置混合A,混合型
001232,嘉合货币A,货币型
001233,嘉合货币B,货币型
001234,国金众赢货币,货币型
001235,中银国有企业债A,债券型
001236,博时丝路主题股票A,股票型
001237,博时上证50ETF联接A,指数型
001239,长盛国企改革混合,混合型
001240,民生加银现金增利货币D,货币型
001241,国寿安保中证500ETF联接,指数型
001242,博时中证淘金大数据100A,指数型
001243,博时中证淘金大数据100I,指数型
001244,华泰柏瑞量化智慧混合A,混合型
001245,工银生态环境股票A,股票型
001246,兴银长乐定开债A,债券型
001247,华泰柏瑞新利混合A,混合型
001249,易方达新利灵活配置混合,混合型
001250,天弘新活力混合发起A,混合型
001251,天弘现金管家货币D,货币型
001252,中海进取收益混合,混合型
001254,宏利新起点混合A,混合型
001255,长城改革红利混合A,混合型
001256,泓德优选成长混合,混合型
001257,兴业收益增强债券A,债券型
001258,兴业收益增强债券C,债券型
001261,国联新机遇混合A,混合型
001265,国泰兴益灵活配置混合A,混合型
001266,国投瑞银招财混合A,混合型
001267,宏利蓝筹混合,混合型
001268,富国国家安全主题混合A,混合型
001269,富国国家安全主题混合A(后端),混合型
001270,英大灵活配置混合型发起式A,混合型
001271,英大灵活配置混合型发起式B,混合型
001272,兴业聚利灵活配置混合A,混合型
001275,中邮创新优势灵活配置混合,混合型
001276,建信新经济灵活配置混合,混合型
001277,博时国企改革股票A,股票型
001278,前海开源清洁能源混合A,混合型
001279,中海积极增利混合,混合型
001280,银华聚利灵活配置混合A,混合型
001281,长安鑫利优选混合A,混合型
001282,华安新机遇灵活配置混合A,混合型
001285,易方达新鑫混合I,混合型
001286,易方达新鑫混合E,混合型
001287,安信优势增长混合A,混合型
001289,银华汇利灵活配置混合A,混合型
001291,大摩量化多策略股票,股票型
001294,新华战略新兴产业灵活配置混合,混合型
001296,长城悦享增利债券A,债券型
001297,平安智慧中国混合,混合型
001298,金鹰民族新兴混合A,混合型
001299,兴业添利债券,债券型
001300,大成睿景灵活配置混合A,混合型
001301,大成睿景灵活配置混合C,混合型
001302,前海开源金银珠宝混合A,混合型
001303,银华稳利灵活配置混合A,混合型
001304,建信鑫安回报灵活配置混合A,混合型
001305,九泰天富改革混合A,混合型
001306,中欧永裕混合A,混合型
001307,中欧永裕混合C,混合型
001308,博时外服货币B,货币型
001309,东方红睿逸定期开放混合,混合型
001311,华安新回报混合A,混合型
001312,华安新优选灵活配置混合A,混合型
001313,摩根智慧互联股票A,股票型
001314,易方达新益混合I,混合型
001315,易方达新益混合E,混合型
001316,安信稳健增值混合A,混合型
001318,东方新策略灵活配置混合A,混合型
001319,农银信息传媒股票A,股票型
001320,工银丰盈回报灵活配置混合A,混合型
001322,东吴新趋势价值线混合,混合型
001323,东吴移动互联混合A,混合型
001324,华宝新价值混合,混合型
001325,鹏华弘和混合A,混合型
001326,鹏华弘和混合C,混合型
001327,鹏华弘华混合A,混合型
001328,鹏华弘华混合C,混合型
001329,鹏华弘实混合A,混合型
001330,鹏华弘实混合C,混合型
001331,鹏华弘信混合A,混合型
001332,鹏华弘信混合C,混合型
001334,南方利鑫A,混合型
001335,南方利众A,混合型
001336,鹏华弘益混合A,混合型
001337,鹏华弘益混合C,混合型
001338,安信稳健增值混合C,混合型
001339,兴银鼎新灵活配置A,混合型
001342,易方达新享混合A,混合型
001343,易方达新享混合C,混合型
001344,易方达医药ETF联接A,指数型
001345,富国新收益灵活配置混合A,混合型
001347,富国新收益灵活配置混合C,混合型
001349,富国改革动力混合,混合型
001351,诺安中证500指数增强A,指数型
001352,民生加银新战略混合A,混合型
001355,广发聚泰混合A,混合型
001356,广发聚泰混合C,混合型
001357,泓德泓富混合A,混合型
001358,宝盈祥泰混合A,混合型
001359,国联安添鑫灵活配置混合A,混合型
001361,景顺长城中证科技传媒通信150ETF联接A,指数型
001362,景顺长城领先回报混合A,混合型
001363,长城久惠灵活配置混合A,混合型
001364,大成景润灵活配置混合A,混合型
001365,大成正向回报灵活配置混合A,混合型
001366,金鹰产业整合混合A,混合型
001367,德邦新添利债券A,债券型
001368,兴业稳固收益一年理财债券,债券型
001369,兴业稳固收益两年理财债券,债券型
001370,中银新趋势灵活配置混合A,混合型
001371,富国沪港深价值混合A,混合型
001373,易方达新丝路灵活配置混合,混合型
001374,华夏现金增利货币B,货币型
001375,金元顺安优质精选混合C,混合型
001376,泓德泓富混合C,混合型
001379,景顺长城领先回报混合C,混合型
001380,鹏华弘盛混合C,混合型
001381,鹏华弘泽混合C,混合型
001382,易方达国企改革混合,混合型
001384,东方新思路混合A,混合型
001385,东方新思路混合C,混合型
001386,天弘弘运宝货币A,货币型
001387,国联新经济混合A,混合型
001388,国联新经济混合C,混合型
001391,天弘弘运宝货币B,货币型
001392,国富金融地产混合A,混合型
001393,国富金融地产混合C,混合型
001396,建信互联网+产业升级股票,股票型
001397,建信精工制造指数增强,指数型
001398,华泰柏瑞健康生活混合,混合型
001399,安信鑫安得利混合A,混合型
001400,安信鑫安得利混合C,混合型
001401,德邦如意货币A,货币型
001402,中信保诚新选混合A,混合型
001403,招商国企改革主题混合基金,混合型
001404,招商移动互联网产业股票基金A,股票型
001405,东方红策略精选混合A,混合型
001406,东方红策略精选混合C,混合型
001407,景顺长城稳健回报混合C,混合型
001409,工银互联网加股票,股票型
001410,信澳新能源产业股票A,股票型
001411,诺安创新驱动混合A,混合型
001412,德邦鑫星价值灵活配置混合A,混合型
001413,国联鑫起点混合A,混合型
001414,国联鑫起点混合C,混合型
001415,中信保诚新锐混合A,混合型
001416,嘉实事件驱动股票,股票型
001417,汇添富医疗服务灵活配置混合A,混合型
001418,宏利创益混合A,混合型
001420,南方大数据300A,指数型
001421,南方量化成长股票A,股票型
001422,景顺长城安享回报混合A,混合型
001423,景顺长城安享回报混合C,混合型
001426,南方大数据300C,指数型
001427,招商丰泽混合A,混合型
001428,工银瑞信灵活配置混合B,混合型
001430,中邮乐享收益灵活配置混合A,混合型
001433,易方达瑞景混合,混合型
001437,易方达瑞享混合I,混合型
001438,易方达瑞享混合E,混合型
001441,易方达瑞信混合I,混合型
001442,易方达瑞信混合E,混合型
001443,易方达瑞选灵活配置混合I,混合型
001444,易方达瑞选灵活配置混合E,混合型
001445,华安国企改革主题灵活配置混合A,混合型
001446,招商丰泽混合C,混合型
001447,天弘惠利混合A,混合型
001448,华商双翼平衡混合A,混合型
001449,华商双驱优选混合,混合型
001453,鹏华弘鑫混合A,混合型
001454,鹏华弘鑫混合C,混合型
001455,景顺长城中证500ETF联接,指数型
001457,华商新常态混合A,混合型
001463,光大一带一路混合A,混合型
001466,华富永鑫灵活配置混合A,混合型
001467,华富永鑫灵活配置混合C,混合型
001468,广发改革混合,混合型
001469,广发中证全指金融地产联接A,指数型
001470,融通通鑫灵活配置混合,混合型
001471,融通新能源灵活配置混合A,混合型
001472,融通新能源灵活配置混合A(后端),混合型
001473,建信大安全战略精选股票,股票型
001474,兴银丰盈灵活配置A,混合型
001475,易方达国防军工混合A,混合型
001476,中银智能制造股票A,股票型
001477,泰康薪意保货币A,货币型
001478,泰康薪意保货币B,货币型
001479,中邮风格轮动灵活配置混合,混合型
001480,财通成长优选混合A,混合型
001481,华宝标普油气上游股票美元A,指数型
001482,摩根新兴服务股票A,股票型
001484,天弘新价值混合A,混合型
001485,华安添颐混合A,混合型
001487,宝盈优势产业混合A,混合型
001488,万家瑞丰灵活配置混合A,混合型
001489,万家瑞丰灵活配置混合C,混合型
001490,汇添富国企创新股票A,股票型
001496,工银聚焦30股票,股票型
001497,大成月添利一个月滚动持有中短债E,债券型
001500,泓德远见回报混合,混合型
001503,南方利鑫C,混合型
001504,南方利淘C,混合型
001505,南方利众C,混合型
001506,景顺长城泰和回报混合A,混合型
001507,景顺长城泰和回报混合C,混合型
001508,富国新动力灵活配置混合A,混合型
001510,富国新动力灵活配置混合C,混合型
001511,兴全新视野定开混合,混合型
001512,易方达中债3-5年期国债指数,指数型
001513,易方达信息产业混合A,混合型
001515,平安新鑫先锋C,混合型
001516,大成安汇金融债E,债券型
001518,万家瑞兴灵活配置混合A,混合型
001521,国寿安保成长优选股票A,股票型
001522,博时新策略灵活配置混合A,混合型
001523,博时新策略灵活配置混合C,混合型
001526,鑫元安鑫宝A,货币型
001527,鑫元安鑫宝B,货币型
001528,诺安先进制造股票A,股票型
001529,天弘云商宝,货币型
001530,万家瑞富灵活配置混合A,混合型
001531,招商安益灵活配置混合A,混合型
001532,华安文体健康混合A,混合型
001534,华宝万物互联混合A,混合型
001535,景顺长城改革机遇灵活配置A,混合型
001536,南方君选,混合型
001537,中加改革红利混合,混合型
001538,摩根科技前沿混合A,混合型
001539,嘉实中证金融地产ETF联接A,指数型
001540,浙商汇金转型驱动,混合型
001541,汇添富民营新动力股票,股票型
001542,国泰互联网+股票,股票型
001543,宝盈新锐混合A,混合型
001545,博时裕嘉纯债3个月定开债,债券型
001546,博时裕盈3个月定开债,债券型
001547,兴业聚惠混合A,混合型
001548,天弘上证50ETF联接A,指数型
001549,天弘上证50ETF联接C,指数型
001550,天弘中证医药100A,指数型
001551,天弘中证医药100C,指数型
001552,天弘中证证券保险A,指数型
001553,天弘中证证券保险C,指数型
001556,天弘中证500指数增强A,指数型
001557,天弘中证500指数增强C,指数型
001558,天弘医疗健康混合A,混合型
001559,天弘医疗健康混合C,混合型
001562,易方达瑞和灵活配置混合,混合型
001563,华富健康文娱灵活配置混合A,混合型
001564,东方红京东大数据混合A,混合型
001566,南方利达A,混合型
001567,南方利达C,混合型
001569,泰信国策驱动灵活配置混合,混合型
001570,南方利安A,混合型
001571,嘉合磐石A,混合型
001572,嘉合磐石C,混合型
001574,中海混改红利混合A,混合型
001576,国泰智能装备股票A,股票型
001577,嘉实低价策略股票,股票型
001578,博时裕瑞纯债债券,债券型
001579,国泰大农业股票A,股票型
001580,南方利安C,混合型
001581,华安沪港深通精选灵活配置混合A,混合型
001583,安信新常态股票A,股票型
001584,国投瑞银新活力混合A,混合型
001585,国投瑞银新活力混合C,混合型
001588,天弘中证800指数A,指数型
001589,天弘中证800指数C,指数型
001592,天弘创业板ETF联接A,指数型
001593,天弘创业板ETF联接C,指数型
001594,天弘中证银行ETF联接A,指数型
001595,天弘中证银行ETF联接C,指数型
001596,中信保诚新泽混合A,混合型
001601,鑫元鑫新收益灵活配置混合A,混合型
001602,鑫元鑫新收益灵活配置混合C,混合型
001603,易方达安盈回报混合A,混合型
001604,浙商汇金转型升级A,混合型
001605,国富沪港深成长精选股票A,股票型
001606,农银工业4.0混合,混合型
001607,英大策略优选A,混合型
001608,英大策略优选C,混合型
001609,平安鑫享混合A,混合型
001610,平安鑫享混合C,混合型
001613,长城久祥混合A,混合型
001614,东方区域发展混合,混合型
001616,嘉实环保低碳股票,股票型
001617,天弘中证电子ETF联接A,指数型
001618,天弘中证电子ETF联接C,指数型
001619,兴银汇福定开债,债券型
001621,国金金腾通货币C,货币型
001623,兴业国企改革混合A,混合型
001624,兴业添天盈货币A,货币型
001625,兴业添天盈货币B,货币型
001626,国泰央企改革股票A,股票型
001628,招商体育文化休闲股票A,股票型
001629,天弘中证计算机ETF联接A,指数型
001630,天弘中证计算机ETF联接C,指数型
001631,天弘中证食品饮料ETF联接A,指数型
001632,天弘中证食品饮料ETF联接C,指数型
001633,万家瑞祥混合A,混合型
001634,万家瑞祥混合C,混合型
001635,万家瑞益灵活配置混合A,混合型
001636,万家瑞益灵活配置混合C,混合型
001637,嘉实量化精选股票,股票型
001638,前海开源优势蓝筹股票C,股票型
001641,富国绝对收益多策略混合A,混合型
001643,汇丰晋信智造先锋股票A,股票型
001644,汇丰晋信智造先锋股票C,股票型
001645,国泰大健康股票A,股票型
001648,工银新价值灵活配置混合A,混合型
001650,工银丰收回报灵活配置混合A,混合型
001651,工银新蓝筹股票A,股票型
001654,国联安添鑫灵活配置混合C,混合型
001656,农银中国优势灵活配置混合,混合型
001657,长安鑫富领先混合A,混合型
001660,富安达行业轮动混合,混合型
001661,博时信用债纯债债券C,债券型
001662,创金合信沪港深精选混合,混合型
001664,平安鑫安混合A,混合型
001665,平安鑫安混合C,混合型
001666,鹏华添利宝货币A,货币型
001667,南方转型增长混合A,混合型
001668,汇添富全球移动互联混合(QDII)人民币A,QDII
001669,诺安聚鑫宝货币C,货币型
001672,国寿安保智慧生活股票A,股票型
001675,江信同福A,混合型
001676,江信同福C,混合型
001677,中银战略新兴产业股票A,股票型
001678,英大国企改革A,股票型
001679,前海开源中国稀缺资产混合A,混合型
001681,新华积极价值灵活配置混合A,混合型
001682,新华鑫回报混合,混合型
001685,汇添富沪港深新价值股票,股票型
001688,嘉实新起点混合A,混合型
001691,南方香港成长灵活配置混合,QDII
001692,南方国策动力,股票型
001693,招商招利1个月期理财债券C,债券型
001694,华安沪港深外延增长灵活配置混合A,混合型
001695,泓德泓业混合,混合型
001697,大成恒丰宝货币A,货币型
001698,大成恒丰宝货币B,货币型
001699,大成恒丰宝货币E,货币型
001701,国联产业升级混合,混合型
001702,东方创新科技混合,混合型
001703,银华沪港深增长股票A,股票型
001704,国投瑞银进宝灵活配置混合,混合型
001705,泓德战略转型股票,股票型
001706,诺安积极回报混合A,混合型
001707,诺安高端制造股票A,股票型
001708,东兴改革精选混合A,混合型
001709,华富物联世界灵活配置混合A,混合型
001710,安信新趋势混合A,混合型
001711,安信新趋势混合C,混合型
001712,东方红优势精选混合,混合型
001714,工银文体产业股票A,股票型
001715,工银新焦点混合A,混合型
001716,工银新趋势灵活配置混合A,混合型
001717,工银前沿医疗股票A,股票型
001718,工银物流产业股票A,股票型
001719,工银国家战略股票,股票型
001720,工银新增利混合,混合型
001721,工银新增益混合,混合型
001722,工银银和利混合,混合型
001723,华商新动力混合A,混合型
001724,申万菱信多策略灵活配置混合C,混合型
001725,汇添富高端制造股票A,股票型
001726,汇添富新兴消费股票A,股票型
001728,银华战略新兴定开混合,混合型
001731,广发百发大数据价值混合A,混合型
001732,广发百发大数据价值混合E,混合型
001734,广发新锐智选混合A,混合型
001735,广发新锐智选混合E,混合型
001736,圆信永丰优加生活,股票型
001740,光大中国制造2025灵活配置混合A,混合型
001741,广发百发大数据精选混合A,混合型
001742,广发百发大数据精选混合E,混合型
001743,诺安优选回报混合A,混合型
001744,诺安进取回报混合,混合型
001745,易方达瑞富灵活配置混合I,混合型
001746,易方达瑞富灵活配置混合E,混合型
001747,易方达瑞祺混合A,混合型
001748,易方达瑞祺混合C,混合型
001749,招商中国机遇股票A,股票型
001750,景顺长城景瑞收益债券A,债券型
001751,华商信用增强债券A,债券型
001752,华商信用增强债券C,债券型
001753,红土创新新兴产业混合A,混合型
001755,嘉实新思路混合A,混合型
001756,嘉实策略优选混合,混合型
001758,嘉实研究增强混合,混合型
001759,嘉实成长增强混合,混合型
001760,嘉实创新成长混合,混合型
001761,广发安宏回报混合A,混合型
001762,广发安宏回报混合C,混合型
001763,广发多策略混合,混合型
001764,广发沪港深新机遇股票,股票型
001765,前海开源嘉鑫混合A,混合型
001766,摩根医疗健康股票A,股票型
001770,前海开源嘉鑫混合C,混合型
001775,鹏华弘泰C,混合型
001776,中欧兴利债券A,债券型
001780,诺安改革趋势灵活配置混合,混合型
001782,九泰久益混合A,混合型
001783,兴银合盈债券A,债券型
001784,兴银合盈债券C,债券型
001785,民生加银岁岁增利债券D,债券型
001789,国泰量化收益灵活配置混合A,混合型
001790,国泰智能汽车股票A,股票型
001791,大成绝对收益策略混合A,混合型
001792,大成绝对收益策略混合C,混合型
001794,兴银朝阳A,债券型
001796,汇添富安鑫智选混合A,混合型
001797,国新国证新利混合A,混合型
001798,泰康新回报灵活配置混合A,混合型
001799,泰康新回报灵活配置混合C,混合型
001800,华安新乐享灵活配置混合A,混合型
001801,汇添富达欣混合A,混合型
001802,易方达瑞财混合I,混合型
001803,易方达瑞财混合E,混合型
001806,易方达瑞智灵活配置混合I,混合型
001807,易方达瑞智灵活配置混合E,混合型
001808,银华互联网主题灵活配置混合A,混合型
001809,中信建投智信物联网A,混合型
001810,中欧潜力价值灵活配置混合A,混合型
001811,中欧明睿新常态混合A,混合型
001812,嘉实货币E,货币型
001815,华泰柏瑞激励动力混合A,混合型
001816,汇添富新睿精选混合A,混合型
001817,易方达瑞兴灵活配置混合I,混合型
001818,易方达瑞兴灵活配置混合E,混合型
001819,兴全稳益定开债发起式,债券型
001820,兴全天添益货币A,货币型
001821,兴全天添益货币B,货币型
001822,华商智能生活灵活配置混合A,混合型
001825,建信中国制造2025股票A,股票型
001826,国寿安保增金宝货币A,货币型
001827,富国研究优选沪港深灵活配置混合A,混合型
001829,华银中国智造主题灵活配置,混合型
001830,融通跨界成长灵活配置混合,混合型
001831,融通跨界成长灵活配置混合(后端),混合型
001832,易方达瑞恒灵活配置混合,混合型
001834,长盛战略新兴产业混合C,混合型
001835,易方达瑞祥混合A,混合型
001836,易方达瑞祥混合C,混合型
001837,前海开源沪港深蓝筹精选混合A,混合型
001838,国投瑞银国家安全混合A,混合型
001842,九泰日添金货币A,货币型
001843,九泰日添金货币B,货币型
001844,九泰久益混合C,混合型
001849,前海开源强势共识100强股票,股票型
001850,国泰安益灵活配置混合A,混合型
001852,融通中国风1号灵活配置混合A/B,混合型
001853,融通中国风1号灵活配置混合A/B(后端),混合型
001856,易方达环保主题混合A,混合型
001857,易方达现代服务业混合,混合型
001858,建信鑫利灵活配置混合A,混合型
001861,富安达健康人生混合A,混合型
001862,东方红收益增强债券A,债券型
001863,东方红收益增强债券C,债券型
001864,中海魅力长三角混合,混合型
001865,前海开源事件驱动混合C,混合型
001867,诺安聚鑫宝货币D,货币型
001868,招商产业债券C,债券型
001869,招商制造业混合A,混合型
001870,前海开源货币A,货币型
001871,前海开源货币B,货币型
001874,前海开源沪港深价值精选混合,混合型
001875,前海开源沪港深优势精选混合A,混合型
001876,鹏华全球高收益债美元现汇,QDII
001877,宝盈国家安全沪港深股票A,股票型
001878,嘉实沪港深精选股票,股票型
001879,长城创业板指数增强A,指数型
001880,长城中国智造灵活配置混合A,混合型
001881,中欧新趋势混合E,混合型
001882,中欧价值发现混合E,混合型
001883,中欧新动力混合(LOF)E,混合型
001884,中欧互通精选混合E,混合型
001885,中欧新蓝筹混合E,混合型
001886,中欧行业成长混合(LOF)E,混合型
001887,中欧价值智选混合E,混合型
001888,中欧盛世成长混合(LOF)E,混合型
001889,中欧增强回报债券(LOF)E,债券型
001890,中欧精选定期开放混合E,混合型
001891,中欧成长优选混合E,混合型
001892,长盛新兴成长混合,混合型
001893,华宝添益B,货币型
001894,宏利活期友货币A,货币型
001895,宏利活期友货币B,货币型
001897,九泰久盛量化先锋混合A,混合型
001898,易方达大健康混合,混合型
001899,东海社会安全,指数型
001900,诺安精选价值混合A,混合型
001901,前海开源沪港深隆鑫混合A,混合型
001902,前海开源沪港深隆鑫混合C,混合型
001903,光大欣鑫混合A,混合型
001904,光大欣鑫混合C,混合型
001905,华安安益灵活配置混合A,混合型
001906,东方红6个月定开债,债券型
001907,国投瑞银境煊灵活配置混合A,混合型
001908,国投瑞银境煊灵活配置混合C,混合型
001909,创金合信货币A,货币型
001910,泰康新机遇混合,混合型
001911,博时裕恒纯债债券A,债券型
001914,中信建投聚利混合A,混合型
001915,宝盈医疗健康沪港深股票A,股票型
001916,新沃通宝A,货币型
001917,招商量化精选股票A,股票型
001918,圆信永丰兴利A,债券型
001919,圆信永丰兴利C,债券型
001922,国泰多策略收益灵活配置混合A,混合型
001924,华夏国企改革混合,混合型
001925,兴业鑫天盈货币A,货币型
001926,兴业鑫天盈货币B,货币型
001927,华夏消费升级灵活配置混合A,混合型
001928,华夏消费升级灵活配置混合C,混合型
001929,华夏收益宝货币A,货币型
001930,华夏收益宝货币B,货币型
001931,国寿安保鑫钱包货币A,货币型
001933,华商新兴活力混合,混合型
001937,兴银现金增利货币,货币型
001938,中欧时代先锋股票A,股票型
001940,农银现代农业加,混合型
001941,融通通源短融债券B,债券型
001942,前海开源沪港深汇鑫混合A,混合型
001943,前海开源沪港深汇鑫混合C,混合型
001945,东方红信用债债券A,债券型
001946,东方红信用债债券C,债券型
001950,鹏华丰泰定开债B,债券型
001951,金鹰改革红利混合,混合型
001955,中欧养老产业混合A,混合型
001956,国联安科技动力,股票型
001957,嘉合磐通债券A,债券型
001958,嘉合磐通债券C,债券型
001959,华商乐享互联灵活配置混合A,混合型
001960,兴银瑞益,债券型
001961,博时裕荣纯债债券A,债券型
001964,诺安泰鑫一年定期开放债券C,债券型
001965,圆信永丰兴源灵活配置混合A,混合型
001966,圆信永丰兴源灵活配置混合C,混合型
001968,光大尊盈半年定开债A,债券型
001969,光大尊盈半年定开债C,债券型
001970,泰信鑫选灵活配置混合A,混合型
001972,前海开源沪港深智慧生活混合,混合型
001973,光大保德信耀钱包货币A,货币型
001974,景顺长城量化新动力股票A,股票型
001975,景顺长城环保优势股票,股票型
001976,海富通一年定开债C,债券型
001978,泰信互联网+主题混合A,混合型
001980,中欧量化驱动混合A,混合型
001981,富国收益宝交易型货币A,货币型
001982,富国收益宝交易型货币B,货币型
001983,中邮低碳配置混合,混合型
001984,摩根中国生物医药混合(QDII)A,QDII
001985,富国低碳新经济混合A,混合型
001986,前海开源人工智能主题混合A,混合型
001987,东方金元宝货币A,货币型
001988,南方纯元A,债券型
001989,南方纯元C,债券型
001990,中欧数据挖掘多因子混合A,混合型
001991,农银天天利货币A,货币型
001992,农银天天利货币B,货币型
001993,博时裕泰纯债债券,债券型
001994,华安年年红债券C,债券型
001997,工银新趋势灵活配置混合C,混合型
001998,工银新焦点混合C,混合型
002000,工银新生利混合,混合型
002001,华夏回报混合A,混合型
002002,华夏回报混合A(后端),混合型
002003,工银新机遇灵活配置混合A,混合型
002004,工银新机遇灵活配置混合C,混合型
002005,工银新得利混合,混合型
002006,工银新得益混合,混合型
002009,中欧瑾通灵活配置混合A,混合型
002010,中欧瑾通灵活配置混合C,混合型
002011,华夏红利混合,混合型
002012,华夏红利混合(后端),混合型
002015,南方荣光A,混合型
002016,南方荣光C,混合型
002017,招商瑞丰灵活配置混合发起式C,混合型
002018,鹏华弘安混合A,混合型
002019,鹏华弘安混合C,混合型
002020,国都创新驱动,混合型
002021,华夏回报二号混合,混合型
002025,广发聚盛混合A,混合型
002026,广发聚盛混合C,混合型
002027,中加心享混合A,混合型
002028,九泰天宝灵活配置混合C,混合型
002030,中信保诚新选混合B,混合型
002031,华夏策略混合,混合型
002035,安信平稳增长混合发起C,混合型
002036,安信优势增长混合C,混合型
002043,天治研究驱动混合C,混合型
002046,中信保诚新锐混合B,混合型
002049,融通新机遇灵活配置混合,混合型
002050,融通新机遇灵活配置混合(后端),混合型
002051,诺安创新驱动混合C,混合型
002052,诺安稳健回报混合C,混合型
002053,诺安优势行业混合C,混合型
002054,中银新财富混合A,混合型
002055,国泰兴益灵活配置混合C,混合型
002056,中银新财富混合C,混合型
002057,中银新机遇混合A,混合型
002058,中银新机遇混合C,混合型
002059,国泰浓益灵活配置混合C,混合型
002060,东方新策略灵活配置混合C,混合型
002061,国泰安康定期支付混合C,混合型
002062,国泰国策驱动灵活配置混合C,混合型
002063,国泰沪深300指数增强C,指数型
002064,华富产业升级灵活配置混合A,混合型
002065,景顺长城景盛双息收益债券A,债券型
002066,景顺长城景盛双息收益债券C,债券型
002067,诺安精选回报混合A,混合型
002071,长安产业精选混合C,混合型
002072,长安鑫利优选混合C,混合型
002073,圆信永丰兴融A,债券型
002074,圆信永丰兴融C,债券型
002076,浙商中证500增强A,指数型
002077,浙商日添利A,货币型
002078,浙商日添利B,货币型
002079,前海开源中国稀缺资产混合C,混合型
002080,前海开源一带一路混合C,混合型
002082,华泰柏瑞激励动力混合C,混合型
002083,新华鑫动力灵活配置混合A,混合型
002084,新华鑫动力灵活配置混合C,混合型
002085,长盛互联网+混合A,混合型
002086,大成景安短融债券E,债券型
002087,国富新机遇混合A,混合型
002088,国富新机遇混合C,混合型
002091,华泰柏瑞新利混合C,混合型
002095,博时新收益A,混合型
002096,博时新收益C,混合型
002101,创金合信转债精选债券A,债券型
002102,创金合信转债精选债券C,债券型
002103,招商康泰灵活配置混合,混合型
002106,德邦福鑫灵活配置混合C,混合型
002109,博时裕丰纯债3个月定开债,债券型
002112,德邦鑫星价值灵活配置混合C,混合型
002116,广发安享混合A,混合型
002117,广发安享混合C,混合型
002118,广发安盈混合A,混合型
002119,广发安盈混合C,混合型
002120,广发安悦回报混合A,混合型
002121,广发沪港深新起点股票A,股票型
002123,华银外延增长主题灵活配置,混合型
002124,广发新兴产业混合A,混合型
002125,广发新兴成长混合A,混合型
002128,广发鑫惠纯债定开,债券型
002132,广发鑫享灵活配置混合A,混合型
002133,广发鑫益混合,混合型
002134,广发鑫裕混合A,混合型
002135,广发鑫源混合A,混合型
002136,广发鑫源混合C,混合型
002137,诺安利鑫灵活配置混合A,混合型
002138,泓德裕泰债券A,债券型
002139,泓德裕泰债券C,债券型
002140,博时裕诚纯债债券A,债券型
002142,博时外延增长混合A,混合型
002143,博时裕坤3个月定开债,债券型
002144,华安新优选灵活配置混合C,混合型
002145,诺安景鑫灵活配置混合,混合型
002146,长安鑫益增强混合A,混合型
002147,长安鑫益增强混合C,混合型
002148,国寿安保稳惠混合,混合型
002149,嘉实新优选混合,混合型
002152,华宝核心优势混合A,混合型
002156,长盛盛世混合A,混合型
002157,长盛盛世混合C,混合型
002158,汇添富安鑫智选混合C,混合型
002159,东吴国企改革主题灵活配置混合A,混合型
002160,南方驱动混合,混合型
002161,银华万物互联灵活配置混合,混合型
002163,东方惠新灵活配置混合C,混合型
002164,汇添富新睿精选混合C,混合型
002165,汇添富达欣混合C,混合型
002166,华夏永福混合C,混合型
002168,嘉实智能汽车股票,股票型
002169,永赢稳益债券,债券型
002170,东吴移动互联混合C,混合型
002172,海富通新内需混合C,混合型
002174,东方互联网嘉混合,混合型
002175,博时裕乾纯债债券A,债券型
002176,华商双翼平衡混合C,混合型
002177,中信保诚新泽混合B,混合型
002178,嘉实新起点混合C,混合型
002179,华安事件驱动量化混合A,混合型
002181,华安大安全主题混合A,混合型
002182,东兴蓝海财富混合A,混合型
002183,广发天天红货币B,货币型
002184,泓德泓利货币A,货币型
002185,泓德泓利货币B,货币型
002186,国联安鑫享灵活配置混合C,混合型
002188,鹏华丰华债券,债券型
002189,农银汇理国企改革混合,混合型
002190,农银新能源主题A,混合型
002195,中银机构现金管理货币A,货币型
002196,金鹰技术领先灵活配置混合C,混合型
002197,国泰鑫策略价值灵活配置混合A,混合型
002198,博时裕达纯债债券A,债券型
002199,前海开源中证军工指数C,指数型
002200,大成慧成货币A,货币型
002201,大成慧成货币B,货币型
002202,大成慧成货币E,货币型
002206,博时裕康纯债债券A,债券型
002207,前海开源金银珠宝混合C,混合型
002210,创金合信量化多因子股票A,股票型
002211,嘉实新财富混合A,混合型
002212,嘉实新起航混合A,混合型
002213,中海顺鑫灵活配置混合,混合型
002214,中海沪港深价值优选混合A,混合型
002216,易方达量化策略A,混合型
002217,易方达量化策略C,混合型
002218,南方弘利定开债,债券型
002222,嘉实新趋势混合A,混合型
002224,中邮绝对收益策略定期开放混合,混合型
002227,长城新优选混合A,混合型
002228,长城新优选混合C,混合型
002229,华夏经济转型股票,股票型
002230,华夏大中华混合(QDII),QDII
002233,工银丰收回报灵活配置混合C,混合型
002234,泰信天天收益货币B,货币型
002235,泰信天天收益货币E,货币型
002236,大成360互联网+大数据100A,指数型
002243,东方金证通货币A,货币型
002244,景顺长城低碳科技主题混合,混合型
002245,泰康稳健增利债券A,债券型
002246,泰康稳健增利债券C,债券型
002247,新疆前海联合海盈货币A,货币型
002248,新疆前海联合海盈货币B,货币型
002249,招商境远灵活配置混合,混合型
002251,华夏军工安全混合A,混合型
002252,融通成长30灵活配置混合A,混合型
002253,融通成长30灵活配置混合A(后端),混合型
002254,长信金葵纯债一年定开债券A,债券型
002255,长信金葵纯债一年定开债券C,债券型
002256,金信行业优选混合发起式A,混合型
002258,大成国企改革灵活配置混合A,混合型
002259,鹏华健康环保混合,混合型
002260,中信建投添鑫宝A,货币型
002264,华夏乐享健康混合A,混合型
002265,鑫元兴利定期开放债,债券型
002268,兴业丰利债券A,债券型
002269,银华大数据灵活配置定开混合,混合型
002270,东吴安盈量化混合A,混合型
002271,招商安弘灵活配置混合A,混合型
002272,新华科技创新主题灵活配置混合,混合型
002273,宏利创益混合B,混合型
002274,中邮纯债聚利债券A,债券型
002275,中邮纯债聚利债券C,债券型
002276,中邮纯债恒利债券A,债券型
002277,中邮纯债恒利债券C,债券型
002279,浙商惠盈纯债A,债券型
002280,华富安享债券A,债券型
002281,建信裕利灵活配置混合,混合型
002282,平安安享灵活配置混合A,混合型
002286,中银美元债债券(QDII)人民币A,QDII
002287,中银美元债债券(QDII)美元,QDII
002288,中银稳进策略混合A,混合型
002289,华商改革创新股票A,股票型
002291,诺安安鑫灵活配置混合,混合型
002292,诺安益鑫灵活配置混合A,混合型
002293,南方益和混合,混合型
002295,广发稳安灵活配置A,混合型
002296,长城行业轮动混合A,混合型
002298,招商招福宝货币A,货币型
002299,招商招福宝货币B,货币型
002300,长盛医疗量化股票A,股票型
002301,兴业短债债券A,债券型
002302,新沃通宝B,货币型
002303,金鹰智慧生活混合A,混合型
002304,平安安心灵活配置混合A,混合型
002305,光大风格轮动混合A,混合型
002307,银华多元视野灵活配置混合,混合型
002310,创金合信沪深300指数增强A,指数型
002311,创金合信中证500指数增强A,指数型
002313,宏利新起点混合B,混合型
002315,创金合信沪深300指数增强C,指数型
002316,创金合信中证500指数增强C,指数型
002317,招商睿逸混合,混合型
002318,鹏华添利交易型货币A,货币型
002319,大成一带一路灵活配置混合A,混合型
002322,银华汇利灵活配置混合C,混合型
002323,银华稳利灵活配置混合C,混合型
002324,南方日添益A,货币型
002325,南方日添益E,货币型
002326,银华聚利灵活配置混合C,混合型
002328,银华泰利灵活配置混合C,混合型
002331,泰康安泰回报混合,混合型
002332,汇丰晋信沪港深A,股票型
002333,汇丰晋信沪港深C,股票型
002334,汇丰晋信大盘波动股票A,股票型
002335,汇丰晋信大盘波动股票C,股票型
002336,创金合信尊享纯债债券A,债券型
002337,创金合信季安鑫3个月A,债券型
002338,兴业优债增利债券A,债券型
002339,海富通安颐收益混合C,混合型
002340,富国价值优势混合A,混合型
002341,招商招瑞纯债发起式A,债券型
002342,融通增益债券A/B,债券型
002343,融通增益债券A/B(后端),债券型
002344,融通增益债券C,债券型
002345,华夏高端制造混合A,混合型
002350,华安安华灵活配置混合A,混合型
002351,易方达裕祥回报债券A,债券型
002354,博时裕腾纯债债券A,债券型
002358,国投瑞银瑞祥A,混合型
002360,前海开源清洁能源混合C,混合型
002361,国富恒瑞债券A,债券型
002362,国富恒瑞债券C,债券型
002363,华安安康灵活配置混合A,混合型
002364,华安安康灵活配置混合C,混合型
002367,国联安安稳混合,混合型
002376,国寿安保核心产业混合,混合型
002377,建信睿怡纯债A,债券型
002378,建信弘利灵活配置混合A,混合型
002379,工银香港中小盘人民币,QDII
002380,工银香港中小盘美元,QDII
002381,东海祥瑞A,债券型
002382,东海祥瑞C,债券型
002383,大成趋势回报灵活配置混合A,混合型
002385,博时沪深300指数C,指数型
002387,工银沪港深股票A,股票型
002388,天弘裕利灵活配置混合A,混合型
002389,招商安德灵活配置混合A,混合型
002390,招商安德灵活配置混合C,混合型
002391,华安全球美元收益债人民币A,QDII
002392,华安全球美元收益债美元现汇A,QDII
002393,华安全球美元收益债C,QDII
002395,鹏华丰尚定开债A,债券型
002396,鹏华丰尚定开债B,债券型
002400,南方亚洲美元收益债券(QDII)A(人民币),QDII
002401,南方亚洲美元收益债券(QDII)C(人民币),QDII
002402,南方亚洲美元收益债券(QDII)A(美元现汇),QDII
002403,南方亚洲美元收益债券(QDII)C(美元现汇),QDII
002404,博时裕乾纯债债券C,债券型
002405,光大中高等级债券A,债券型
002406,光大中高等级债券C,债券型
002407,前海开源恒远灵活配置混合,混合型
002408,中信建投医改混合A,混合型
002411,华夏新机遇混合A,混合型
002412,华富安福债券A,债券型
002415,融通通盈灵活配置混合,混合型
002416,招商丰利灵活配置混合C,混合型
002417,招商丰盛稳定增长混合C,混合型
002418,汇添富优选回报混合C,混合型
002419,汇添富创新活力混合A,混合型
002420,汇添富盈鑫混合A,混合型
002423,华宝标普美国消费美元,指数型
002425,金鹰元禧混合C,混合型
002426,华安全球美元票息债人民币A,QDII
002427,华安全球美元票息债美元现汇A,QDII
002429,华安全球美元票息债C,QDII
002438,创金合信尊盛纯债债券A,债券型
002441,德邦新添利债券C,债券型
002442,鑫元汇利债券,债券型
002443,前海开源沪港深龙头精选混合A,混合型
002445,兴业丰泰债券A,债券型
002446,广发利鑫灵活配置混合A,混合型
002448,江信汇福,债券型
002449,民生加银量化中国混合A,混合型
002450,平安睿享文娱混合A,混合型
002451,平安睿享文娱混合C,混合型
002452,民生加银和鑫定开债,债券型
002455,民生加银鑫喜混合A,混合型
002456,招商安元灵活配置混合A,混合型
002457,招商安元灵活配置混合C,混合型
002458,国泰民利策略收益混合,混合型
002459,华夏鼎利债券发起式A,债券型
002460,华夏鼎利债券发起式C,债券型
002461,中银珍利混合A,混合型
002462,中银珍利混合C,混合型
002466,博时裕新纯债债券A,债券型
002469,华泰柏瑞交易货币B,货币型
002472,光大先进服务业混合A,混合型
002474,中邮睿信增强债券A,债券型
002482,宝盈互联网沪港深混合,混合型
002483,富国泰利定开债发起式,债券型
002485,国联安通盈混合C,混合型
002486,上银慧添利债券,债券型
002487,汇添富稳添利定期开放债券A,债券型
002488,汇添富稳添利定期开放债券C,债券型
002489,国泰民福策略价值混合A,混合型
002490,金鹰元祺债券A,债券型
002491,银华添益定期开放债券A,债券型
002492,工银月月薪定期支付债券C,债券型
002494,兴业聚盈混合A,混合型
002495,前海开源量化优选A,混合型
002496,前海开源量化优选C,混合型
002497,东方盛世灵活配置混合A,混合型
002498,兴业聚鑫灵活配置混合A,混合型
002501,银华远景债券A,债券型
002504,鹏华永达中短债6个月定开债券A,债券型
002505,鹏华永达中短债6个月定开债券C,债券型
002507,兴业定开债C,债券型
002510,申万菱信中证500指数增强A,指数型
002512,长城久润混合A,混合型
002513,金鹰元安混合C,混合型
002514,招商丰益混合A,混合型
002515,招商丰益混合C,混合型
002518,民生加银鑫福混合A,混合型
002519,博时裕景纯债债券B,债券型
002520,招商招瑞纯债发起式C,债券型
002521,永赢双利债券A,债券型
002522,永赢双利债券C,债券型
002523,光大恒利纯债债券A,债券型
002524,兴业福益债券A,债券型
002528,泰康安益纯债A,债券型
002529,泰康安益纯债C,债券型
002533,中加心享混合C,混合型
002534,华安稳固收益债券A,债券型
002535,中银鑫利混合A,混合型
002536,中银鑫利混合C,混合型
002537,平安安盈灵活配置混合A,混合型
002542,长城久鼎混合A,混合型
002543,长城久益混合A,混合型
002544,长城久益混合C,混合型
002545,东方岳灵活配置混合,混合型
002546,泰康薪意保货币E,货币型
002547,民生加银养老服务混合,混合型
002548,嘉实稳瑞纯债债券,债券型
002549,嘉实稳祥纯债债券A,债券型
002550,嘉实稳荣债券,债券型
002552,华夏恒利定开债,债券型
002553,博时创业成长混合C,混合型
002555,博时沪港深优质企业基金C,混合型
002556,博时丝路主题股票C,股票型
002560,诺安和鑫混合A,混合型
002561,东吴安鑫量化混合A,混合型
002562,泓德泓益量化混合A,混合型
002563,泓德泓汇混合,混合型
002564,新沃通盈灵活配置混合,混合型
002567,大成国家安全主题灵活配置混合A,混合型
002568,博时裕发纯债债券A,债券型
002569,博时裕弘纯债债券A,债券型
002573,建信汇利灵活配置混合,混合型
002574,招商瑞庆混合A,混合型
002577,南方新兴龙头灵活配置混合,混合型
002578,博时裕泉纯债债券A,债券型
002580,泰信鑫选灵活配置混合C,混合型
002581,招商丰凯混合A,混合型
002582,招商丰凯混合C,混合型
002583,泰信行业精选混合C,混合型
002584,富安达长盈灵活配置混合A,混合型
002585,建信兴利灵活配置混合A,混合型
002586,金鹰添利信用债债券A,债券型
002587,金鹰添利信用债债券C,债券型
002592,中欧纯债债券(LOF)E,债券型
002593,富国美丽中国混合A,混合型
002594,工银现代服务业混合A,混合型
002595,博时工业4.0主题股票,股票型
002597,兴业成长动力混合A,混合型
002598,平安消费精选混合A,混合型
002599,平安消费精选混合C,混合型
002600,易方达裕景添利6个月定开债,债券型
002601,中银证券价值精选混合,混合型
002602,易方达丰惠混合,混合型
002603,工银瑞丰半年定开债发起式,债券型
002604,华夏新起点混合A,混合型
002605,融通新消费灵活配置混合,混合型
002606,融通新消费灵活配置混合(后端),混合型
002610,博时黄金ETF联接A,指数型
002611,博时黄金ETF联接C,指数型
002612,融通通慧混合A/B,混合型
002613,融通通慧混合A/B(后端),混合型
002614,中银颐利混合A,混合型
002615,中银颐利混合C,混合型
002620,中邮未来新蓝筹混合,混合型
002621,中欧消费主题股票A,股票型
002622,广发稳裕混合A,混合型
002624,广发优企精选混合A,混合型
002625,博时安怡6个月定开债A,债券型
002628,招商安博灵活配置混合A,混合型
002629,招商安博灵活配置混合C,混合型
002630,江信瑞福灵活配置混合A,混合型
002631,江信瑞福灵活配置混合C,混合型
002632,鑫元双债增强债券A,债券型
002633,鑫元双债增强债券C,债券型
002635,融通增鑫债券A,债券型
002636,广发集裕债券A,债券型
002637,广发集裕债券C,债券型
002638,兴业天融债券A,债券型
002639,天弘价值精选混合发起A,混合型
002640,中信建投睿溢混合A,混合型
002644,大成景荣债券A,债券型
002645,大成景荣债券C,债券型
002646,中科沃土货币A,货币型
002647,中科沃土货币B,货币型
002649,民生智造2025灵活配置混合,混合型
002650,东方红稳添利纯债A,债券型
002651,东方红汇利债券A,债券型
002652,东方红汇利债券C,债券型
002653,泰康沪港深精选混合,混合型
002656,南方创业板ETF联接A,指数型
002657,招商安裕灵活配置混合A,混合型
002658,招商安裕灵活配置混合C,混合型
002659,兴业中债1-3政策性金融债A,指数型
002660,兴业聚源混合A,混合型
002661,兴业天禧债券A,债券型
002662,前海开源沪港深大消费混合A,混合型
002663,前海开源沪港深大消费混合C,混合型
002664,万家瑞和灵活配置混合A,混合型
002665,万家瑞和灵活配置混合C,混合型
002666,前海开源沪港深创新成长混合A,混合型
002667,前海开源沪港深创新成长混合C,混合型
002668,兴业聚丰混合A,混合型
002669,华商万众创新混合A,混合型
002670,万家沪深300指数增强A,指数型
002671,万家沪深300指数增强C,指数型
002672,诺德货币A,货币型
002673,诺德货币B,货币型
002679,工银安盈货币A,货币型
002680,工银安盈货币B,货币型
002681,金鹰元和灵活配置混合A,混合型
002682,金鹰元和灵活配置混合C,混合型
002683,民生加银前沿科技灵活配置混合,混合型
002685,中欧丰泓沪港深混合A,混合型
002686,中欧丰泓沪港深混合C,混合型
002688,红塔红土长益定开债A,债券型
002689,红塔红土长益定开债C,债券型
002690,前海开源恒泽混合A,混合型
002691,前海开源恒泽混合C,混合型
002692,富国创新科技混合A,混合型
002697,中欧消费主题股票C,股票型
002698,博时裕利纯债债券A,债券型
002701,东方红汇阳债券A,债券型
002702,东方红汇阳债券C,债券型
002703,长城久源灵活配置混合A,混合型
002704,德邦锐兴债券A,债券型
002705,德邦锐兴债券C,债券型
002707,大摩科技领先混合A,混合型
002708,大摩健康产业混合A,混合型
002709,红塔红土人人宝货币A,货币型
002710,红塔红土人人宝货币B,货币型
002711,广发集丰债券A,债券型
002712,广发集丰债券C,债券型
002714,鹏华金城混合D,混合型
002716,博时裕通定开债A,债券型
002717,红塔红土盛隆灵活配置A,混合型
002718,红塔红土盛隆灵活配置C,混合型
002720,国寿安保尊利增强回报债券A,债券型
002721,国寿安保尊利增强回报债券C,债券型
002722,工银财富货币B,货币型
002723,江信祺福A,债券型
002724,江信祺福C,债券型
002728,华富益鑫灵活配置混合A,混合型
002729,华富益鑫灵活配置混合C,混合型
002733,上银慧盈利货币B,货币型
002734,泓德裕荣纯债债券A,债券型
002735,泓德裕荣纯债债券C,债券型
002736,泓德裕和纯债债券A,债券型
002737,泓德裕和纯债债券C,债券型
002738,泓德裕康债券A,债券型
002739,泓德裕康债券C,债券型
002742,泓德裕祥债券A,债券型
002743,泓德裕祥债券C,债券型
002745,华银丰利,混合型
002746,汇添富多策略定开混合,混合型
002747,中欧货币C,货币型
002748,中欧货币D,货币型
002749,嘉实稳盛债券,债券型
002750,工银泰享三年理财债券,债券型
002753,建信嘉薪宝货币B,货币型
002754,博时裕创纯债债券A,债券型
002755,博时裕盛纯债债券A,债券型
002756,招商招兴3个月定开A,债券型
002757,招商招兴3个月定开C,债券型
002758,建信现金增利货币A,货币型
002759,东兴安盈宝A,货币型
002760,东兴安盈宝B,货币型
002765,新华双利债券A,债券型
002766,新华双利债券C,债券型
002767,泰康宏泰回报混合A,混合型
002768,华安安进灵活配置混合发起式A,混合型
002769,兴业短债债券C,债券型
002770,安信新回报混合A,混合型
002771,安信新回报混合C,混合型
002772,光大产业新动力混合A,混合型
002775,博时景兴纯债债券,债券型
002776,招商安荣混合A,混合型
002777,招商安荣混合C,混合型
002778,新疆前海联合新思路混合A,混合型
002779,新疆前海联合新思路混合C,混合型
002780,前海联合泓鑫混合A,混合型
002781,博时聚瑞6个月定开债,债券型
002783,东方红价值精选混合A,混合型
002784,东方红价值精选混合C,混合型
002788,融通现金宝货币A,货币型
002792,景顺长城顺益回报混合A,混合型
002793,景顺长城顺益回报混合C,混合型
002794,天弘永利债券E,债券型
002795,平安惠盈纯债A,债券型
002796,景顺长城景盈双利债券A,债券型
002797,景顺长城景盈双利债券C,债券型
002801,泓德泓信混合,混合型
002802,广发成长智选混合A,混合型
002803,东方红沪港深混合,混合型
002804,华泰柏瑞量化对冲,混合型
002805,浙商汇金聚利一年定开债A,债券型
002806,浙商汇金聚利一年定开债C,债券型
002807,融通通安债券,债券型
002808,泓德优势领航混合,混合型
002810,金信转型创新成长混合发起式A,混合型
002811,博时裕顺纯债债券A,债券型
002812,博时裕通定开债C,债券型
002817,招商招恒纯债A,债券型
002818,招商招恒纯债C,债券型
002819,招商丰美混合A,混合型
002820,招商丰美混合C,混合型
002825,融通通和债券A,债券型
002826,中银永利半年定开债,债券型
002828,南方现金增利货币E,货币型
002829,南方现金增利货币F,货币型
002832,工银恒享纯债债券A,债券型
002833,华夏新锦绣混合A,混合型
002834,华夏新锦绣混合C,混合型
002837,华夏网购精选混合A,混合型
002838,华夏新锦程混合A,混合型
002839,华夏新锦程混合C,混合型
002844,金鹰多元策略混合A,混合型
002846,泓德泓华混合,混合型
002847,天弘现金管家货币E,货币型
002849,金信智能中国2025混合A,混合型
002851,南方品质优选灵活配置混合A,混合型
002852,招商财富宝交易型货币A,货币型
002855,博时现金宝货币C,货币型
002860,前海开源沪港深新机遇混合A,混合型
002861,工银智能制造股票A,股票型
002862,金信量化精选混合A,混合型
002863,金信深圳成长混合A,混合型
002864,广发安泽短债债券A,债券型
002865,广发安泽短债债券C,债券型
002868,鹏华丰茂债券,债券型
002869,融通通裕定开债,债券型
002871,华夏智胜价值成长A,股票型
002872,华夏智胜价值成长C,股票型
002877,华夏大中华信用债A,QDII
002878,华夏大中华信用债美元现汇A,QDII
002879,华夏大中华信用债美元现钞A,QDII
002880,华夏大中华信用债C,QDII
002881,中加丰润纯债债券A,债券型
002882,中加丰润纯债债券C,债券型
002883,华润元大现金通货币A,货币型
002884,华润元大现金通货币B,货币型
002885,大摩万众创新混合A,混合型
002889,交银天利宝货币A,货币型
002890,交银天利宝货币E,货币型
002891,华夏移动互联混合人民币,QDII
002892,华夏移动互联混合美元现汇,QDII
002893,华夏移动互联混合美元现钞,QDII
002894,华夏天利货币A,货币型
002895,华夏天利货币B,货币型
002898,富国两年期理财债券A,债券型
002899,富国两年期理财债券C,债券型
002900,南方中证500信息技术联接A,指数型
002901,财通资管积极收益债券A,债券型
002902,财通资管积极收益债券C,债券型
002903,广发中证500ETF联接C,指数型
002904,博时安仁一年定开发起式债券A,债券型
002905,博时安仁一年定开发起式债券C,债券型
002906,南方中证500量化增强A,指数型
002907,南方中证500量化增强C,指数型
002908,富国睿利定开混合发起A,混合型
002910,易方达供给改革混合,混合型
002912,兴业稳天盈货币A,货币型
002915,鑫元裕利A,债券型
002917,嘉实活钱包货币E,货币型
002918,交银现金宝货币E,货币型
002919,东吴智慧医疗量化混合A,混合型
002920,中欧短债债券A,债券型
002923,兴业聚惠混合C,混合型
002924,华商瑞鑫定开债,债券型
002925,广发集源债券A,债券型
002926,广发集源债券C,债券型
002927,长盛盛和纯债A,债券型
002928,长盛盛和纯债C,债券型
002929,博时聚盈纯债债券,债券型
002930,博时聚润纯债债券A,债券型
002932,圆信永丰强化收益A,债券型
002933,圆信永丰强化收益C,债券型
002934,泰康恒泰回报混合A,混合型
002935,泰康恒泰回报混合C,混合型
002936,华夏沃利货币A,货币型
002937,华夏沃利货币B,货币型
002938,中银证券健康产业混合,混合型
002939,广发创新升级混合,混合型
002943,广发多因子混合,混合型
002945,大成盛世精选混合A,混合型
002946,大成景盛一年定开债A,债券型
002947,大成景盛一年定开债C,债券型
002952,建信多因子量化股票,股票型
002955,融通新趋势灵活配置混合,混合型
002956,融通新趋势灵活配置混合(后端),混合型
002957,财通财通宝货币A,货币型
002958,财通财通宝货币B,货币型
002959,汇添富盈泰混合,混合型
002960,博时合利货币B,货币型
002961,中欧双利债券A,债券型
002962,中欧双利债券C,债券型
002963,易方达黄金ETF联接C,指数型
002964,国投瑞银顺鑫定开,债券型
002965,中海合嘉增强收益债券A,债券型
002966,中海合嘉增强收益债券C,债券型
002967,浙商大数据智选消费混合A,混合型
002969,易方达丰和债券A,债券型
002970,博时裕昂纯债债券A,债券型
002971,前海开源鼎安债券A,债券型
002972,前海开源鼎安债券C,债券型
002974,广发信息技术联接C,指数型
002977,广发中证全指可选消费联接C,指数型
002978,广发医药卫生联接C,指数型
002979,广发中证全指金融地产联接C,指数型
002980,华夏创新前沿股票A,股票型
002982,广发养老指数C,指数型
002983,长信国防军工量化混合A,混合型
002984,广发中证环保ETF联接C,指数型
002985,中银季季红定开债,债券型
002986,泰康丰盈债券A,债券型
002987,广发沪深300ETF联接C,指数型
002988,平安鼎信债券A,债券型
002989,融通通乾研究精选灵活配置混合A,混合型
002991,嘉实稳鑫纯债债券,债券型
002994,招商招裕纯债A,债券型
002995,招商招裕纯债C,债券型
002996,长信稳健纯债债券A,债券型
002997,工银瑞享纯债债券A,债券型
003002,国金及第中短债债券A,债券型
003003,华夏现金增利货币A/E,货币型
003009,国联盈泽中短债A,债券型
003010,国联盈泽中短债C,债券型
003013,国联恒泰纯债A,债券型
003014,国联恒泰纯债C,债券型
003015,中金沪深300指数增强A,指数型
003016,中金中证500指数增强A,指数型
003017,广发中证军工ETF联接A,指数型
003022,建信现金添益货币A,货币型
003024,平安惠金定开债A,债券型
003025,新华红利回报混合,混合型
003026,安信新价值混合A,混合型
003027,安信新价值混合C,混合型
003028,安信新优选混合A,混合型
003029,安信新优选混合C,混合型
003030,安信新目标混合A,混合型
003031,安信新目标混合C,混合型
003032,平安医疗健康混合A,混合型
003034,平安日鑫A,货币型
003037,广发集瑞债券A,债券型
003038,广发集瑞债券C,债券型
003039,广发集富纯债A,债券型
003040,广发集富纯债C,债券型
003041,鑫元得利债券,债券型
003042,交银活期通货币A,货币型
003043,交银活期通货币E,货币型
003044,东方红战略精选混合A,混合型
003045,东方红战略精选混合C,混合型
003050,农银汇理金丰一年定开债,债券型
003053,嘉实文体娱乐股票A,股票型
003054,嘉实文体娱乐股票C,股票型
003056,嘉实稳泽纯债债券A,债券型
003062,银华通利混合A,混合型
003063,银华通利混合C,混合型
003069,光大创业板量化优选A,股票型
003070,光大创业板量化优选C,股票型
003071,国联睿祥纯债A,债券型
003072,国联睿祥纯债C,债券型
003073,宏利汇利债券A,债券型
003074,宏利汇利债券C,债券型
003075,国联货币E,货币型
003078,泰康安惠纯债债券A,债券型
003081,国联银行间1-3年中高等级信用债指数A,指数型
003082,国联银行间1-3年中高等级信用债指数C,指数型
003092,华商丰利增强定开债A,债券型
003093,华商丰利增强定开债C,债券型
003095,中欧医疗健康混合A,混合型
003096,中欧医疗健康混合C,混合型
003102,长盛盛裕纯债A,债券型
003103,长盛盛裕纯债C,债券型
003105,光大永鑫混合A,混合型
003106,光大永鑫混合C,混合型
003107,光大安祺债券A,债券型
003108,光大安祺债券C,债券型
003109,光大安和债券A,债券型
003110,光大安和债券C,债券型
003115,光大诚鑫混合A,混合型
003116,光大诚鑫混合C,混合型
003119,博时鑫源混合A,混合型
003120,博时鑫源混合C,混合型
003121,中信保诚稳利A,债券型
003123,天治鑫利纯债债券A,债券型
003124,天治鑫利纯债债券C,债券型
003125,中科沃土沃鑫成长精选混合A,混合型
003126,长信易进混合A,混合型
003127,长信易进混合C,混合型
003130,中信保诚稳利C,债券型
003131,国寿安保强国智造混合,混合型
003132,德邦新回报灵活配置混合A,混合型
003133,易方达裕鑫债券A,债券型
003134,易方达裕鑫债券C,债券型
003135,金元顺安沣楹债券,债券型
003142,鹏华弘达混合A,混合型
003143,鹏华弘达混合C,混合型
003144,华宝新机遇混合(LOF)C,混合型
003145,国联竞争优势,股票型
003147,大成动态量化配置策略混合A,混合型
003152,华富天鑫灵活配置混合A,混合型
003153,华富天鑫灵活配置混合C,混合型
003154,华宝新活力混合C,混合型
003155,中加丰尚纯债债券A,债券型
003156,招商招悦纯债A,债券型
003157,招商招悦纯债C,债券型
003159,万家恒瑞18个月定开债A,债券型
003160,万家恒瑞18个月定开债C,债券型
003161,南方安泰混合A,混合型
003162,博时富宁纯债债券A,债券型
003163,金鹰添益3个月定开债,债券型
003164,建信现金添利货币B,货币型
003165,鹏华弘嘉混合A,混合型
003166,鹏华弘嘉混合C,混合型
003167,前海开源鼎瑞债券A,债券型
003168,前海开源鼎瑞债券C,债券型
003169,长盛盛辉混合A,混合型
003170,长盛盛辉混合C,混合型
003171,信澳慧理财货币A,货币型
003175,华泰柏瑞多策略混合A,混合型
003176,德邦景颐债券A,债券型
003177,德邦景颐债券C,债券型
003179,山证资管裕利3个月定开债券发起式,债券型
003180,前海联合添利债券A,债券型
003181,前海联合添利债券C,债券型
003182,华富弘鑫混合A,混合型
003183,华富弘鑫混合C,混合型
003184,财通中证ESG100指数增强C,指数型
003185,建信货币B,货币型
003187,嘉实安益混合C,混合型
003188,博时聚源纯债债券A,债券型
003189,汇添富保鑫灵活配置混合A,混合型
003190,创金合信消费主题股票A,股票型
003191,创金合信消费主题股票C,股票型
003192,创金合信尊丰纯债A,债券型
003193,创金合信尊智纯债债券A,债券型
003194,汇添富中证上海国企ETF联接A,指数型
003195,光大永利债券A,债券型
003196,光大永利债券C,债券型
003197,光大安诚债券A,债券型
003198,光大安诚债券C,债券型
003199,长盛盛琪一年债券A,债券型
003200,长盛盛琪一年债券C,债券型
003204,财通收益增强债券C,债券型
003205,财通可转债债券C,债券型
003206,博时合鑫货币B,货币型
003207,博时富发纯债债券A,债券型
003209,鹏华丰达债券A,债券型
003210,博时智臻纯债债券A,债券型
003213,中银悦享定期开放债券发起式,债券型
003214,易方达富惠纯债债券A,债券型
003218,前海开源祥和债券A,债券型
003219,前海开源祥和债券C,债券型
003220,浙商惠利纯债A,债券型
003221,新华丰利债券A,债券型
003222,新华丰利债券C,债券型
003223,广发景丰纯债A,债券型
003226,中信保诚稳健债券A,债券型
003227,中信保诚稳健债券C,债券型
003228,浦银安盛日日鑫货币A,货币型
003229,浦银安盛日日鑫货币B,货币型
003230,创金合信医疗保健股票A,股票型
003231,创金合信医疗保健股票C,股票型
003234,中信保诚至利混合A,混合型
003235,中信保诚至利混合C,混合型
003238,新华外延增长主题灵活配置混合,混合型
003239,博时安祺6个月定开债A,债券型
003240,博时安祺6个月定开债C,债券型
003241,创金合信量化发现混合A,混合型
003242,创金合信量化发现混合C,混合型
003243,摩根中国世纪混合(QDII)人民币,QDII
003244,摩根中国世纪混合(QDII)美元现钞,QDII
003245,摩根中国世纪混合(QDII)美元现汇,QDII
003246,华泰柏瑞天添宝货币A,货币型
003252,大成添益交易型货币A,货币型
003253,大成添益交易型货币B,货币型
003254,前海开源鼎裕债券A,债券型
003255,前海开源鼎裕债券C,债券型
003258,博时富祥纯债债券A,债券型
003259,博时聚利3个月定开债发起式,债券型
003260,博时利发纯债债券A,债券型
003264,新华活期添利货币B,货币型
003265,招商招坤纯债A,债券型
003266,招商招坤纯债C,债券型
003267,新华壹诺宝货币B,货币型
003268,博时悦楚纯债债券A,债券型
003269,招商招乾3个月定开债A,债券型
003270,招商招乾3个月定开债C,债券型
003275,国联安添利增长债A,债券型
003276,国联安添利增长债C,债券型
003277,中信保诚稳瑞债券A,债券型
003278,中信保诚稳瑞债券C,债券型
003280,鹏华丰恒债券A,债券型
003281,广发活期宝货币B,货币型
003282,中信保诚至裕混合A,混合型
003283,中信保诚至裕混合C,混合型
003284,中邮医药健康混合A,混合型
003285,国寿安保安康纯债债券,债券型
003286,平安惠享纯债A,债券型
003287,中信保诚稳益A,债券型
003288,中信保诚稳益C,债券型
003289,创金合信尊泰纯债债券A,债券型
003290,长城久稳债券A,债券型
003291,信澳健康中国混合A,混合型
003292,嘉实优势成长混合A,混合型
003293,易方达科瑞混合,混合型
003294,嘉实新趋势混合C,混合型
003295,南方安裕混合A,混合型
003297,招商双债增强债券(LOF)E,债券型
003298,嘉实物流产业股票A,股票型
003299,嘉实物流产业股票C,股票型
003301,华夏鼎融债券A,债券型
003302,华夏鼎融债券C,债券型
003304,前海开源沪港深核心资源混合A,混合型
003305,前海开源沪港深核心资源混合C,混合型
003308,中信建投睿利A,混合型
003309,兴业启元一年定开债A,债券型
003310,兴业启元一年定开债C,债券型
003313,中银睿享定开债券,债券型
003314,浙商惠南纯债A,债券型
003315,景顺长城政策性金融债A,债券型
003316,中银证券现金管家货币A,货币型
003317,中银证券现金管家货币B,货币型
003318,景顺长城中证500行业中性低波动指数A,指数型
003321,易方达原油C类人民币,QDII
003322,易方达原油A类美元汇,QDII
003323,易方达原油C类美元汇,QDII
003324,东方永兴18个月定开债A,债券型
003325,东方永兴18个月定开债C,债券型
003327,万家鑫璟纯债A,债券型
003328,万家鑫璟纯债C,债券型
003329,万家鑫安纯债债券A,债券型
003330,万家鑫安纯债债券C,债券型
003331,博时乐臻定开混合,混合型
003333,泰信智选成长灵活配置混合A,混合型
003336,长江收益增强债券,债券型
003337,南方颐元定开债券发起,债券型
003341,工银瑞盈18个月定开债,债券型
003343,鹏华弘惠灵活配置混合A,混合型
003344,鹏华弘惠灵活配置混合C,混合型
003345,安信新成长混合A,混合型
003346,安信新成长混合C,混合型
003349,长信稳益纯债债券A,债券型
003357,嘉实稳祥纯债债券C,债券型
003358,易方达中债7-10年期国开行债券指数A,指数型
003359,大成360互联网+大数据100C,指数型
003360,前海开源瑞和债券A,债券型
003361,前海开源瑞和债券C,债券型
003363,长江乐享货币A,货币型
003364,长江乐享货币B,货币型
003365,长江乐享货币C,货币型
003373,大成景禄灵活配置混合A,混合型
003374,大成景禄灵活配置混合C,混合型
003376,广发中债7-10年国开债指数A,指数型
003377,广发中债7-10年国开债指数C,指数型
003378,泰康策略优选混合,混合型
003379,中信保诚至选混合A,混合型
003380,中信保诚至选混合C,混合型
003382,民生加银鑫享债券A,债券型
003383,民生加银鑫享债券C,债券型
003384,金鹰添盈纯债债券A,债券型
003385,工银全球美元债A人民币,QDII
003386,工银全球美元债A美元现汇,QDII
003387,工银全球美元债C,QDII
003388,招商招益宝货币A,货币型
003389,招商招益宝货币B,货币型
003390,江信一年定开,债券型
003391,建信天添益货币A,货币型
003392,建信天添益货币B,货币型
003393,建信天添益货币C,货币型
003395,安信尊享纯债,债券型
003396,东方红优享红利混合A,混合型
003397,银华体育文化灵活配置混合A,混合型
003398,太平日日金货币A,货币型
003399,太平日日金货币B,货币型
003400,建信恒瑞债券,债券型
003401,工银可转债债券,债券型
003402,安信活期宝货币A,货币型
003403,华商瑞丰短债债券A,债券型
003407,景顺长城景泰丰利纯债债券A,债券型
003408,景顺长城景泰丰利纯债债券C,债券型
003411,鹏华弘康灵活配置混合A,混合型
003412,鹏华弘康灵活配置混合C,混合型
003413,华泰柏瑞新经济沪港深混合A,混合型
003417,中加丰泽纯债债券A,债券型
003418,华润元大润鑫债券A,债券型
003422,国寿安保添利货币A,货币型
003423,国寿安保添利货币B,货币型
003424,江信洪福纯债,债券型
003425,江信添福A,债券型
003426,江信添福C,债券型
003428,中加丰盈一年定开债,债券型
003429,中证兴业中高等级信用债指数A,指数型
003432,中信保诚至瑞混合A,混合型
003433,中信保诚至瑞混合C,混合型
003438,招商招怡纯债A,债券型
003439,招商招怡纯债C,债券型
003440,招商招享纯债A,债券型
003441,招商招享纯债C,债券型
003442,招商招惠3个月定期开放债券A,债券型
003443,招商招惠3个月定期开放债券C,债券型
003445,中加丰享纯债债券,债券型
003446,英大睿鑫A,混合型
003447,英大睿鑫C,混合型
003448,招商招华纯债A,债券型
003449,招商招华纯债C,债券型
003450,招商招信定开债A,债券型
003451,招商招信定开债C,债券型
003452,招商招盛纯债A,债券型
003453,招商招盛纯债C,债券型
003454,招商招通纯债A,债券型
003455,招商招通纯债C,债券型
003456,信澳新目标灵活配置混合A,混合型
003457,国泰润泰纯债债券A,债券型
003458,嘉实稳宏债券A,债券型
003459,嘉实稳宏债券C,债券型
003460,嘉实现金宝货币A,货币型
003461,嘉实稳元纯债债券A,债券型
003465,平安金管家货币A,货币型
003467,富荣货币A,货币型
003468,富荣货币B,货币型
003471,前海联合添鑫3个月开债A,债券型
003472,前海联合添鑫3个月开债C,债券型
003473,南方天天利货币A,货币型
003474,南方天天利货币B,货币型
003476,南方安颐混合,混合型
003478,民生加银腾元宝货币A,货币型
003479,财通资管鑫管家货币A,货币型
003480,财通资管鑫管家货币B,货币型
003481,光大保德信耀钱包货币B,货币型
003482,交银天鑫宝货币A,货币型
003483,交银天鑫宝货币E,货币型
003484,金鹰鑫益混合A,混合型
003485,金鹰鑫益混合C,混合型
003486,平安惠隆纯债A,债券型
003487,平安惠融纯债,债券型
003494,富国天惠成长混合(LOF)C,混合型
003495,鹏华弘尚混合A,混合型
003496,鹏华弘尚混合C,混合型
003498,前海联合添和纯债A,债券型
003499,前海联合添和纯债C,债券型
003500,鑫元聚利债券,债券型
003501,宏利睿智稳健混合A,混合型
003502,金鹰鑫瑞混合A,混合型
003503,金鹰鑫瑞混合C,混合型
003504,景顺长城景颐丰利债券A,债券型
003505,景顺长城景颐丰利债券C,债券型
003510,长盛可转债债券A,债券型
003511,长盛可转债债券C,债券型
003513,中邮消费升级灵活配置混合A,混合型
003515,国泰利是宝货币,货币型
003516,国泰融安多策略灵活配置混合A,混合型
003517,国泰润利纯债债券A,债券型
003518,万家鑫瑞纯债A,债券型
003519,万家鑫瑞纯债E,债券型
003520,万家1-3年政金债纯债A,债券型
003521,万家1-3年政金债纯债C,债券型
003525,兴银现金收益A,货币型
003526,农银汇理金穗纯债3个月定开债,债券型
003527,鹏华丰腾债券,债券型
003528,汇添富长添利定期开放债券A,债券型
003529,汇添富长添利定期开放债券C,债券型
003532,汇添富鑫利定开债A,债券型
003533,汇添富鑫利定开债C,债券型
003534,浦银安盛日日丰货币A,货币型
003535,浦银安盛日日丰货币B,货币型
003536,浦银安盛日日丰货币D,货币型
003537,招商招利宝货币A,货币型
003538,招商招利宝货币B,货币型
003539,安信现金增利货币B,货币型
003542,财通纯债债券C,债券型
003545,东兴兴利债券A,债券型
003547,鹏华丰禄债券,债券型
003548,宏利沪深300指数C,指数型
003549,浙商惠裕纯债A,债券型
003550,宏利改革动力混合C,混合型
003561,诺德成长精选A,混合型
003562,诺德成长精选C,混合型
003564,博时安诚3个月定开债A,债券型
003565,博时安诚3个月定开债C,债券型
003566,博时臻选纯债债券A,债券型
003567,华夏行业景气混合A,混合型
003568,平安惠利纯债A,债券型
003569,招商招丰纯债A,债券型
003570,招商招丰纯债C,债券型
003571,招商招琪纯债A,债券型
003572,招商招琪纯债C,债券型
003573,中信建投稳裕定开债A,债券型
003574,大成惠利纯债债券A,债券型
003578,中金中证500指数增强C,指数型
003579,中金沪深300指数增强C,指数型
003580,泰康沪港深价值优选混合,混合型
003581,前海联合国民健康混合A,混合型
003583,建信稳定鑫利债券A,债券型
003584,建信稳定鑫利债券C,债券型
003585,先锋现金宝A,货币型
003586,先锋精一混合A,混合型
003587,先锋精一混合C,混合型
003588,东吴增鑫宝货币A,货币型
003589,东吴增鑫宝货币B,货币型
003590,建信睿富纯债债券,债券型
003591,华泰柏瑞享利混合A,混合型
003592,华泰柏瑞享利混合C,混合型
003593,国泰景气行业灵活配置混合,混合型
003594,长盛盛崇灵活配置混合A,混合型
003595,长盛盛崇灵活配置混合C,混合型
003598,华商润丰灵活配置混合A,混合型
003605,景顺长城景泰汇利定开债A,债券型
003606,海富通全球收益债券美元,QDII
003607,博时富益纯债债券A,债券型
003612,南方卓元债券A,债券型
003613,南方卓元债券C,债券型
003614,中信保诚景瑞债券A,债券型
003615,中信保诚景瑞债券C,债券型
003618,招商招旺纯债A,债券型
003619,招商招旺纯债C,债券型
003624,创金合信资源股票发起式A,股票型
003625,创金合信资源股票发起式C,股票型
003626,平安鑫利混合A,混合型
003628,兴银收益增强A,债券型
003629,摩根全球多元配置(QDII-FOF)人民币A,QDII
003630,摩根全球多元配置(QDII-FOF)美元现钞,QDII
003631,摩根全球多元配置(QDII-FOF)美元现汇,QDII
003634,嘉实农业产业股票A,股票型
003637,安信永鑫增强债券A,债券型
003638,安信永鑫增强债券C,债券型
003640,兴业裕丰债券A,债券型
003641,长盛盛丰灵活配置混合A,混合型
003642,长盛盛丰灵活配置混合C,混合型
003646,创金合信中证1000指数增强A,指数型
003647,创金合信中证1000指数增强C,指数型
003648,融通通祺债券A,债券型
003650,融通通润债券,债券型
003651,博时丰达纯债6个月定开债,债券型
003655,信澳新财富混合A,混合型
003656,民生加银鑫元纯债A,债券型
003657,民生加银鑫元纯债C,债券型
003659,山证资管策略精选混合A,混合型
003662,鹏华永盛一年定开债,债券型
003664,新沃通利纯债A,债券型
003665,新沃通利纯债C,债券型
003668,东方红益鑫纯债债券A,债券型
003669,东方红益鑫纯债债券C,债券型
003670,国联物联网主题A,混合型
003671,兴业裕恒债券A,债券型
003672,兴业裕华债券A,债券型
003673,中加丰裕纯债债券A,债券型
003674,融通通玺债券,债券型
003678,国联现金增利货币A,货币型
003679,国联现金增利货币C,货币型
003680,华润元大双鑫债券A,债券型
003681,建信睿享纯债债券A,债券型
003682,博时安弘一年定开债发起式A,债券型
003683,博时安弘一年定开债发起式C,债券型
003684,汇安丰融混合A,混合型
003685,汇安丰融混合C,混合型
003692,大成景尚灵活配置混合A,混合型
003693,大成景尚灵活配置混合C,混合型
003696,国泰润鑫定开债发起式,债券型
003697,华夏睿磐泰盛混合A,混合型
003703,博时富鑫纯债A,债券型
003708,博时民丰纯债A,债券型
003709,博时民丰纯债C,债券型
003711,宏利京元宝货币A,货币型
003712,宏利京元宝货币B,货币型
003713,英大睿盛A,混合型
003714,英大睿盛C,混合型
003715,宝盈消费主题混合,混合型
003717,中银量化精选混合A,混合型
003718,易方达标普500指数美元汇A,指数型
003719,易方达标普医疗保健美元汇A,指数型
003720,易方达标普生物科技美元汇A,指数型
003721,易方达标普信息科技指数(QDII-LOF)A(美元现汇),指数型
003722,易方达纳斯达克100ETF联接(QDII-LOF)A(美元现汇),指数型
003723,华润元大双鑫债券C,债券型
003728,融通通宸债券A,债券型
003730,博时富华纯债债券A,债券型
003733,金鹰添裕纯债债券A,债券型
003734,万家瑞盈灵活配置混合A,混合型
003735,万家瑞盈灵活配置混合C,混合型
003741,鹏华丰盈债券A,债券型
003742,汇安嘉汇纯债债券A,债券型
003745,广发多元新兴股票,股票型
003746,广发汇瑞3个月定开债券,债券型
003747,万家鑫享纯债A,债券型
003748,万家鑫享纯债C,债券型
003751,万家瑞隆混合A,混合型
003752,工银如意货币A,货币型
003753,工银如意货币B,货币型
003760,国泰中证500指数增强A,指数型
003761,国泰中证500指数增强C,指数型
003765,广发创业板ETF发起式联接A,指数型
003766,广发创业板ETF发起式联接C,指数型
003767,宏利纯利债券A,债券型
003768,宏利纯利债券C,债券型
003770,中银丰庆定期开放债券,债券型
003776,南方宣利定开债A,债券型
003777,南方宣利定开债C,债券型
003787,方正富邦惠利纯债A,债券型
003788,方正富邦惠利纯债C,债券型
003792,民生加银现金宝货币C,货币型
003793,宏利溢利债券A,债券型
003794,宏利溢利债券C,债券型
003795,方正富邦睿利纯债A,债券型
003796,方正富邦睿利纯债C,债券型
003805,华安新恒利混合A,混合型
003806,华安新恒利混合C,混合型
003809,招商招顺纯债A,债券型
003810,招商招顺纯债C,债券型
003811,中金金利A,债券型
003812,中金金利C,债券型
003813,泰康金泰回报3个月持有A,混合型
003816,银华日利B,货币型
003819,广发景华纯债A,债券型
003822,中信建投轮换混合A,混合型
003823,中信建投轮换混合C,混合型
003824,天弘信利债券A,债券型
003825,天弘信利债券C,债券型
003832,中银丰润定期开放债券,债券型
003834,华夏能源革新股票A,股票型
003835,鹏华沪深港新兴成长混合A,混合型
003837,东方臻享纯债债券A,债券型
003838,东方臻享纯债债券C,债券型
003839,易方达瑞通灵活配置混合A,混合型
003840,易方达瑞通灵活配置混合C,混合型
003841,大成惠裕定开纯债债券A,债券型
003842,中邮景泰灵活配置混合A,混合型
003843,中邮景泰灵活配置混合C,混合型
003845,汇安丰恒灵活配置混合A,混合型
003846,汇安丰恒灵活配置混合C,混合型
003847,华安鼎丰债券发起式A,债券型
003848,中银广利灵活配置混合A,混合型
003849,中银广利灵活配置混合C,混合型
003853,金鹰信息产业股票A,股票型
003857,前海开源周期优选混合A,混合型
003858,前海开源周期优选混合C,混合型
003859,招商招旭纯债A,债券型
003860,招商招旭纯债C,债券型
003861,招商兴福混合A,混合型
003862,招商兴福混合C,混合型
003863,招商招祥纯债A,债券型
003864,招商招祥纯债C,债券型
003865,创金合信量化多因子股票C,股票型
003866,博时富诚纯债债券,债券型
003867,招商招景纯债A,债券型
003868,招商招景纯债C,债券型
003869,长信稳势纯债,债券型
003871,华泰柏瑞天添宝货币B,货币型
003874,浙商日添金货币A,货币型
003875,浙商日添金货币B,货币型
003876,华宝沪深300增强策略ETF发起式联接A,指数型
003877,富国久利稳健配置混合A,混合型
003878,富国久利稳健配置混合C,混合型
003879,嘉实6个月理财债券A,债券型
003880,嘉实稳骏,债券型
003882,易方达瑞弘混合A,混合型
003883,易方达瑞弘混合C,混合型
003884,汇安沪深300指数增强A,指数型
003885,汇安沪深300指数增强C,指数型
003886,汇安丰利混合A,混合型
003887,汇安丰利混合C,混合型
003888,汇安嘉源纯债债券,债券型
003889,汇安丰泽混合A,混合型
003890,汇安丰泽混合C,混合型
003891,汇安嘉裕纯债债券A,债券型
003898,永赢丰益债券,债券型
003900,交银瑞鑫六个月持有期混合A,混合型
003922,长盛盛康纯债债券A,债券型
003923,长盛盛康纯债债券C,债券型
003926,国联恒信纯债A,债券型
003927,国联恒信纯债C,债券型
003929,中银证券安进债券A,债券型
003930,中银证券安进债券C,债券型
003940,银华盛世精选灵活配置混合发起式A,混合型
003949,兴全稳泰债券A,债券型
003952,兴业嘉瑞6个月定开债A,债券型
003953,兴业嘉瑞6个月定开债C,债券型
003956,南方产业智选股票A,股票型
003957,安信量化精选沪深300增强A,指数型
003958,安信量化精选沪深300增强C,指数型
003961,易方达瑞程灵活配置混合A,混合型
003962,易方达瑞程灵活配置混合C,混合型
003963,博时慧选纯债定开债,债券型
003968,交银天益宝货币A,货币型
003969,交银天益宝货币E,货币型
003972,国富美元债一年持有期债券(QDII)人民币,QDII
003973,国富美元债一年持有期债券(QDII)美元现汇,QDII
003978,中信建投稳祥A,债券型
003979,中信建投稳祥C,债券型
003983,鹏华丰惠债券,债券型
003984,嘉实新能源新材料股票A,股票型
003985,嘉实新能源新材料股票C,股票型
003986,申万菱信中证500指数优选增强A,指数型
003993,前海开源沪港深核心驱动混合,混合型
003994,华富货币B,货币型
003997,泓德添利货币A,货币型
003998,泓德添利货币B,货币型
003999,富荣富祥纯债A,债券型
004001,宏利恒利债券A,债券型
004002,宏利恒利债券C,债券型
004005,东方民丰回报赢安混合A,混合型
004006,东方民丰回报赢安混合C,混合型
004008,国联鑫思路混合A,混合型
004009,国联鑫思路混合C,混合型
004010,华泰柏瑞鼎利灵活配置混合A,混合型
004011,华泰柏瑞鼎利灵活配置混合C,混合型
004020,广发景祥纯债,债券型
004021,广发汇富一年定期债券A,债券型
004022,广发汇富一年定期债券C,债券型
004024,华泰保兴尊诚一年定开债,债券型
004025,融通收益增强债券A,债券型
004026,融通收益增强债券C,债券型
004027,广发景源纯债A,债券型
004028,广发景源纯债C,债券型
004030,嘉实丰安6个月定期债券,债券型
004031,鑫元添利三个月定开债,债券型
004032,工银丰淳半年定开债券,债券型
004038,中银富享定开债,债券型
004039,中欧骏泰货币B,货币型
004040,金鹰医疗健康产业A,股票型
004041,金鹰医疗健康产业C,股票型
004042,华夏鼎茂债券A,债券型
004043,华夏鼎茂债券C,债券型
004044,金鹰转型动力混合,混合型
004045,金鹰添润定开债,债券型
004048,华夏新锦汇混合A,混合型
004049,华夏新锦汇混合C,混合型
004050,华夏新锦升混合A,混合型
004051,华夏新锦升混合C,混合型
004052,华夏鼎智债券A,债券型
004053,华夏鼎智债券C,债券型
004056,华夏惠利货币A,货币型
004059,鑫元招利A,债券型
004060,博时兴盛货币B,货币型
004061,华夏鼎隆债券A,债券型
004062,华夏鼎隆债券C,债券型
004063,华夏恒融债券,债券型
004066,嘉实稳熙纯债债券,债券型
004069,南方中证全指证券公司ETF联接A,指数型
004070,南方中证全指证券公司ETF联接C,指数型
004072,金元顺安金通宝货币A,货币型
004073,金元顺安金通宝货币B,货币型
004075,交银医药创新股票A,股票型
004076,国联安锐意成长混合,混合型
004077,金信民发货币A,货币型
004078,金信民发货币B,货币型
004079,万家鑫丰纯债A,债券型
004080,万家鑫丰纯债C,债券型
004083,国联安鑫隆混合A,混合型
004084,国联安鑫隆混合C,混合型
004087,银华添润定期开放债券A,债券型
004089,汇添富鑫瑞债券A,债券型
004090,汇添富鑫瑞债券C,债券型
004091,博时沪港深价值优选A,混合型
004092,博时沪港深价值优选C,混合型
004093,金元顺安桉盛债券A,债券型
004097,农银汇理日日鑫交易型货币A,货币型
004098,前海开源港股通股息率50强,股票型
004099,前海开源沪港深景气行业精选混合,混合型
004100,鹏华安益增强混合D,混合型
004101,国泰民安增益纯债A,债券型
004102,中信保诚稳悦债券A,债券型
004103,中信保诚稳悦债券C,债券型
004104,中信保诚稳鑫债券A,债券型
004105,中信保诚稳鑫债券C,债券型
004106,中信保诚稳丰A,债券型
004107,中信保诚稳丰C,债券型
004108,中信保诚稳泰债券A,债券型
004109,中信保诚稳泰债券C,债券型
004117,大成惠祥纯债债券A,债券型
004118,博时裕鹏纯债债券,债券型
004119,广发创新驱动灵活配置混合,混合型
004120,国富安享货币B,货币型
004121,兴银现金添利A,货币型
004122,兴银长益三个月定开债,债券型
004123,兴银长盈定开债A,债券型
004124,民生加银鑫升纯债,债券型
004126,浦银安盛稳健增利债券A,债券型
004127,鹏华丰康债券A,债券型
004128,前海联合泳隆混合A,混合型
004129,国联安鑫汇混合A,混合型
004130,国联安鑫汇混合C,混合型
004133,中航航行宝货币A,货币型
004136,博时民泽纯债债券A,债券型
004137,博时合惠货币B,货币型
004138,上银鑫达灵活配置混合A,混合型
004139,中邮军民融合灵活配置混合A,混合型
004140,兴业福鑫债券,债券型
004141,兴业瑞丰6个月定开债券A,债券型
004142,招商盛合灵活混合A,混合型
004143,招商盛合灵活混合C,混合型
004148,圆信永丰多策略,混合型
004151,先锋日添利A,货币型
004152,先锋日添利B,货币型
004153,中信保诚新悦混合A,混合型
004154,中信保诚新悦混合B,混合型
004155,中信保诚至泰中短债A,债券型
004156,中信保诚至泰中短债C,债券型
004167,安信活期宝货币B,货币型
004168,博时富嘉纯债债券,债券型
004169,万家现金增利货币A,货币型
004170,万家现金增利货币B,货币型
004173,嘉实增益宝货币A,货币型
004178,圆信永丰丰润货币A,货币型
004179,圆信永丰丰润货币B,货币型
004180,南方宏元定开债,债券型
004183,富国产业升级混合A,混合型
004185,江信增利货币A,货币型
004186,江信增利货币B,货币型
004189,华商消费行业股票,股票型
004190,招商沪深300指数增强A,指数型
004191,招商沪深300指数增强C,指数型
004192,招商中证500指数增强A,指数型
004193,招商中证500指数增强C,指数型
004194,招商中证1000指数增强A,指数型
004195,招商中证1000指数增强C,指数型
004198,华富天益货币A,货币型
004199,华富天益货币B,货币型
004200,博时富瑞纯债债券A,债券型
004201,华夏财富宝货币B,货币型
004202,华夏泰兴混合A,混合型
004205,东方支柱产业灵活配置混合,混合型
004206,华商元亨混合A,混合型
004209,大成智惠量化多策略混合A,混合型
004210,前海开源货币E,货币型
004211,金鹰周期优选混合A,混合型
004216,兴业安润货币A,货币型
004217,兴业安润货币B,货币型
004218,前海开源裕和混合A,混合型
004220,长信纯债壹号债券C,债券型
004221,长信量化先锋混合C,混合型
004222,金信民旺债券A,债券型
004223,金信多策略精选混合A,混合型
004224,南方军工改革灵活配置混合A,混合型
004225,国寿安保稳诚混合A,混合型
004226,国寿安保稳诚混合C,混合型
004227,泰信鑫利混合A,混合型
004228,泰信鑫利混合C,混合型
004230,永赢添益债券,债券型
004231,中欧行业成长混合(LOF)C,混合型
004232,中欧价值发现混合C,混合型
004233,中欧盛世成长混合(LOF)C,混合型
004234,中欧数据挖掘多因子混合C,混合型
004235,中欧价值智选混合C,混合型
004236,中欧新动力混合(LOF)C,混合型
004237,中欧新蓝筹混合C,混合型
004238,永赢瑞益债券A,债券型
004241,中欧时代先锋股票C,股票型
004242,兴业稳康三年定开债券,债券型
004243,广发道琼斯石油指数人民币C,指数型
004244,东方周期优选灵活配置混合A,混合型
004246,德邦锐乾债券A,债券型
004247,德邦锐乾债券C,债券型
004249,安信中国制造混合A,混合型
004250,银河量化优选混合A,混合型
004251,华夏惠利货币B,货币型
004252,国泰安益灵活配置混合C,混合型
004253,国泰黄金ETF联接C,指数型
004258,国寿安保稳嘉混合A,混合型
004259,国寿安保稳嘉混合C,混合型
004260,德邦稳盈增长灵活配置混合A,混合型
004261,招商招禧宝货币A,货币型
004262,招商招禧宝货币B,货币型
004263,华安沪港深机会灵活配置混合,混合型
004264,海富通瑞合纯债,债券型
004265,金鹰民丰回报定期开放混合,混合型
004266,招商沪港深科技创新混合A,混合型
004267,金鹰持久增利债券(LOF)E,债券型
004278,东方红智逸沪港深定开混合,混合型
004279,国寿安保稳荣混合A,混合型
004280,国寿安保稳荣混合C,混合型
004282,博时兴荣货币B,货币型
004285,华富天盈货币A,货币型
004286,华富天盈货币B,货币型
004292,鹏华沪深港互联网股票,股票型
004301,国寿安保稳信混合A,混合型
004302,国寿安保稳信混合C,混合型
004307,博时富元纯债债券,债券型
004314,前海开源沪港深新硬件A,混合型
004315,前海开源沪港深新硬件C,混合型
004316,前海开源沪港深裕鑫A,混合型
004317,前海开源沪港深裕鑫C,混合型
004318,国寿安保尊裕优化回报债券A,债券型
004319,国寿安保尊裕优化回报债券C,债券型
004320,前海开源沪港深乐享生活,混合型
004321,前海开源沪港深强国产业混合,混合型
004322,创金合信尊隆纯债A,债券型
004330,太平日日鑫A,货币型
004331,太平日日鑫B,货币型
004332,恒生沪港深新兴产业精选混合,混合型
004333,金鹰元盛债券(LOF)E,债券型
004334,博时广利纯债3个月定开,债券型
004335,华宝新飞跃灵活配置混合,混合型
004340,泰康兴泰回报沪港深混合A,混合型
004341,农银尖端科技混合,混合型
004342,南方沪深300ETF联接C,指数型
004343,南方创业板ETF联接C,指数型
004344,南方大数据100C,指数型
004345,南方深证成份ETF联接C,指数型
004346,南方小康ETF联接C,指数型
004347,南方中证500信息技术联接C,指数型
004348,南方中证500ETF联接(LOF)C,指数型
004350,汇丰晋信价值先锋股票A,股票型
004351,汇丰晋信珠三角区域发展混合,混合型
004352,华银研究精选股票,股票型
004355,嘉实丰和灵活配置混合A,混合型
004356,嘉实6个月理财债券E,债券型
004357,南方智慧混合,混合型
004361,摩根安通回报混合A,混合型
004362,摩根安通回报混合C,混合型
004366,博时汇享纯债债券A,债券型
004367,博时汇享纯债债券C,债券型
004368,前海开源聚财宝A,货币型
004369,前海开源聚财宝B,货币型
004371,景顺长城中证科技传媒通信150ETF联接C,指数型
004372,金鹰增益货币A,货币型
004373,金鹰增益货币B,货币型
004374,华泰保兴吉年丰混合发起A,混合型
004375,华泰保兴吉年丰混合发起C,混合型
004386,广发汇安18个月定开债A,债券型
004387,广发汇安18个月定开债C,债券型
004388,鹏华丰享债券,债券型
004389,大成惠明纯债债券A,债券型
004390,平安转型创新混合A,混合型
004391,平安转型创新混合C,混合型
004393,安信企业价值优选混合A,混合型
004394,华泰柏瑞量化创优混合,混合型
004398,融通现金宝货币B,货币型
004399,融通汇财宝货币E,货币型
004400,金信民兴债券A,债券型
004401,金信民兴债券C,债券型
004402,金信民旺债券C,债券型
004403,平安股息精选沪港深A,股票型
004404,平安股息精选沪港深C,股票型
004405,国寿安保稳寿混合A,混合型
004406,国寿安保稳寿混合C,混合型
004407,招商上证消费80ETF联接C,指数型
004408,招商深证100指数C,指数型
004409,招商深证TMT50ETF联接C,指数型
004410,招商央视财经50指数C,指数型
004413,建信民丰回报混合,混合型
004417,兴全货币B,货币型
004419,汇添富美元债债券(QDII)人民币A,QDII
004420,汇添富美元债债券(QDII)人民币C,QDII
004421,汇添富美元债债券(QDII)美元现汇A,QDII
004422,汇添富美元债债券(QDII)美元现汇C,QDII
004423,华商研究精选灵活配置A,混合型
004424,汇添富文体娱乐混合A,混合型
004427,交银增利增强债券A,债券型
004428,交银增利增强债券C,债券型
004432,南方有色金属ETF联接A,指数型
004433,南方有色金属ETF联接C,指数型
004434,博时逆向投资混合A,混合型
004435,博时逆向投资混合C,混合型
004436,汇添富年年泰定开混合A,混合型
004437,汇添富年年泰定开混合C,混合型
004438,鹏华永安定期开放债券,债券型
004441,富荣富兴纯债A,债券型
004442,中欧康裕混合A,混合型
004448,博时汇智回报灵活配置混合,混合型
004449,上银慧增利货币B,货币型
004450,嘉实前沿科技沪港深股票A,股票型
004451,汇添富双鑫添利债券A,债券型
004452,汇添富双鑫添利债券C,债券型
004453,前海开源盈鑫A,混合型
004454,前海开源盈鑫C,混合型
004455,中欧康裕混合C,混合型
004456,兴银消费新趋势灵活配置A,混合型
004457,光大多策略智选18个月混合,混合型
004458,博时华盈纯债债券A,债券型
004459,鑫元瑞利定期开放债券,债券型
004463,鹏华丰玉债券A,债券型
004464,万家玖盛A,债券型
004465,万家玖盛C,债券型
004469,汇添富鑫益定开债A,债券型
004470,汇添富鑫益定开债C,债券型
004475,华泰柏瑞富利混合A,混合型
004476,景顺长城沪港深领先科技股票A,股票型
004477,嘉实沪港深回报混合,混合型
004479,博时富和纯债债券,债券型
004486,嘉实稳怡债券,债券型
004488,嘉实富时中国A50ETF联接A,指数型
004493,华泰保兴货币A,货币型
004494,华泰保兴货币B,货币型
004495,博时量化平衡混合A,混合型
004496,前海开源多元策略混合A,混合型
004497,前海开源多元策略混合C,混合型
004498,鹏华丰源债券,债券型
004499,鹏华丰瑞债券A,债券型
004501,嘉实现金添利货币,货币型
004502,中银如意宝货币A,货币型
004503,鹏华永泰定期开放债券,债券型
004504,鹏华永泽18个月定开债,债券型
004505,博时新兴消费主题混合A,混合型
004510,九泰久盛量化先锋混合C,混合型
004512,海富通沪深300指数增强C,指数型
004513,海富通沪深300指数增强A,指数型
004517,南方安康混合A,混合型
004521,安信工业4.0灵活配置混合A,混合型
004522,安信工业4.0灵活配置混合C,混合型
004532,民生加银港股通高股息A,指数型
004533,民生加银港股通高股息C,指数型
004534,汇添富双盈回报一年持有债A,债券型
004535,汇添富双盈回报一年持有债C,债券型
004544,嘉实稳华纯债债券A,债券型
004545,永赢天天利货币A,货币型
004547,华夏稳定双利债券A,债券型
004548,中银中高等级债券C,债券型
004549,富安达消费主题混合,混合型
004553,中信建投凤凰货币B,货币型
004555,南方和元A,债券型
004556,南方和元C,债券型
004564,华银鼎利债券A,债券型
004567,新华安享惠泽39个月定开债A,债券型
004568,长城工资宝货币B,货币型
004569,招商制造业混合C,混合型
004570,建信结算宝货币,货币型
004571,万家家瑞债券A,债券型
004572,万家家瑞债券C,债券型
004585,鹏扬汇利债券A,债券型
004586,鹏扬汇利债券C,债券型
004589,民生加银腾元宝货币B,货币型
004596,中科沃土沃安中短利率A,债券型
004597,南方中证银行ETF发起联接A,指数型
004598,南方中证银行ETF发起联接C,指数型
004601,博时富腾纯债债券A,债券型
004602,前海开源润和债券A,债券型
004603,前海开源润和债券C,债券型
004604,富国新活力灵活配置混合A,混合型
004605,富国新活力灵活配置混合C,混合型
004608,长信乐信灵活配置混合A,混合型
004609,长信乐信灵活配置混合C,混合型
004614,鹏扬利泽债券A,债券型
004615,鹏扬利泽债券C,债券型
004616,中欧电子信息产业沪港深股票A,股票型
004617,建信鑫稳回报灵活配置混合A,混合型
004618,建信鑫稳回报灵活配置混合C,混合型
004629,国寿安保安瑞纯债债券,债券型
004630,平安合信定开债,债券型
004632,平安合意定开债发起式,债券型
004634,前海联合泳涛混合A,混合型
004635,中信建投睿利C,混合型
004636,中信建投智信物联网C,混合型
004637,华夏鼎兴债券A,债券型
004638,华夏鼎兴债券C,债券型
004639,华夏恒慧一年定开债券,债券型
004640,华夏节能环保股票A,股票型
004641,万家量化睿选混合A,混合型
004642,南方中证房地产ETF发起联接A,指数型
004643,南方中证房地产ETF发起联接C,指数型
004647,新华鼎利债券A,债券型
004648,南方安睿混合A,混合型
004651,长信利丰债券E,债券型
004655,汇添富鑫汇债券A,债券型
004656,汇添富鑫汇债券C,债券型
004657,金鹰民富收益混合A,混合型
004658,金鹰民富收益混合C,混合型
004666,长城久嘉创新成长混合A,混合型
004667,招商招财通理财债券A,债券型
004671,国联核心成长,混合型
004672,华夏短债债券A,债券型
004673,华夏短债债券C,债券型
004674,富国新机遇灵活配置混合A,混合型
004675,富国新机遇灵活配置混合C,混合型
004676,中信建投睿信灵活配置混合C,混合型
004677,博时战略新兴产业混合,混合型
004680,前海开源裕瑞混合A,混合型
004681,万家安弘纯债A,债券型
004682,万家安弘纯债C,债券型
004683,建信高端医疗股票A,股票型
004684,鹏华盈余宝货币A,货币型
004685,金元顺安元启灵活配置混合,混合型
004686,华夏研究精选股票,股票型
004689,博时丰庆纯债债券A,债券型
004693,前海联合泳隽混合A,混合型
004694,天弘策略精选混合A,混合型
004695,东兴未来价值混合A,混合型
004698,博时军工主题股票A,股票型
004699,前海联合汇盈货币A,货币型
004700,前海联合汇盈货币B,货币型
004701,鹏华盈余宝货币B,货币型
004702,南方金融主题灵活配置混合A,混合型
004703,南方兴盛先锋混合A,混合型
004705,南方祥元债券A,债券型
004706,南方祥元债券C,债券型
004707,景顺长城睿成混合A,混合型
004708,红塔红土盛商一年定开债A,债券型
004709,红塔红土盛商一年定开债C,债券型
004710,民生加银鹏程混合A,混合型
004716,中信保诚量化阿尔法股票A,股票型
004717,万家天添宝货币A,货币型
004718,万家天添宝货币B,货币型
004719,景顺长城睿成混合C,混合型
004720,华夏睿磐泰茂混合A,混合型
004721,华夏睿磐泰茂混合C,混合型
004722,中银丰和定开债券,债券型
004723,中银丰实定开债,债券型
004724,先锋聚元灵活配置混合A,混合型
004725,先锋聚元灵活配置混合C,混合型
004726,先锋聚优A,混合型
004727,先锋聚优C,混合型
004728,中欧瑾泰债券A,债券型
004729,中欧瑾泰债券C,债券型
004734,中欧瑾灵灵活配置混合A,混合型
004735,中欧瑾灵灵活配置混合C,混合型
004736,富国鼎利纯债三个月定开债,债券型
004737,富国新优享灵活配置混合A,混合型
004738,摩根安隆回报混合A,混合型
004739,摩根安隆回报混合C,混合型
004740,中欧瑞丰灵活配置混合C,混合型
004742,易方达深证100ETF联接C,指数型
004743,易方达上证中盘ETF联接C,指数型
004744,易方达创业板ETF联接C,指数型
004745,长盛创新驱动混合A,混合型
004746,易方达上证50增强C,指数型
004747,富国新优享灵活配置混合C,混合型
004748,天弘策略精选混合C,混合型
004749,华泰紫金天天金交易型货币B,货币型
004750,广发鑫和A,混合型
004751,广发鑫和C,混合型
004752,广发中证传媒ETF联接A,指数型
004753,广发中证传媒ETF联接C,指数型
004756,国寿安保稳吉混合A,混合型
004757,国寿安保稳吉混合C,混合型
004760,国寿安保稳瑞混合A,混合型
004761,国寿安保稳瑞混合C,混合型
004763,中科沃土沃嘉混合A,混合型
004764,中科沃土沃嘉混合C,混合型
004767,中银智享债券A,债券型
004770,海富通添益货币A,货币型
004771,海富通添益货币B,货币型
004772,国寿安保稳泰一年定开混合A,混合型
004773,国寿安保稳泰一年定开混合C,混合型
004774,汇添富添福吉祥混合A,混合型
004776,鹏华金元宝货币,货币型
004780,招商招利一年理财债券,债券型
004784,招商稳健优选股票A,股票型
004786,渤海汇金汇添金货币A,货币型
004787,渤海汇金汇添金货币B,货币型
004788,富荣沪深300指数增强A,指数型
004789,富荣沪深300指数增强C,指数型
004792,富荣富乾债券A,债券型
004793,富荣富乾债券C,债券型
004794,富荣福鑫混合A,混合型
004795,富荣福鑫混合C,混合型
004796,广发钱袋子货币E,货币型
004797,国寿安保安盛纯债3个月定开债,债券型
004800,浦银安盛盛通定开债券,债券型
004805,长信消费精选量化股票A,股票型
004807,中银证券安弘债券A,债券型
004808,中银证券安弘债券C,债券型
004809,前海联合润丰混合A,混合型
004811,万家现金宝货币B,货币型
004812,中欧先进制造股票A,股票型
004813,中欧先进制造股票C,股票型
004814,中欧红利优享混合A,混合型
004815,中欧红利优享混合C,混合型
004818,国寿安保目标策略混合发起A,混合型
004819,国寿安保目标策略混合发起C,混合型
004821,国寿安保安吉纯债半年定开债,债券型
004823,摩根安裕回报混合A,混合型
004824,摩根安裕回报混合C,混合型
004825,平安惠泽纯债A,债券型
004826,平安惠悦纯债A,债券型
004827,平安中短债债券A,债券型
004828,平安中短债债券C,债券型
004831,汇添富鑫泽定开债A,债券型
004832,汇添富鑫泽定开债C,债券型
004833,先锋聚利混合A,混合型
004834,先锋聚利混合C,混合型
004836,国联鑫价值混合A,混合型
004837,国联鑫价值混合C,混合型
004838,信澳安益纯债债券A,债券型
004839,银华安颐中短债双月持有期债券A,债券型
004841,博时合惠货币A,货币型
004844,中银利享定期开放债券,债券型
004845,南华瑞盈混合发起A,混合型
004846,南华瑞盈混合发起C,混合型
004848,中欧睿泓定开混合,混合型
004849,中信保诚货币E,货币型
004851,广发医疗保健股票A,股票型
004852,广发价值回报混合A,混合型
004853,广发价值回报混合C,混合型
004854,广发中证全指汽车指数A,指数型
004855,广发中证全指汽车指数C,指数型
004856,广发中证全指建筑材料指数A,指数型
004857,广发中证全指建筑材料指数C,指数型
004858,长信量化多策略股票C,股票型
004859,泰康年年红纯债一年债券,债券型
004861,泰康现金管家货币A,货币型
004862,泰康现金管家货币B,货币型
004863,泰康现金管家货币C,货币型
004864,泰康现金管家货币D,货币型
004865,格林货币A,货币型
004866,格林货币B,货币型
004868,交银股息优化混合,混合型
004869,国联日盈B,货币型
004870,融通创业板指数C,指数型
004871,中银金融地产混合A,混合型
004874,融通巨潮100指数C,指数型
004875,融通深证成份指数C,指数型
004876,融通深证100指数C,指数型
004877,汇添富全球医疗混合(QDII)人民币,QDII
004878,汇添富全球医疗混合(QDII)美元现汇,QDII
004879,汇添富全球医疗混合(QDII)美元现钞,QDII
004881,中银沪深300指数增强A,指数型
004882,中银丰荣定期开放债券,债券型
004885,长信先优债券A,债券型
004887,长信稳通三个月定开债发起式,债券型
004888,财通资管鑫逸混合A,混合型
004889,财通资管鑫逸混合C,混合型
004890,中邮健康文娱灵活配置混合A,混合型
004893,华润元大润泽债券A,债券型
004894,华润元大润泽债券C,债券型
004895,华商鑫安灵活混合,混合型
004896,鹏华兴鑫宝货币A,货币型
004897,长安泓源纯债债券A,债券型
004898,长安泓源纯债债券C,债券型
004899,中银信享定期开放债券,债券型
004900,财通资管鑫锐混合A,混合型
004901,财通资管鑫锐混合C,混合型
004902,富国丰利增强债券A,债券型
004903,人保货币A,货币型
004904,人保货币B,货币型
004905,华泰柏瑞生物医药混合A,混合型
004907,长安泓沣中短债债券A,债券型
004908,长安泓沣中短债债券C,债券型
004910,中加颐享纯债债券A,债券型
004911,中加纯债定开债券A,债券型
004912,中加纯债定开债券C,债券型
004913,中银证券聚瑞混合A,混合型
004914,中银证券聚瑞混合C,混合型
004916,嘉实新添丰定期混合,混合型
004919,兴全兴泰定期开放债券,债券型
004920,富国泓利纯债债券型发起式A,债券型
004921,华夏鼎瑞三个月定开债A,债券型
004922,华夏鼎瑞三个月定开债C,债券型
004923,华夏鼎祥三个月定开债A,债券型
004924,华夏鼎祥三个月定开债C,债券型
004925,长信低碳环保行业量化股票A,股票型
004926,中航军民融合精选A,混合型
004927,中航军民融合精选C,混合型
004932,招商丰拓灵活混合A,混合型
004933,招商丰拓灵活混合C,混合型
004934,圆信永丰消费升级,混合型
004936,中航混改精选混合A,混合型
004937,中航混改精选混合C,混合型
004938,中欧滚钱宝货币B,货币型
004939,中欧滚钱宝货币C,货币型
004940,中加聚鑫纯债一年定开A,债券型
004941,中加聚鑫纯债一年定开C,债券型
004942,格林伯元灵活配置A,混合型
004943,格林伯元灵活配置C,混合型
004944,鑫元鑫趋势灵活配置混合A,混合型
004945,长信中证500指数增强A,指数型
004946,汇添富盈润混合A,混合型
004947,汇添富盈润混合C,混合型
004948,鑫元鑫趋势灵活配置混合C,混合型
004952,兴全恒益债券A,债券型
004953,兴全恒益债券C,债券型
004954,中银证券中高等级债券A,债券型
004955,中银证券中高等级债券C,债券型
004956,中银证券安誉债券A,债券型
004957,中银证券安誉债券C,债券型
004958,圆信永丰优享生活,混合型
004959,圆信永丰优悦生活混合,混合型
004960,平安合泰定开债,债券型
004964,银华惠添益货币C,货币型
004965,泓德致远混合A,混合型
004966,泓德致远混合C,混合型
004967,红土创新货币A,货币型
004968,红土创新货币B,货币型
004970,南方天天宝货币A,货币型
004971,南方天天宝货币B,货币型
004972,长城收益宝货币A,货币型
004973,长城收益宝货币B,货币型
004975,交银恒益灵活配置混合A,混合型
004978,富国聚利三个月定开债,债券型
004979,华夏鼎诺三个月定开债A,债券型
004980,华夏鼎诺三个月定开债C,债券型
004981,新华鑫日享中短债A,债券型
004982,新华安享多裕定开混合,混合型
004983,鹏扬现金通利货币A,货币型
004984,鹏扬现金通利货币B,货币型
004985,博时合晶货币B,货币型
004986,鹏华策略回报混合,混合型
004987,诺德新享灵活配置混合,混合型
004988,人保双利A,混合型
004989,人保双利C,混合型
004993,中欧可转债债券A,债券型
004994,中欧可转债债券C,债券型
004995,广发品牌消费股票发起式A,股票型
004996,广发恒生中型股指数C,指数型
004997,广发高端制造股票A,股票型
004998,长信全球债券人民币,QDII
004999,长信全球债券美元,QDII
005001,交银持续成长主题混合A,混合型
005004,交银品质升级混合A,混合型
005005,中金瑞安混合发起A,混合型
005006,中金瑞安混合发起C,混合型
005008,东方红汇阳债券Z,债券型
005009,申万菱信行业轮动股票A,股票型
005010,金鹰添瑞中短债A,债券型
005011,金鹰添瑞中短债C,债券型
005014,泰康景泰回报混合A,混合型
005015,泰康景泰回报混合C,混合型
005019,国投瑞银和泰6个月债券,债券型
005020,中信保诚智惠金货币A,货币型
005024,南方兴利半年定开债券发起A,债券型
005025,交银丰盈收益债券C,债券型
005028,鹏华研究精选灵活配置混合,混合型
005037,银华新能源新材料A,股票型
005038,银华新能源新材料C,股票型
005039,鹏扬景兴混合A,混合型
005040,鹏扬景兴混合C,混合型
005041,人保研究精选混合A,混合型
005042,人保研究精选混合C,混合型
005043,国寿安保健康科学混合A,混合型
005044,国寿安保健康科学混合C,混合型
005047,南华瑞扬纯债A,债券型
005048,南华瑞扬纯债C,债券型
005049,长安鑫旺价值混合A,混合型
005050,长安鑫旺价值混合C,混合型
005051,摩根标普港股通低波红利指数A,指数型
005052,摩根标普港股通低波红利指数C,指数型
005054,泰康瑞坤纯债债券C,债券型
005055,华泰柏瑞量化阿尔法A,混合型
005056,东方红货币A,货币型
005057,东方红货币B,货币型
005058,东方红货币E,货币型
005059,南方安福混合A,混合型
005062,博时中证500指数增强A,指数型
005063,广发中证全指家用电器ETF联接A,指数型
005064,广发中证全指家用电器ETF联接C,指数型
005065,中金现金管家货币C,货币型
005067,融通逆向策略灵活配置混合A,混合型
005070,长江乐丰纯债,债券型
005072,中银丰进定期开放债券,债券型
005073,永赢永益债券A,债券型
005074,永赢永益债券C,债券型
005075,富国研究量化精选混合A,混合型
005076,创金合信优选回报灵活配置混合,混合型
005077,平安合韵定开债,债券型
005078,富国宝利增强债券A,债券型
005079,兴银鑫日享短债A,债券型
005082,诺德量化蓝筹增强混合A,混合型
005083,诺德量化蓝筹增强混合C,混合型
005088,嘉实新添辉定期混合A,混合型
005089,嘉实新添辉定期混合C,混合型
005090,嘉合睿金混合发起式A,混合型
005091,嘉合睿金混合发起式C,混合型
005092,广发货币C,货币型
005094,万家臻选混合A,混合型
005097,易方达现金增利货币C,货币型
005098,易方达龙宝货币C,货币型
005099,易方达富华纯债A,债券型
005102,工银沪深300ETF联接A,指数型
005103,工银沪深300ETF联接C,指数型
005104,富荣福康混合A,混合型
005105,富荣福康混合C,混合型
005106,银华农业产业股票发起式A,股票型
005107,广发添利货币B,货币型
005109,汇安多策略混合A,混合型
005110,汇安多策略混合C,混合型
005112,银华中证全指医药卫生,指数型
005113,平安沪深300指数量化A,指数型
005114,平安沪深300指数量化C,指数型
005117,金信价值精选混合A,混合型
005118,金信价值精选混合C,混合型
005119,银华智荟内在价值灵活配置混合发起A,混合型
005120,摩根量化多因子混合,混合型
005121,富国兴利增强债券A,债券型
005122,易方达天天理财货币C,货币型
005123,南方优享分红混合A,混合型
005124,易方达恒益定开债券发起式,债券型
005125,华宝标普中国A股红利机会ETF联接C,指数型
005126,银河量化稳进混合,混合型
005127,平安合正定开债,债券型
005128,华夏永康添福混合A,混合型
005131,海富通盈鑫货币A,货币型
005132,海富通盈鑫货币B,货币型
005134,长信长金通货币A,货币型
005135,长信长金通货币B,货币型
005136,华安幸福生活混合A,混合型
005137,长信沪深300指数增强A,指数型
005138,前海开源弘丰债券A,债券型
005139,前海开源弘丰债券C,债券型
005140,华夏睿磐泰荣混合A,混合型
005141,华夏睿磐泰荣混合C,混合型
005142,国联沪港深大消费主题A,混合型
005143,国联沪港深大消费主题C,混合型
005144,东吴优益债券A,债券型
005145,东吴优益债券C,债券型
005148,新华活期添利货币E,货币型
005149,华泰保兴货币C,货币型
005150,红土创新优淳货币A,货币型
005151,红土创新优淳货币B,货币型
005152,农银沪深300指数C,指数型
005153,农银汇理日日鑫交易型货币C,货币型
005156,嘉实领航资产配置混合A,FOF
005157,嘉实领航资产配置混合C,FOF
005158,长江乐盈定开债发起式,债券型
005159,华泰保兴尊合债券A,债券型
005160,华泰保兴尊合债券C,债券型
005161,华商上游产业股票A,股票型
005162,中银如意宝货币B,货币型
005164,富荣福锦混合A,混合型
005165,富荣福锦混合C,混合型
005167,嘉实润泽量化定期混合,混合型
005169,华泰保兴策略精选A,混合型
005170,华泰保兴策略精选C,混合型
005171,富国景利纯债债券A,债券型
005172,泰康安悦纯债3月定开债券,债券型
005176,富国精准医疗混合A,混合型
005177,华夏睿磐泰利混合A,混合型
005178,华夏睿磐泰利混合C,混合型
005186,长安鑫兴混合A,混合型
005187,长安鑫兴混合C,混合型
005188,海富通量化前锋股票C,股票型
005189,海富通量化前锋股票A,股票型
005190,东方红沪港深混合(后端),混合型
005193,华银鼎利债券C,债券型
005194,南方天天利货币E,货币型
005195,博时合丰货币A,货币型
005196,博时合丰货币B,货币型
005197,工银沪港深精选混合A,混合型
005198,工银沪港深精选混合C,混合型
005199,上银聚加利货币,货币型
005200,浦银安盛普瑞纯债A,债券型
005201,浦银安盛普瑞纯债C,债券型
005202,兴业稳天盈货币B,货币型
005206,南方优选成长混合C,混合型
005207,南方高端装备混合C,混合型
005208,国寿安保安裕纯债半年定开债,债券型
005209,东吴双三角股票A,股票型
005210,东吴双三角股票C,股票型
005211,银河智慧混合A,混合型
005212,汇安稳裕债券A,债券型
005213,华夏鼎旺三个月定开债A,债券型
005214,华夏鼎旺三个月定开债C,债券型
005215,南方全天候策略(FOF)A,FOF
005216,南方全天候策略(FOF)C,FOF
005217,建信福泽安泰混合(FOF)A,FOF
005218,华夏聚惠(FOF)A,FOF
005219,华夏聚惠(FOF)C,FOF
005220,海富通聚优精选混合(FOF)A,FOF
005221,宏利全能混合(FOF)A,FOF
005222,宏利全能混合(FOF)C,FOF
005223,广发中证基建工程ETF联接A,指数型
005224,广发中证基建工程ETF联接C,指数型
005225,广发量化多因子混合A,混合型
005226,山证资管改革精选混合A,混合型
005228,汇添富港股通专注成长,混合型
005229,嘉实富时中国A50ETF联接C,指数型
005230,长盛货币B,货币型
005233,广发睿毅领先混合A,混合型
005234,广发汇吉3个月定开债,债券型
005235,银华食品饮料量化股票发起式A,股票型
005236,银华食品饮料量化股票发起式C,股票型
005237,银华医疗健康量化优选A,股票型
005238,银华医疗健康量化优选C,股票型
005241,中欧时代智慧混合A,混合型
005242,中欧时代智慧混合C,混合型
005243,融通中国概念债券(QDII)A,QDII
005244,国泰聚优价值灵活配置混合A,混合型
005245,国泰聚优价值灵活配置混合C,混合型
005246,国泰可转债债券A,债券型
005248,新华沪深300指数增强A,指数型
005250,银华估值优势混合,混合型
005251,银华多元动力灵活配置混合,混合型
005253,国泰货币B,货币型
005255,浦银安盛港股通量化混合A,混合型
005258,景顺长城量化平衡混合A,混合型
005259,建信龙头企业股票,股票型
005260,银华稳健增利灵活配置混合A,混合型
005261,银华稳健增利灵活配置混合C,混合型
005262,鑫元欣享灵活配置混合A,混合型
005263,鑫元欣享灵活配置混合C,混合型
005265,博时厚泽回报混合A,混合型
005266,博时厚泽回报混合C,混合型
005267,嘉实价值精选股票A,股票型
005268,鹏华优势企业,股票型
005269,华泰柏瑞港股通量化混合A,混合型
005270,太平改革红利精选混合,混合型
005271,安信恒利增强债券A,债券型
005272,安信恒利增强债券C,债券型
005273,华商可转债债券A,债券型
005274,中银景福回报混合A,混合型
005275,中欧创新成长灵活配置混合A,混合型
005276,中欧创新成长灵活配置混合C,混合型
005277,海富通融丰定开债券,债券型
005280,安信稳健阿尔法定开混合A,混合型
005281,中科沃土转型升级混合A,混合型
005284,华商可转债债券C,债券型
005286,银华岁丰定期开放债券发起式,债券型
005287,海富通创业板增强C,指数型
005288,海富通创业板增强A,指数型
005289,融通通昊三个月定开债,债券型
005290,诺德新盛灵活配置混合A,混合型
005293,诺德新旺,混合型
005294,诺德新宜灵活配置混合,混合型
005295,诺德天富灵活配置混合,混合型
005296,南华丰淳混合A,混合型
005297,南华丰淳混合C,混合型
005299,万家成长优选混合A,混合型
005300,万家成长优选混合C,混合型
005301,前海开源弘泽债券发起式A,债券型
005302,前海开源弘泽债券发起式C,债券型
005303,嘉实医药健康股票A,股票型
005304,嘉实医药健康股票C,股票型
005307,财通资管鸿达债券A,债券型
005308,财通资管鸿达债券C,债券型
005309,中银证券汇嘉定期开放债券,债券型
005310,广发电子信息传媒股票A,股票型
005311,万家经济新动能混合A,混合型
005312,万家经济新动能混合C,混合型
005313,万家中证1000指数增强A,指数型
005314,万家中证1000指数增强C,指数型
005315,宏利交利3个月定开债券发起式A,债券型
005316,宏利交利3个月定开债券发起式C,债券型
005321,中银证券汇宇定期开放债券,债券型
005322,中银丰禧定期开放债券,债券型
005323,前海开源泽鑫混合A,混合型
005324,前海开源泽鑫混合C,混合型
005327,景顺长城景泰稳利定开债A,债券型
005328,前海开源价值策略股票,股票型
005329,汇添富民安增益定开混合A,混合型
005330,汇添富民安增益定开混合C,混合型
005331,益民优势安享混合A,混合型
005335,浙商全景消费混合A,混合型
005336,中加颐慧定开债券发起式A,债券型
005337,中加颐慧定开债券发起式C,债券型
005338,兴业3个月定开债券,债券型
005340,兴业6个月定开债券,债券型
005341,长安裕泰混合A,混合型
005342,长安裕泰混合C,混合型
005343,长安裕盛灵活配置混合A,混合型
005344,长安裕盛灵活配置混合C,混合型
005345,长安泓润纯债债券A,债券型
005346,长安泓润纯债债券C,债券型
005347,诺德量化优选6个月持有期混合,混合型
005350,诺德短债A,债券型
005351,汇添富行业整合混合A,混合型
005352,鹏扬景泰成长混合A,混合型
005353,鹏扬景泰成长混合C,混合型
005354,富国沪港深行业精选混合A,混合型
005357,富国国企改革灵活配置混合,混合型
005358,东方阿尔法精选混合A,混合型
005359,东方阿尔法精选混合C,混合型
005360,汇安资产轮动混合A,混合型
005361,国联聚商定期开放债券,债券型
005362,中银证券安源债券A,债券型
005363,中银证券安源债券C,债券型
005364,华夏鼎顺三个月定开债A,债券型
005365,华夏鼎顺三个月定开债C,债券型
005366,摩根丰瑞债券A,债券型
005367,摩根丰瑞债券C,债券型
005368,富国清洁能源产业混合A,混合型
005369,富国臻利纯债定开债券,债券型
005371,中加心悦混合A,混合型
005372,中加心悦混合C,混合型
005373,中加紫金灵活配置混合A,混合型
005374,中加紫金灵活配置混合C,混合型
005375,建信睿和纯债定开债,债券型
005377,华安鼎瑞定开债发起式,债券型
005378,前海联合泓元定开债券,债券型
005379,汇添富价值创造定开混合,混合型
005383,富国绿色纯债一年定开债券A,债券型
005384,银河铭忆3个月定开债券,债券型
005388,兴业安弘3个月定开债,债券型
005390,工银创业板ETF联接A,指数型
005391,工银创业板ETF联接C,指数型
005393,南方卓利3个月定开债,债券型
005395,泓德臻远回报混合,混合型
005398,鹏扬淳优一年定期开放债,债券型
005399,长信量化价值驱动混合A,混合型
005400,万家潜力价值灵活配置混合A,混合型
005401,万家潜力价值灵活配置混合C,混合型
005402,广发资源优选股票A,股票型
005407,华夏鼎泰六个月定开债A,债券型
005408,华夏鼎泰六个月定开债C,债券型
005409,华泰柏瑞新兴产业混合A,混合型
005410,汇添富鑫盛定开债A,债券型
005411,汇添富鑫盛定开债C,债券型
005412,金信民长混合A,混合型
005413,金信民长混合C,混合型
005419,中欧聚瑞债券A,债券型
005420,中欧聚瑞债券C,债券型
005421,中欧嘉泽灵活配置混合,混合型
005425,民生加银睿通3个月定开发起式A,债券型
005426,光大尊丰纯债定开债,债券型
005427,渤海汇金汇增利3个月定开,债券型
005428,渤海汇金汇添益3个月定开,债券型
005431,上银聚增富定期开放债券,债券型
005432,上银聚鸿益三个月定开债,债券型
005433,申万菱信医药先锋股票A,股票型
005434,鹏华睿投混合A,混合型
005435,国投瑞银顺银定开债,债券型
005436,圆信永丰兴瑞定开债,债券型
005437,易方达易百智能量化策略A,混合型
005438,易方达易百智能量化策略C,混合型
005439,易方达恒安定开债发起式,债券型
005442,兴业安和6个月定开债,债券型
005443,国金量化多策略A,混合型
005445,华宝价值发现混合A,混合型
005446,鑫元广利定开债发起式,债券型
005448,诺安联创顺鑫A,债券型
005449,华夏行业龙头混合,混合型
005450,华夏稳盛灵活配置混合,混合型
005451,鹏扬双利债券A,债券型
005452,鹏扬双利债券C,债券型
005453,前海开源医疗健康A,混合型
005454,前海开源医疗健康C,混合型
005455,建信睿丰纯债定期开放债券,债券型
005457,景顺长城量化小盘股票A,股票型
005461,南方希元可转债债券A,债券型
005462,博时富业3个月定开债,债券型
005465,华泰紫金智惠定开债券A,债券型
005466,华泰紫金智惠定开债券C,债券型
005467,华泰紫金智盈债券A,债券型
005468,华泰紫金智盈债券C,债券型
005469,南方浙利定开债券,债券型
005470,南方乾利定开债,债券型
005471,招商招财通理财债券C,债券型
005472,富国价值驱动灵活配置混合A,混合型
005473,富国价值驱动灵活配置混合C,混合型
005474,泰康均衡优选混合A,混合型
005475,泰康均衡优选混合C,混合型
005476,南方涪利定开债,债券型
005477,长安鑫禧灵活配置混合A,混合型
005478,长安鑫禧灵活配置混合C,混合型
005480,诺安联创顺鑫C,债券型
005481,银华瑞泰灵活配置混合,混合型
005482,博时创新驱动混合A,混合型
005483,博时创新驱动混合C,混合型
005485,海富通恒丰定开债券,债券型
005488,天弘尊享定开债发起式,债券型
005489,中金衡优灵活配置混合A,混合型
005490,中金衡优灵活配置混合C,混合型
005491,兴全合宜混合(LOF)C,混合型
005492,农银汇理研究驱动混合,混合型
005493,鑫元价值精选混合A,混合型
005494,鑫元价值精选混合C,混合型
005495,创金合信科技成长股票A,股票型
005496,创金合信科技成长股票C,股票型
005497,鑫元永利债券,债券型
005498,银华积极成长混合A,混合型
005501,华安安逸半年定开债,债券型
005503,汇添富理财60天债券E,债券型
005504,汇添富沪港深大盘价值混合A,混合型
005505,前海开源中药股票A,股票型
005506,前海开源中药股票C,股票型
005507,永赢丰利债券A,债券型
005508,永赢丰利债券C,债券型
005513,南华瑞恒中短债债券A,债券型
005514,南华瑞恒中短债债券C,债券型
005517,富国新趋势灵活配置混合A,混合型
005518,富国新趋势灵活配置混合C,混合型
005519,银华混改红利灵活配置混合发起式A,混合型
005520,国投瑞银创新医疗混合A,混合型
005521,华安红利精选混合A,混合型
005522,华泰保兴吉年福定开混合,混合型
005523,泰康颐年混合A,混合型
005524,泰康颐年混合C,混合型
005525,工银瑞祥定开发起式债券,债券型
005526,工银新生代消费混合,混合型
005529,银华华茂定开债券A,债券型
005530,汇添富沪深300指数增强A,指数型
005531,华安安悦债券A,债券型
005532,华安安悦债券C,债券型
005534,华夏新时代混合人民币(QDII),QDII
005535,泰信竞争优选混合,混合型
005537,中航新起航灵活配置混合A,混合型
005538,中航新起航灵活配置混合C,混合型
005541,前海开源盛鑫混合A,混合型
005542,前海开源盛鑫混合C,混合型
005543,银华心诚灵活配置混合A,混合型
005544,银华瑞和灵活配置混合A,混合型
005547,诺安圆鼎定开债,债券型
005548,诺安鑫享定开债发起式,债券型
005549,富国成长优选三年定开混合,混合型
005550,汇安成长优选混合A,混合型
005551,汇安成长优选混合C,混合型
005552,国富新趋势混合A,混合型
005553,国富新趋势混合C,混合型
005554,南方恒生国企ETF联接A,指数型
005555,南方恒生国企ETF联接C,指数型
005556,汇安裕华定开债发起式,债券型
005561,创金合信中证红利低波动指数A,指数型
005562,创金合信中证红利低波动指数C,指数型
005571,中银证券新能源混合A,混合型
005572,中银证券新能源混合C,混合型
005573,东吴悦秀纯债债券A,债券型
005574,东吴悦秀纯债债券C,债券型
005575,长信稳鑫三个月定开债发起式,债券型
005576,华泰柏瑞新金融地产混合A,混合型
005577,交银丰晟收益债券A,债券型
005578,交银丰晟收益债券C,债券型
005579,光大晟利债券A,债券型
005580,光大晟利债券C,债券型
005583,易方达港股通红利混合A,混合型
005585,银河文体娱乐混合A,混合型
005587,安信比较优势混合A,混合型
005588,长安裕腾混合A,混合型
005589,长信企业精选定开混合,混合型
005590,汇添富鑫永定开债A,债券型
005591,汇添富鑫永定开债C,债券型
005592,长安裕腾混合C,混合型
005593,摩根创新商业模式混合A,混合型
005594,招商添润3个月定开债A,债券型
005595,招商添润3个月定开债C,债券型
005596,建信战略精选灵活配置混合A,混合型
005597,建信战略精选灵活配置混合C,混合型
005598,广发中小盘精选混合A,混合型
005599,汇安量化优选灵活配置A,混合型
005600,汇安量化优选灵活配置C,混合型
005601,汇安中短债债券A,债券型
005602,汇安中短债债券C,债券型
005606,招商招鸿6个月定开债发起式,债券型
005607,华宝中证500增强A,指数型
005608,华宝中证500增强C,指数型
005609,富国军工主题混合A,混合型
005610,中银泰享定期开放债券,债券型
005611,中银证券汇享定开债,债券型
005612,嘉实核心优势股票发起式,股票型
005613,摩根富时发达市场REITs指数(QDII)人民币A,指数型
005614,摩根富时发达市场REITs指数(QDII)美钞,指数型
005615,摩根富时发达市场REITs指数(QDII)美汇,指数型
005616,东方量化成长灵活配置混合A,混合型
005617,中信嘉鑫3个月定开债,债券型
005618,融通红利机会主题精选混合A,混合型
005619,融通红利机会主题精选混合C,混合型
005620,中欧品质消费股票A,股票型
005621,中欧品质消费股票C,股票型
005622,博时富安3个月定开债,债券型
005623,广发中债1-3年农发债指数A,指数型
005624,广发中债1-3年农发债指数C,指数型
005625,南华瑞鑫定期开放债券,债券型
005626,富国中证医药主题指数增强C,指数型
005627,富国中证高端制造指数增强型(LOF)C,指数型
005628,汇安趋势动力股票A,股票型
005629,汇安趋势动力股票C,股票型
005630,华安研究精选混合A,混合型
005631,博时富乾3个月定开债,债券型
005632,鹏华量化先锋混合,混合型
005633,建信中证500指数增强C,指数型
005634,汇安行业龙头混合A,混合型
005635,博时量化多策略股票A,股票型
005636,博时量化多策略股票C,股票型
005637,国联聚业定期开放债券,债券型
005638,农银汇理量化智慧动力混合,混合型
005639,平安300ETF联接A,指数型
005640,平安300ETF联接C,指数型
005641,国投瑞银顺源6个月定开债,债券型
005642,鹏扬景升A,混合型
005643,鹏扬景升C,混合型
005644,广发沪港深龙头混合,混合型
005645,华泰保兴尊信定开债,债券型
005646,中海沪港深多策略灵活配置混合,混合型
005647,广发汇佳定期开放债券,债券型
005648,招商添琪3个月定开债A,债券型
005649,招商添琪3个月定开债C,债券型
005650,万家量化同顺多策略混合A,混合型
005651,万家量化同顺多策略混合C,混合型
005652,国富天颐混合A,混合型
005653,国富天颐混合C,混合型
005654,天弘悦享定开债券,债券型
005655,诺安浙享定开债券,债券型
005656,光大安泽债券A,债券型
005657,光大安泽债券C,债券型
005658,华夏沪深300ETF联接C,指数型
005659,南方恒生指数ETF联接C,指数型
005660,嘉实资源精选股票A,股票型
005661,嘉实资源精选股票C,股票型
005662,嘉实金融精选股票A,股票型
005663,嘉实金融精选股票C,股票型
005664,鹏扬景欣混合A,混合型
005665,鹏扬景欣混合C,混合型
005666,上银慧佳盈债券,债券型
005667,易方达富财纯债,债券型
005668,融通新能源汽车主题精选混合A,混合型
005669,前海开源公用事业股票,股票型
005670,嘉实致兴定开债发起式,债券型
005674,诺德消费升级混合,混合型
005675,易方达恒生国企ETF联接C,指数型
005676,易方达标普消费品指数C,指数型
005677,安信永盛定开债券,债券型
005678,安信尊享添益债券A,债券型
005679,财通资管鑫盛6个月定开,混合型
005680,财通资管价值成长混合A,混合型
005681,财通资管价值成长混合C,混合型
005682,财通资管消费精选混合A,混合型
005683,国寿安保华兴灵活配置混合,混合型
005684,财通资管鸿睿12个月定开债A,债券型
005685,财通资管鸿睿12个月定开债C,债券型
005686,财通资管瑞享12个月定开混合A,混合型
005689,中银医疗保健混合A,混合型
005690,中银安享债券A,债券型
005691,南方中证A100ETF联接C,指数型
005693,广发中证军工ETF联接C,指数型
005695,华安睿明两年定开混合A,混合型
005696,华安睿明两年定开混合C,混合型
005698,华夏全球科技先锋混合(QDII)A(人民币),QDII
005699,工银新经济混合(QDII)人民币A,QDII
005700,工银新经济混合(QDII)美元,QDII
005701,摩根香港精选港股通混合A,混合型
005703,永赢增益债券A,债券型
005704,永赢增益债券C,债券型
005705,永赢恒益债券,债券型
005706,兴业龙腾双益平衡混合,混合型
005707,富国港股通量化精选股票A,股票型
005708,国联安远见成长混合,混合型
005709,华安鼎益债券A,债券型
005710,兴业嘉润3个月定开债,债券型
005711,永赢惠添利灵活配置混合,混合型
005712,兴全祥泰定期开放债券,债券型
005713,国联季季红定期开放债券A,债券型
005714,国联季季红定期开放债券C,债券型
005717,兴业机遇债券A,债券型
005718,长信富瑞两年定开债券A,债券型
005719,招商招诚定开债发起式,债券型
005720,前海开源乾盛定开债A,债券型
005721,前海开源乾盛定开债C,债券型
005722,前海联合泓瑞定开债券,债券型
005723,国联聚安定期开放债券,债券型
005725,国投瑞银恒泽中短债债券A,债券型
005726,国泰价值精选灵活配置混合A,混合型
005727,嘉实中创400ETF联接C,指数型
005729,南方人工智能混合,混合型
005730,国泰江源优势精选混合A,混合型
005731,财通资管睿智6个月定期开放债券,债券型
005732,富国臻选成长灵活配置混合A,混合型
005733,华夏上证50ETF联接C,指数型
005734,华夏沪港通恒生ETF联接C,指数型
005735,MSCI中国A股国际通联接C,指数型
005736,中欧兴华债券,债券型
005737,博时上证50ETF联接C,指数型
005738,长城智能产业混合A,混合型
005739,富国转型机遇混合,混合型
005740,易方达恒信定期开放债券,债券型
005741,南方君信混合A,混合型
005742,南方成安优选混合,混合型
005743,长安裕隆混合A,混合型
005744,长安裕隆混合C,混合型
005745,广发汇康定期开放债券,债券型
005746,国泰聚利价值定开混合,混合型
005749,银河庭芳3个月定开债券,债券型
005750,平安双债添益债券A,债券型
005751,平安双债添益债券C,债券型
005752,金鹰添盛定开债券,债券型
005753,宏利金利3个月定开债券发起式,债券型
005754,平安短债A,债券型
005755,平安短债C,债券型
005756,平安短债E,债券型
005760,富国周期优势混合A,混合型
005761,招商MSCI中国A股国际ETF联接A,指数型
005762,招商MSCI中国A股国际ETF联接C,指数型
005763,中欧电子信息产业沪港深股票C,股票型
005764,中欧潜力价值灵活配置混合C,混合型
005765,中欧明睿新常态混合C,混合型
005766,平安合瑞定开债,债券型
005771,银华可转债债券A,债券型
005772,工银瑞景定开发起式债券,债券型
005774,华夏产业升级混合A,混合型
005775,中加转型动力混合A,混合型
005776,中加转型动力混合C,混合型
005777,广发科技动力股票,股票型
005778,广发汇元纯债定开债,债券型
005779,鑫元常利定开债,债券型
005780,鑫元增利定开债发起式,债券型
005781,华富富瑞3个月定开债,债券型
005782,创金合信汇益纯债一年定开债A,债券型
005783,创金合信汇益纯债一年定开债C,债券型
005784,创金合信汇誉六个月定开债A,债券型
005785,创金合信汇誉六个月定开债C,债券型
005786,中邮纯债汇利定开债,债券型
005787,中欧新趋势混合C,混合型
005788,南方MSCI中国A股联接A,指数型
005789,南方MSCI中国A股联接C,指数型
005790,银河景行3个月定开债,债券型
005791,华夏鼎福三个月定开债A,债券型
005792,华夏鼎福三个月定开债C,债券型
005793,华富可转债债券A,债券型
005794,银华心怡灵活配置混合A,混合型
005795,博时中证500指数增强C,指数型
005801,工银印度基金美元,QDII
005802,汇添富智能制造股票A,股票型
005805,华泰柏瑞医疗健康A,混合型
005809,前海开源裕源(FOF),FOF
005810,南方瑞祥一年混合A,混合型
005811,南方瑞祥一年混合C,混合型
005812,鹏华产业精选混合A,混合型
005813,华安CES港股通ETF联接A,指数型
005814,华安CES港股通ETF联接C,指数型
005815,农银汇理睿选灵活配置混合,混合型
005816,国泰农惠定期开放债券A,债券型
005817,金元顺安沣顺定开债,债券型
005818,金元顺安沣泰定开债发起式,债券型
005819,国泰优势行业混合A,混合型
005820,博时富兴纯债3个月定开债发起式,债券型
005821,万家新机遇龙头企业混合A,混合型
005823,泰康颐享混合A,混合型
005824,泰康颐享混合C,混合型
005825,申万菱信智能驱动股票A,股票型
005826,华夏潜龙精选股票,股票型
005827,易方达蓝筹精选混合,混合型
005828,长江乐越定开债,债券型
005829,建信MSCI联接A,指数型
005830,建信MSCI联接C,指数型
005831,鹏华尊悦3个月定开债,债券型
005833,工银红利优享混合A,混合型
005834,工银红利优享混合C,混合型
005836,创金合信泰盈双季红定开债券A,债券型
005837,创金合信泰盈双季红定开债券C,债券型
005838,创金合信中债1-3年政金债A,指数型
005839,创金合信中债1-3年政金债C,指数型
005840,富国产业驱动混合A,混合型
005841,富国尊利纯债定开债,债券型
005842,海富通弘丰定开债券,债券型
005843,金元顺安沣泉债券A,债券型
005844,东方人工智能主题混合A,混合型
005845,长城久荣纯债定开,债券型
005846,宝盈盈泰纯债债券A,债券型
005847,富国沪港深业绩驱动混合型A,混合型
005848,银华裕利混合发起式,混合型
005849,鑫元合利定开债发起式,债券型
005850,财通沪深300指数增强,指数型
005851,财通新视野灵活配置混合A,混合型
005852,中银添利债券发起C,债券型
005853,财通聚利债券A,债券型
005854,财通汇利债券A,债券型
005855,中科沃土沃瑞混合A,混合型
005856,中科沃土沃瑞混合C,混合型
005857,汇添富鑫成定开债A,债券型
005858,汇添富鑫成定开债C,债券型
005862,华夏鼎禄三个月定开债券A,债券型
005863,华夏鼎禄三个月定开债券C,债券型
005864,国投瑞银顺达纯债债券,债券型
005865,浦银安盛量化多策略混合A,混合型
005866,浦银安盛量化多策略混合C,混合型
005867,国泰沪深300指数C,指数型
005868,平安MSCI中国A股ETF联接A,指数型
005869,平安MSCI中国A股ETF联接C,指数型
005870,鹏华沪深300指数增强A,指数型
005871,天弘荣享定开债,债券型
005872,太平恒利纯债,债券型
005873,建信创业板ETF联接A,指数型
005874,建信创业板ETF联接C,指数型
005875,易方达中盘成长混合,混合型
005876,易方达鑫转增利混合A,混合型
005877,易方达鑫转增利混合C,混合型
005878,博时产业新动力混合C,混合型
005879,中加颐兴定开债券,债券型
005880,建信上证50ETF发起联接A,指数型
005881,建信上证50ETF发起联接C,指数型
005882,财通资管鸿达债券E,债券型
005884,平安合悦定开债,债券型
005885,金鹰信息产业股票C,股票型
005886,华夏鼎沛债券A,债券型
005887,华夏鼎沛债券C,债券型
005888,华夏新兴消费混合A,混合型
005889,华夏新兴消费混合C,混合型
005890,先锋博盈纯债A,债券型
005891,先锋博盈纯债C,债券型
005892,先锋汇盈纯债A,债券型
005893,先锋汇盈纯债C,债券型
005894,华夏优势精选股票,股票型
005895,平安合丰定开债,债券型
005896,平安合慧定开债,债券型
005897,平安合颖定开债,债券型
005898,浦银安盛盛泽定开债券,债券型
005901,诺安汇利混合A,混合型
005902,诺安汇利混合C,混合型
005903,宏利绩优混合A,混合型
005904,华泰保兴成长优选A,混合型
005905,华泰保兴成长优选C,混合型
005906,招商丰茂灵活混合发起式A,混合型
005907,招商丰茂灵活混合发起式C,混合型
005908,华泰保兴尊利债券A,债券型
005909,华泰保兴尊利债券C,债券型
005910,广发龙头优选混合A,混合型
005911,广发双擎升级混合A,混合型
005914,景顺长城智能生活混合A,混合型
005917,广发汇誉3个月定开债,债券型
005918,天弘沪深300ETF联接C,指数型
005919,天弘中证500ETF联接C,指数型
005920,富国颐利纯债债券A,债券型
005921,农银汇理金鑫3个月定开债,债券型
005925,建信福泽裕泰混合(FOF)A,FOF
005926,建信福泽裕泰混合(FOF)C,FOF
005927,创金合信新能源汽车股票A,股票型
005928,创金合信新能源汽车股票C,股票型
005931,国联恒裕纯债A,债券型
005932,国联恒裕纯债C,债券型
005933,前海联合先进制造混合A,混合型
005934,前海联合先进制造混合C,混合型
005935,前海联合润丰混合C,混合型
005936,申万菱信安泰惠利纯债A,债券型
005937,工银精选金融地产混合A,混合型
005938,工银精选金融地产混合C,混合型
005939,工银新能源汽车混合A,混合型
005940,工银新能源汽车混合C,混合型
005945,工银可转债优选债券A,债券型
005946,工银可转债优选债券C,债券型
005947,德邦民裕进取量化混合A,混合型
005948,德邦民裕进取量化混合C,混合型
005949,鑫元行业轮动混合A,混合型
005950,鑫元行业轮动混合C,混合型
005951,民生加银恒益纯债A,债券型
005952,民生加银恒益纯债C,债券型
005953,人保转型新动力混合A,混合型
005954,人保转型新动力混合C,混合型
005955,易方达鑫转添利混合A,混合型
005956,易方达鑫转添利混合C,混合型
005957,华夏聚丰混合(FOF)A,FOF
005958,华夏聚丰混合(FOF)C,FOF
005959,财通新视野灵活配置混合C,混合型
005960,博时量化价值股票A,股票型
005961,博时量化价值股票C,股票型
005962,宝盈人工智能股票A,股票型
005963,宝盈人工智能股票C,股票型
005964,中欧安财定开债发起式,债券型
005965,安信中证500指数增强A,指数型
005966,安信中证500指数增强C,指数型
005967,鹏华创新驱动混合A,混合型
005968,创金合信工业周期股票A,股票型
005969,创金合信工业周期股票C,股票型
005970,国泰消费优选股票,股票型
005971,平安惠锦纯债A,债券型
005972,交银裕如纯债债券A,债券型
005973,交银裕如纯债债券C,债券型
005974,东方红配置精选混合A,混合型
005975,东方红配置精选混合C,混合型
005976,长信稳进资产配置(FOF),FOF
005977,中信保诚至兴混合A,混合型
005978,中信保诚至兴混合C,混合型
005979,南方合顺多资产(FOF)A,FOF
005980,南方合顺多资产(FOF)C,FOF
005983,摩根核心精选股票A,股票型
005984,兴业聚华混合A,混合型
005985,兴业聚华混合C,混合型
005988,兴业纯债6个月定开债A,债券型
005989,兴业纯债6个月定开债C,债券型
005990,申万菱信安泰惠利纯债C,债券型
005991,长信利丰债券A,债券型
005992,光大超短债债券A,债券型
005993,光大超短债债券C,债券型
005994,国投瑞银中证500指数量化增强A,指数型
005995,国投瑞银顺泓债券,债券型
005996,国投瑞银顺昌纯债债券A,债券型
005997,天弘裕利灵活配置混合C,混合型
005998,嘉实深证基本面120联接C,指数型
005999,嘉实中证金融地产ETF联接C,指数型
006002,工银医药健康股票A,股票型
006003,工银医药健康股票C,股票型
006004,工银添祥一年定开债券,债券型
006005,诺安鼎利混合A,混合型
006006,诺安鼎利混合C,混合型
006007,诺安积极配置混合A,混合型
006008,诺安积极配置混合C,混合型
006009,国融融银灵活配置混合A,混合型
006010,国融融银灵活配置混合C,混合型
006011,中信保诚稳鸿A,债券型
006012,中信保诚稳鸿C,债券型
006013,易方达鑫转招利混合A,混合型
006014,易方达鑫转招利混合C,混合型
006015,华安信用四季红债券C,债券型
006016,平安惠安债券,债券型
006020,广发沪深300指数增强A,指数型
006021,广发沪深300指数增强C,指数型
006022,富国大盘价值量化精选混合A,混合型
006023,宝盈聚丰两年定开债券A,债券型
006024,宝盈聚丰两年定开债券C,债券型
006025,诺安优化配置混合A,混合型
006026,东吴鼎泰纯债债券A,债券型
006027,国投瑞银顺祥债券,债券型
006029,鹏华尊享定开债发起式,债券型
006030,南方昌元可转债债券A,债券型
006031,南方昌元可转债债券C,债券型
006032,创金合信汇泽三个月定开债券A,债券型
006033,创金合信汇泽三个月定开债券C,债券型
006034,富国MSCI中国A股国际通指数增强A,指数型
006035,国联恒惠纯债A,债券型
006036,国联恒惠纯债C,债券型
006037,国泰瑞和纯债债券A,债券型
006038,大成景恒混合C,混合型
006039,国富估值优势混合A,混合型
006042,摩根尚睿混合(FOF)A,FOF
006043,永赢惠益债券A,债券型
006044,永赢惠益债券C,债券型
006045,长城久瑞三个月定开债发起式,债券型
006047,长信稳健纯债债券E,债券型
006048,长城中证500指数增强A,指数型
006049,恒越研究精选混合A/B,混合型
006050,恒越研究精选混合A/B(后端),混合型
006051,鹏扬核心价值灵活配置A,混合型
006052,鹏扬核心价值灵活配置C,混合型
006053,中航瑞景3个月定开A,债券型
006054,中航瑞景3个月定开C,债券型
006055,鹏扬淳合债券A,债券型
006057,鹏华丰和债券(LOF)C,债券型
006058,民生加银新兴成长混合,混合型
006059,鹏扬泓利债券A,债券型
006060,鹏扬泓利债券C,债券型
006061,红土创新增强收益债券A,债券型
006064,红土创新增强收益债券C,债券型
006065,景顺长城景泰稳利定开债C,债券型
006066,中加颐睿纯债债券A,债券型
006067,中加颐睿纯债债券C,债券型
006068,中加颐信纯债债券A,债券型
006069,中加颐信纯债债券C,债券型
006070,银河沃丰债券A,债券型
006071,银河睿嘉债券A,债券型
006072,民生加银创新成长混合A,混合型
006073,人保鑫瑞中短债债券A,债券型
006074,人保鑫瑞中短债债券C,债券型
006075,博时标普500ETF联接C,指数型
006076,创金合信恒利超短债债券A,债券型
006077,创金合信恒利超短债债券C,债券型
006080,海富通电子传媒股票C,股票型
006081,海富通电子传媒股票A,股票型
006082,鑫元全利一年定开债A,债券型
006083,鑫元全利一年定开债C,债券型
006085,万家新机遇价值驱动C,混合型
006086,银河睿丰定开债券,债券型
006087,华泰柏瑞中证500ETF联接C,指数型
006088,永赢润益债券A,债券型
006089,永赢润益债券C,债券型
006092,永赢荣益债券A,债券型
006093,永赢荣益债券C,债券型
006094,永赢泰益债券A,债券型
006095,永赢泰益债券C,债券型
006096,中金浙金6个月定开债,债券型
006097,平安高等级债A,债券型
006098,华宝券商ETF联接A,指数型
006099,宏利泽利3个月定开债券发起式,债券型
006100,平安优势产业混合A,混合型
006101,平安优势产业混合C,混合型
006102,浙商丰利增强债券,债券型
006104,华泰柏瑞量化智慧混合C,混合型
006105,宏利印度股票(QDII)A,QDII
006106,景顺长城量化港股通股票A,股票型
006107,招商添利6个月定开债发起式A,债券型
006108,招商添利6个月定开债发起式C,债券型
006109,富荣价值精选混合A,混合型
006110,富荣价值精选混合C,混合型
006111,泰康弘实3月定开混合,混合型
006112,易方达恒惠定开债,债券型
006113,汇添富创新医药混合A,混合型
006114,人保鑫利债券A,债券型
006115,人保鑫利债券C,债券型
006116,国泰丰祺纯债债券A,债券型
006120,国联聚明定期开放债券,债券型
006121,华安双核驱动混合A,混合型
006122,华安低碳生活混合A,混合型
006123,国联高股息混合A,混合型
006124,国联高股息混合C,混合型
006127,华宝港股通标普香港上市中国中小盘指数(LOF)C,指数型
006128,银河和美生活混合A,混合型
006131,华泰柏瑞沪深300ETF联接C,指数型
006132,万家智造优势混合A,混合型
006133,万家智造优势混合C,混合型
006134,富国金融债债券型,债券型
006135,长江乐鑫定开债,债券型
006136,广发估值优势混合A,混合型
006137,广发汇立定期开放债券,债券型
006138,国联安价值优选股票,股票型
006140,广发集嘉债券A,债券型
006141,广发集嘉债券C,债券型
006142,鑫元淳利定期开放债券,债券型
006145,前海开源鼎欣债券A,债券型
006146,前海开源鼎欣债券C,债券型
006147,宝盈融源可转债债券A,债券型
006148,宝盈融源可转债债券C,债券型
006149,南方赢元债券A,债券型
006150,招商添利两年债券,债券型
006151,南方交元债券A,债券型
006152,国联安增鑫纯债A,债券型
006153,国联安增鑫纯债C,债券型
006154,华安制造先锋混合A,混合型
006158,博时荣享回报混合A,混合型
006159,博时荣享回报混合C,混合型
006160,博道启航混合A,混合型
006161,博道启航混合C,混合型
006162,财通资管积极收益债券E,债券型
006163,融通增辉定开债券发起式,债券型
006165,建信中证1000指数增强A,指数型
006166,建信中证1000指数增强C,指数型
006167,德邦乐享生活混合A,混合型
006168,德邦乐享生活混合C,混合型
006169,工银瑞福纯债债券A,债券型
006170,工银瑞福纯债债券C,债券型
006171,鹏扬淳利债券A,债券型
006172,万家鑫悦纯债A,债券型
006173,万家鑫悦纯债C,债券型
006174,长信稳裕三个月定开债,债券型
006175,万家聚利混合A,混合型
006176,万家聚利混合C,混合型
006177,中信保诚稳达A,债券型
006178,中信保诚稳达C,债券型
006179,富国品质生活混合A,混合型
006180,中加颐合纯债债券A,债券型
006181,格林伯锐灵活配置A,混合型
006182,格林伯锐灵活配置C,混合型
006183,南方泽元债券A,债券型
006184,格林泓鑫纯债A,债券型
006185,格林泓鑫纯债C,债券型
006186,永赢盈益债券A,债券型
006187,永赢盈益债券C,债券型
006188,华泰保兴尊颐定开,债券型
006190,前海开源裕瑞混合C,混合型
006191,华夏鼎通债券A,债券型
006192,华夏鼎通债券C,债券型
006195,国金量化多因子股票A,股票型
006196,华夏中证央企ETF联接A,指数型
006197,华夏中证央企ETF联接C,指数型
006202,交银核心资产混合A,混合型
006206,融通增悦债券,债券型
006207,泰康裕泰债券A,债券型
006208,泰康裕泰债券C,债券型
006209,中信保诚新蓝筹混合,混合型
006210,东方臻宝纯债债券A,债券型
006211,东方臻宝纯债债券C,债券型
006212,东方臻选纯债债券A,债券型
006213,东方臻选纯债债券C,债券型
006214,平安500ETF联接A,指数型
006215,平安500ETF联接C,指数型
006216,前海开源价值成长混合A,混合型
006217,前海开源价值成长混合C,混合型
006218,富国生物医药科技混合A,混合型
006219,海富通鼎丰定开债券,债券型
006220,工银上证50ETF联接A,指数型
006221,工银上证50ETF联接C,指数型
006222,平安惠兴债券,债券型
006223,交银创新成长混合,混合型
006224,中银中债3-5年期农发行债券指数A,指数型
006227,华宝科技先锋混合A,混合型
006228,中欧医疗创新股票A,股票型
006229,中欧医疗创新股票C,股票型
006230,鹏华研究驱动混合,混合型
006231,国融融君混合A,混合型
006232,国融融君混合C,混合型
006233,万家汽车新趋势混合A,混合型
006234,万家汽车新趋势混合C,混合型
006235,东方城镇消费主题混合A,混合型
006237,永赢嘉益债券,债券型
006240,国联医疗健康混合A,混合型
006241,国联医疗健康混合C,混合型
006242,宝盈盈润纯债债券A,债券型
006243,中银双息回报混合A,混合型
006245,嘉实养老2030混合(FOF)A,FOF
006248,华夏创业板ETF联接A,指数型
006249,华夏创业板ETF联接C,指数型
006250,摩根动力精选混合A,混合型
006251,银华兴盛股票A,股票型
006252,永赢消费主题A,混合型
006253,永赢消费主题C,混合型
006254,长城久悦债券A,债券型
006257,信澳先进智造股票型A,股票型
006258,富国丰泰债券C,债券型
006259,汇添富红利增长混合A,混合型
006260,汇添富红利增长混合C,混合型
006263,易方达香港小型股指数C,指数型
006264,平安惠轩纯债A,债券型
006265,红土创新新科技股票A,股票型
006266,永赢智能领先混合A,混合型
006267,诺德量化核心A,混合型
006268,诺德量化核心C,混合型
006269,永赢智能领先混合C,混合型
006270,汇安核心成长混合A,混合型
006271,汇安核心成长混合C,混合型
006274,圆信永丰医药健康A,混合型
006275,永赢聚益债券A,债券型
006276,永赢聚益债券C,债券型
006281,万家人工智能混合A,混合型
006282,摩根欧洲动力策略股票(QDII)A,QDII
006283,鹏华美国房地产美元现汇,QDII
006284,浙商兴永三个月定开债发起式,债券型
006285,鹏华全球中短债(QDII)美元现汇A,QDII
006286,华泰MSCI中国A股联接A,指数型
006287,永赢盛益债券A,债券型
006288,永赢盛益债券C,债券型
006289,华夏养老2040三年持有混合(FOF)A,FOF
006290,南方养老2035三年持有混合(FOF)A,FOF
006291,南方养老2035三年持有混合(FOF)C,FOF
006292,易方达汇诚养老2043三年持有混合(FOF)A,FOF
006293,华泰MSCI中国A股联接C,指数型
006294,万家稳健养老三年持有混合(FOF)A,FOF
006295,工银养老2035三年持有A,FOF
006296,鹏华养老2035三年持有混合(FOF)A,FOF
006297,富国鑫旺稳健养老目标一年持有期混合(FOF)A,FOF
006298,广发稳健养老目标一年持有混合(FOF)A,FOF
006299,恒越核心精选混合A,混合型
006300,华宝宝丰高等级债券A,债券型
006301,华宝宝丰高等级债券C,债券型
006302,银华行业轮动混合,混合型
006303,中银安康稳健养老目标一年持有混合(FOF)A,FOF
006304,中加颐鑫纯债债券A,债券型
006305,银华尊和养老2035混合(FOF)A,FOF
006306,宏利泰和平衡养老目标三年持有混合(FOF)A,FOF
006307,嘉实养老2040混合(FOF)A,FOF
006308,汇添富全球消费混合(QDII)人民币A,QDII
006309,汇添富全球消费混合(QDII)人民币C,QDII
006310,汇添富全球消费混合(QDII)美元现汇,QDII
006313,恒越核心精选混合A(后端),混合型
006314,国联策略优选混合A,混合型
006315,国联策略优选混合C,混合型
006316,平安惠诚纯债A,债券型
006319,易方达安瑞短债A,债券型
006320,易方达安瑞短债C,债券型
006321,中欧预见养老2035(FOF)A,FOF
006322,中欧预见养老2035(FOF)C,FOF
006323,合煦智远嘉选混合A,混合型
006324,合煦智远嘉选混合C,混合型
006325,招商添荣3个月定开债A,债券型
006326,招商添荣3个月定开债C,债券型
006327,易方达中证海外互联网50ETF联接(QDII)A,指数型
006328,易方达中证海外互联网50ETF联接(QDII)C,指数型
006329,易方达中证海外互联网50ETF联接(QDII)(美元现汇)A,指数型
006330,易方达中证海外互联网50ETF联接(QDII)(美元现汇)C,指数型
006331,中银国有企业债C,债券型
006332,招商金鸿债券A,债券型
006333,招商金鸿债券C,债券型
006336,泓德量化精选混合,混合型
006337,华安安浦债券A,债券型
006338,华安安浦债券C,债券型
006340,国泰民安增益纯债C,债券型
006341,中金MSCI质量A,指数型
006342,中金MSCI质量C,指数型
006345,景顺长城集英两年定开混合,混合型
006348,银华盛利混合发起式A,混合型
006353,东方红核心优选定开混合A,混合型
006355,华宝港股通恒生中国(香港上市)30ETF联接(LOF)C,指数型
006360,财通资管鸿益中短债债券A,债券型
006361,财通资管鸿益中短债债券C,债券型
006363,建信深证基本面60ETF联接C,指数型
006364,招商丰韵混合A,混合型
006365,招商丰韵混合C,混合型
006366,兴业安保优选混合A,混合型
006367,交银裕祥纯债债券A,债券型
006368,交银裕祥纯债债券C,债券型
006369,弘毅远方国企转型升级混合A,混合型
006370,国富大中华精选混合美元,QDII
006371,长安鑫盈混合A,混合型
006372,长安鑫盈混合C,混合型
006373,国富全球科技互联混合(QDII)人民币A,QDII
006374,国富全球科技互联混合(QDII)美元现汇A,QDII
006377,广发趋势动力混合A,混合型
006378,广发汇宏6个月定开债,债券型
006381,华夏恒生ETF联接C,指数型
006382,华夏中证500ETF联接C,指数型
006383,招商添盈纯债A,债券型
006384,招商添盈纯债C,债券型
006385,华泰保兴研究智选A,混合型
006386,华泰保兴研究智选C,混合型
006387,宝盈安泰短债债券A,债券型
006388,宝盈安泰短债债券C,债券型
006389,金鹰添祥中短债A,债券型
006390,金鹰添祥中短债C,债券型
006392,中信保诚创新成长混合A,混合型
006393,招商添德3个月定开债A,债券型
006394,招商添德3个月定开债C,债券型
006395,华夏上证50AH优选指数C,指数型
006396,长信双利优选混合E,混合型
006397,长信内需成长混合E,混合型
006398,宝盈祥颐定期开放混合A,混合型
006399,宝盈祥颐定期开放混合C,混合型
006401,先锋量化优选混合A,混合型
006402,先锋量化优选混合C,混合型
006403,银河睿嘉债券C,债券型
006404,浦银安盛盛融定开债券,债券型
006405,华富恒盛纯债债券A,债券型
006406,华富恒盛纯债债券C,债券型
006408,汇添富消费升级混合A,混合型
006409,富国中债-1-3年国开行债券指数A,指数型
006410,富国中债-1-3年国开行债券指数C,指数型
006411,中加颐智纯债债券,债券型
006412,平安合锦定开债,债券型
006415,银华中短政策金融债定开债,债券型
006416,方正富邦丰利债券A,债券型
006417,方正富邦丰利债券C,债券型
006421,中银弘享债券A,债券型
006422,嘉合磐稳纯债A,债券型
006423,嘉合磐稳纯债C,债券型
006424,嘉合锦程混合A,混合型
006425,嘉合锦程混合C,混合型
006426,汇添富全球移动互联混合(QDII)美元现汇,QDII
006427,招商添悦纯债A,债券型
006428,招商添悦纯债C,债券型
006429,诺安恒鑫混合,混合型
006430,凯石澜龙头经济一年持有混合,混合型
006431,汇安鼎利纯债A,债券型
006432,汇安鼎利纯债C,债券型
006433,平安鑫利混合C,混合型
006434,鹏华中短债3个月定开债券A,债券型
006435,景顺长城创新成长混合,混合型
006436,浦银安盛中短债A,债券型
006437,浦银安盛中短债C,债券型
006438,博时央调ETF联接A,指数型
006439,博时央调ETF联接C,指数型
006440,中信建投中证500增强A,指数型
006441,中信建投中证500增强C,指数型
006443,永赢裕益债券A,债券型
006444,永赢裕益债券C,债券型
006445,华夏海外聚享混合发起式(QDII-FOF)A人民币,QDII
006446,华夏海外聚享混合发起式(QDII-FOF)A美元现汇,QDII
006447,华夏海外聚享混合发起式(QDII-FOF)A美元现钞,QDII
006448,华夏海外聚享混合发起式(QDII-FOF)C人民币,QDII
006449,浙商汇金量化精选混合A,混合型
006450,嘉实致盈债券A,债券型
006451,华富中证5年恒定久期国开债指数A,指数型
006452,华富中证5年恒定久期国开债指数C,指数型
006453,中加瑞利纯债债券A,债券型
006454,中加瑞利纯债债券C,债券型
006456,鹏华中短债3个月定开债券C,债券型
006457,平安估值优势混合A,混合型
006458,平安估值优势混合C,混合型
006459,人保鑫裕增强A,债券型
006460,人保鑫裕增强C,债券型
006464,浦银安盛普益纯债A,债券型
006465,浦银安盛普益纯债C,债券型
006466,浦银安盛双债增强债券A,债券型
006467,浦银安盛双债增强债券C,债券型
006468,嘉实稳联纯债债券,债券型
006470,工银目标收益一年定开A,债券型
006471,华润元大润鑫债券C,债券型
006473,招商中债1-5年进出口行A,指数型
006474,招商中债1-5年进出口行C,指数型
006475,国泰嘉睿纯债债券A,债券型
006476,南方原油C,QDII
006477,中邮沪港深精选混合A,混合型
006479,广发纳斯达克100ETF联接人民币(QDII)C,指数型
006480,广发纳斯达克100ETF联接美元(QDII)C,指数型
006481,海富通上清所短融债券A,指数型
006482,广发可转债债券A,债券型
006483,广发可转债债券C,债券型
006484,广发中债1-3年国开债指数A,指数型
006485,广发中债1-3年国开债指数C,指数型
006486,广发中证1000ETF联接A,指数型
006487,广发中证1000ETF联接C,指数型
006488,富荣富开1-3年国开债纯债A,债券型
006489,招商添裕纯债A,债券型
006490,招商添裕纯债C,债券型
006491,南方1-3年国开债A,指数型
006492,南方1-3年国开债C,指数型
006493,南方中债3-5年农发行债券指数A,指数型
006494,南方中债3-5年农发行债券指数C,指数型
006495,国联安增富一年定开债,债券型
006496,银华安盈短债债券A,债券型
006497,银华安盈短债债券C,债券型
006500,建信润利增强债券A,债券型
006501,建信润利增强债券C,债券型
006502,财通集成电路产业股票A,股票型
006503,财通集成电路产业股票C,股票型
006504,广发汇承定期开放债券,债券型
006505,永赢祥益债券A,债券型
006506,永赢祥益债券C,债券型
006507,前海开源裕泽(FOF),FOF
006508,国联安增裕一年定开债,债券型
006509,国联安增盈纯债A,债券型
006510,国联安增盈纯债C,债券型
006511,博道卓远混合A,混合型
006512,博道卓远混合C,混合型
006513,鹏扬淳享债券A,债券型
006514,鹏扬淳享债券C,债券型
006515,浙商汇金短债E,债券型
006516,浙商汇金短债A,债券型
006517,南方吉元短债A,债券型
006518,南方吉元短债C,债券型
006519,汇安短债债券A,债券型
006520,汇安短债债券C,债券型
006521,汇安短债债券E,债券型
006522,财通新兴蓝筹混合A,混合型
006523,财通新兴蓝筹混合C,混合型
006524,前海开源MSCI中国A股指数A,指数型
006525,前海开源MSCI中国A股指数C,指数型
006526,鹏华优选回报混合A,混合型
006527,富国优质发展混合A,混合型
006528,富国优质发展混合C,混合型
006529,中欧匠心两年持有期混合A,混合型
006530,中欧匠心两年持有期混合C,混合型
006531,华泰柏瑞量化驱动混合C,混合型
006532,华泰柏瑞量化阿尔法C,混合型
006533,易方达科融混合,混合型
006535,恒生前海恒锦裕利A,混合型
006536,恒生前海恒锦裕利C,混合型
006537,恒生前海港股通精选混合,混合型
006538,东海核心价值,混合型
006539,南方优选价值混合C,混合型
006540,南方绩优成长混合C,混合型
006541,南方成份精选混合C,混合型
006542,财通资管鸿利中短债债券A,债券型
006543,财通资管鸿利中短债债券C,债券型
006544,平安惠聚纯债债券,债券型
006545,兴银中短债A,债券型
006546,兴银中短债C,债券型
006547,红塔红土盛弘混合A,混合型
006548,红塔红土盛弘混合C,混合型
006549,国金惠盈纯债A,债券型
006551,中庚价值领航混合,混合型
006552,广发汇兴3个月定期开放债券A,债券型
006553,国投瑞银恒泽中短债债券C,债券型
006554,华安鼎益债券C,债券型
006555,浦银安盛全球智能科技(QDII)A,QDII
006556,海富通研究精选混合C,混合型
006557,海富通研究精选混合A,混合型
006558,永赢通益债券A,债券型
006559,永赢通益债券C,债券型
006562,中欧短债债券C,债券型
006564,圆信永丰精选回报混合,混合型
006565,光大尊泰定开债,债券型
006567,中泰星元灵活配置混合A,混合型
006568,国联安行业领先混合,混合型
006569,国联安中证医药100C,指数型
006570,中金金元A,债券型
006571,中金金元C,债券型
006572,宝盈盈泰纯债债券C,债券型
006573,人保行业轮动混合A,混合型
006574,人保行业轮动混合C,混合型
006575,华安养老目标2030三年持有混合发起式(FOF)A,FOF
006576,永赢诚益债券A,债券型
006577,永赢诚益债券C,债券型
006580,兴全安泰平衡养老三年持有(FOF)A,FOF
006581,建信优享稳健养老目标一年持有期混合(FOF)A,FOF
006582,博时富永3个月定开债,债券型
006585,南方宝元债券C,债券型
006586,南方安裕混合C,混合型
006587,南方优享分红混合C,混合型
006588,中加聚利纯债定开A,债券型
006589,中加聚利纯债定开C,债券型
006590,南方新优享灵活配置混合C,混合型
006591,广发景明中短债A,债券型
006592,广发景明中短债C,债券型
006593,博道中证500增强A,指数型
006594,博道中证500增强C,指数型
006595,广发港股通优质增长混合A,混合型
006596,国泰聚禾纯债债券,债券型
006597,国泰利享中短债债券A,债券型
006598,国泰利享中短债债券C,债券型
006599,国寿安保安丰纯债债券,债券型
006600,人保沪深300A,指数型
006601,国融融泰灵活配置混合A,混合型
006602,国融融泰灵活配置混合C,混合型
006603,嘉实互融精选股票A,股票型
006604,嘉实消费精选股票A,股票型
006605,嘉实消费精选股票C,股票型
006606,泓德裕丰中短债债券A,债券型
006607,泓德裕丰中短债债券C,债券型
006608,泓德研究优选混合,混合型
006609,申万菱信安泰瑞利中短债A,债券型
006611,人保中证500A,指数型
006612,银华信用精选一年定开债,债券型
006614,嘉实港股通新经济指数C,指数型
006615,工银战略新兴产业混合A,混合型
006616,工银战略新兴产业混合C,混合型
006617,工银瑞泽定开债券,债券型
006618,长江可转债债券A,债券型
006619,长江可转债债券C,债券型
006620,华夏养老2045(FOF)A,FOF
006621,华夏养老2045(FOF)C,FOF
006622,华夏养老2035(FOF)A,FOF
006623,华夏养老2035(FOF)C,FOF
006624,中泰玉衡价值优选混合A,混合型
006625,汇安嘉鑫纯债债券A,债券型
006626,山证资管超短债A,债券型
006627,山证资管超短债C,债券型
006629,招商鑫悦中短债A,债券型
006630,招商鑫悦中短债C,债券型
006631,鑫元臻利A,债券型
006632,鑫元臻利C,债券型
006633,博时中债1-3政金债指数A,指数型
006634,博时中债1-3政金债指数C,指数型
006635,永赢伟益债券A,债券型
006636,华富恒欣纯债债券A,债券型
006637,华富恒欣纯债债券C,债券型
006638,人保鑫盛纯债A,债券型
006639,人保鑫盛纯债C,债券型
006640,中金新元6个月定开债A,债券型
006641,中金新元6个月定开债C,债券型
006642,华泰保兴吉年利定开,混合型
006644,弘毅远方消费升级混合A,混合型
006645,银华安丰中短期政策性金融债债券A,债券型
006646,汇添富短债债券A,债券型
006647,汇添富短债债券C,债券型
006648,汇安多因子混合A,混合型
006649,汇安多因子混合C,混合型
006650,招商安庆债券,债券型
006652,富国金融地产行业混合A,混合型
006653,南方畅利定开债发起式,债券型
006654,华泰紫金季季享定开债券发起A,债券型
006655,华泰紫金季季享定开债券发起C,债券型
006656,方正富邦中证500ETF联接A,指数型
006657,方正富邦中证500ETF联接C,指数型
006660,永赢昌益债券A,债券型
006661,永赢昌益债券C,债券型
006662,易方达安悦超短债A,债券型
006663,易方达安悦超短债C,债券型
006664,易方达安悦超短债F,债券型
006665,华夏鼎康债券A,债券型
006666,华夏鼎康债券C,债券型
006667,南华瑞元定期开放债券,债券型
006668,华夏中短债债券A,债券型
006669,华夏中短债债券C,债券型
006670,广发景秀纯债A,债券型
006671,广发消费升级股票,股票型
006672,广发招财短债债券A,债券型
006673,广发招财短债债券C,债券型
006674,大成景旭纯债债券B,债券型
006675,宝盈品牌消费股票A,股票型
006676,宝盈品牌消费股票C,股票型
006677,中银稳汇短债债券A,债券型
006678,中银稳汇短债债券C,债券型
006679,广发道琼斯石油指数美元现汇A,指数型
006680,广发道琼斯石油指数美元现汇C,指数型
006681,景顺长城景泰聚利纯债,债券型
006682,景顺长城中证500指数增强A,指数型
006683,富国国有企业债债券D,债券型
006684,富国信用债债券D,债券型
006687,方正富邦深证100ETF联接A,指数型
006688,方正富邦深证100ETF联接C,指数型
006689,方正富邦信泓混合A,混合型
006692,金信消费升级股票A,股票型
006693,金信消费升级股票C,股票型
006695,新华鑫日享中短债C,债券型
006696,汇添富研究优选灵活配置混合,混合型
006697,华宝中证银行ETF联接C,指数型
006700,红土创新稳健混合A,混合型
006701,红土创新稳健混合C,混合型
006704,易方达MSCI中国A股联接A,指数型
006705,易方达MSCI中国A股联接C,指数型
006706,国联聚汇定期开放债券,债券型
006707,永赢宏益债券A,债券型
006708,永赢宏益债券C,债券型
006712,前海开源MSCI中国A股消费A,指数型
006713,前海开源MSCI中国A股消费C,指数型
006714,博时富源纯债债券A,债券型
006715,东方永泰纯债1年A,债券型
006716,东方永泰纯债1年C,债券型
006717,平安惠金定开债C,债券型
006718,国融融盛龙头严选混合A,混合型
006719,国融融盛龙头严选混合C,混合型
006720,平安核心优势混合A,混合型
006721,平安核心优势混合C,混合型
006724,工银深证红利ETF联接C,指数型
006725,国泰丰盈纯债债券A,债券型
006729,万家中证500指数增强A,指数型
006730,万家中证500指数增强C,指数型
006731,方正富邦富利纯债A,债券型
006732,方正富邦富利纯债C,债券型
006733,博时创业板ETF联接C,指数型
006734,国金惠鑫短债债券A,债券型
006735,国金惠鑫短债债券C,债券型
006736,国投瑞银先进制造混合,混合型
006738,工银瑞信添慧债券A,债券型
006739,工银瑞信添慧债券C,债券型
006740,工银尊利中短债债券A,债券型
006741,工银尊利中短债债券C,债券型
006742,南方臻元债券A,债券型
006743,国联央视财经50ETF联接A,指数型
006744,国联央视财经50ETF联接C,指数型
006745,交银中债1-3年农发债指数A,指数型
006746,交银中债1-3年农发债指数C,指数型
006747,东海祥利纯债,债券型
006748,富国中证价值ETF联接A,指数型
006750,富国德利纯债定开债,债券型
006751,富国互联科技股票A,股票型
006752,天弘港股通精选A,混合型
006753,天弘港股通精选C,混合型
006754,鑫元悦利定开债发起式,债券型
006756,国泰中证生物医药ETF联接A,指数型
006757,国泰中证生物医药ETF联接C,指数型
006758,农银汇理金禄债券,债券型
006759,银河乐活优萃混合A,混合型
006760,国金惠盈纯债C,债券型
006761,银河家盈债券A,债券型
006762,国泰聚享纯债债券A,债券型
006763,汇添富养老2030三年持有混合(FOF)A,FOF
006764,景顺长城景泰鑫利纯债A,债券型
006767,银河嘉裕债券,债券型
006768,华安沪港深优选混合,混合型
006769,长城研究精选混合A,混合型
006771,永赢合益债券,债券型
006772,汇添富丰润中短债A,债券型
006773,国寿安保尊荣中短债债券A,债券型
006774,国寿安保尊荣中短债债券C,债券型
006775,前海开源优质成长混合,混合型
006776,华夏鼎略债券A,债券型
006777,华夏鼎略债券C,债券型
006780,广发稳健策略混合A,混合型
006781,汇丰晋信港股通精选股票,股票型
006782,国泰信利三个月定开债,债券型
006785,东方量化多策略混合A,混合型
006786,泰康港股通大消费指数A,指数型
006787,泰康港股通大消费指数C,指数型
006789,中信保诚景丰A,债券型
006790,中信保诚景丰C,债券型
006791,建信睿兴纯债债券,债券型
006792,鹏华港美互联股票美元现汇,QDII
006793,交银稳鑫短债债券A,债券型
006794,交银稳鑫短债债券C,债券型
006795,国泰裕祥三个月定开债,债券型
006796,富国消费升级混合A,混合型
006797,嘉实中短债债券A,债券型
006798,嘉实中短债债券C,债券型
006799,财通资管鸿运中短债债券A,债券型
006800,财通资管鸿运中短债债券C,债券型
006801,前海联合科技先锋混合A,混合型
006802,前海联合科技先锋混合C,混合型
006803,嘉实互通精选股票,股票型
006804,富国短债债券型A,债券型
006805,富国短债债券型C,债券型
006806,西部利得添盈短债债券A,债券型
006807,西部利得添盈短债债券C,债券型
006808,西部利得添盈短债债券E,债券型
006809,泰康香港银行指数A,指数型
006810,泰康香港银行指数C,指数型
006811,大成景盈债券A,债券型
006812,大成惠福债券A,债券型
006813,博时汇悦回报混合,混合型
006824,创金合信鑫日享短债债券A,债券型
006825,创金合信鑫日享短债债券C,债券型
006826,华宝宝裕债券A,债券型
006827,中加瑞鑫纯债债券,债券型
006828,银河久泰债券A,债券型
006829,鹏扬利沣短债A,债券型
006830,鹏扬利沣短债C,债券型
006831,鹏扬利沣短债E,债券型
006832,鹏扬添利增强债券A,债券型
006833,鹏扬添利增强债券C,债券型
006834,工银尊享短债债券A,债券型
006835,工银尊享短债债券C,债券型
006836,永赢惠泽一年,混合型
006837,银华信用四季红债券C,债券型
006838,鑫元荣利三个月定开债,债券型
006839,安信聚利增强债券A,债券型
006840,安信聚利增强债券C,债券型
006841,嘉实致享纯债债券,债券型
006842,南方国利6个月定开债,债券型
006843,中信建投睿溢混合C,混合型
006844,中信建投稳利混合C,混合型
006845,中信建投聚利混合C,混合型
006846,中银福建国企债定开债A,债券型
006847,中银福建国企债定开债C,债券型
006848,博时中债5-10农发行A,指数型
006849,博时中债5-10农发行C,指数型
006850,永赢颐利债券,债券型
006851,平安中短债债券E,债券型
006852,永赢迅利中高等级短债A,债券型
006853,中银汇享债券,债券型
006854,人保鑫泽纯债A,债券型
006855,人保鑫泽纯债C,债券型
006856,银河丰泰3个月定开债券,债券型
006859,易方达汇诚养老2033三年持有混合发起(FOF)A,FOF
006860,易方达汇诚养老2038三年持有混合发起式(FOF)A,FOF
006861,招商和悦稳健养老一年持有期混合(FOF)A,FOF
006862,招商和悦稳健养老一年持有期混合(FOF)C,FOF
006863,国联安智能制造混合A,混合型
006864,国联安核心资产策略混合,混合型
006865,泰康安惠纯债债券C,债券型
006866,汇安嘉鑫纯债债券C,债券型
006867,易方达丰华债券C,债券型
006868,华夏科技成长股票,股票型
006869,广发政策性金融债,债券型
006870,广发景和中短债A,债券型
006871,广发景和中短债C,债券型
006872,长信颐天养老三年持有混合(FOF)A,FOF
006873,长信颐天养老三年持有混合(FOF)C,FOF
006874,创金合信恒兴中短债债券A,债券型
006875,创金合信恒兴中短债债券C,债券型
006876,国投瑞银稳健养老目标一年持有混合(FOF)A,FOF
006877,天治量化核心精选混合A,混合型
006878,天治量化核心精选混合C,混合型
006879,华安智能生活混合A,混合型
006880,交银安享稳健养老一年(FOF)A,FOF
006881,华宝大健康混合A,混合型
006882,华泰保兴健康消费A,混合型
006883,华泰保兴健康消费C,混合型
006884,汇添富AAA级信用纯债A,债券型
006885,汇添富AAA级信用纯债C,债券型
006886,工银养老2050五年持有A,FOF
006887,诺德新生活混合A,混合型
006888,诺德新生活混合C,混合型
006889,平安惠鸿纯债债券,债券型
006890,摩根领先优选混合A,混合型
006891,华夏养老2050五年持有混合发起式(FOF)A,FOF
006892,新华鼎利债券C,债券型
006893,汇添富丰利短债A,债券型
006894,兴业养老2035(FOF)A,FOF
006895,兴业养老2035(FOF)C,FOF
006896,新华聚利债券A,债券型
006897,新华聚利债券C,债券型
006898,天弘弘丰增强回报债券A,债券型
006899,天弘弘丰增强回报债券C,债券型
006901,上银慧祥利债券A,债券型
006902,长盛安鑫中短债A,债券型
006903,长盛安鑫中短债C,债券型
006904,泰康产业升级混合A,混合型
006905,泰康产业升级混合C,混合型
006907,银华安鑫短债债券A,债券型
006908,银华安鑫短债债券C,债券型
006909,华夏战略新兴成指ETF联接A,指数型
006910,华夏战略新兴成指ETF联接C,指数型
006912,长城久泰沪深300指数C,指数型
006913,南方华元A,债券型
006914,南方华元C,债券型
006915,南方亨元债券A,债券型
006916,南方亨元债券C,债券型
006917,上银慧祥利债券C,债券型
006919,国寿安保泰和纯债债券,债券型
006920,嘉实稳华纯债债券C,债券型
006921,南方智诚混合,混合型
006922,华宝宝裕债券C,债券型
006923,前海开源沪港深非周期股票A,股票型
006924,前海开源沪港深非周期股票C,股票型
006925,永赢中债1-3年政金债指数,指数型
006926,长城量化精选股票A,股票型
006927,浙商汇金聚鑫定开债发起式,债券型
006928,长城创业板指数增强C,指数型
006929,博时富融纯债债券A,债券型
006932,平安0-3年期政策性金融债债券A,债券型
006933,平安0-3年期政策性金融债债券C,债券型
006934,平安3-5年期政策性金融债债券A,债券型
006935,平安3-5年期政策性金融债债券C,债券型
006936,华安安盛3个月定开债,债券型
006937,工银沪深300指数C,指数型
006938,鹏华中证500指数(LOF)C,指数型
006939,鹏华沪深300ETF联接(LOF)C,指数型
006941,国泰惠盈纯债债券A,债券型
006944,永赢悦利债券,债券型
006946,宝盈聚享定期开放债券,债券型
006947,华宝中短债债券A,债券型
006948,华宝中短债债券C,债券型
006949,前海开源乾利定期开放债券,债券型
006952,中银景元回报混合,混合型
006953,华安安业债券A,债券型
006954,华安安业债券C,债券型
006955,国泰惠富纯债债券A,债券型
006956,鹏华永润一年定期开放债券,债券型
006958,鹏华永融一年定期开放债券,债券型
006959,浦银中债3-5年农发债指数A,指数型
006960,浦银中债3-5年农发债指数C,指数型
006961,南方中债7-10年国开行债券指数A,指数型
006962,南方中债7-10年国开行债券指数C,指数型
006963,中加颐瑾定开债券A,债券型
006964,中加颐瑾定开债券C,债券型
006965,财通安瑞短债债券A,债券型
006966,财通安瑞短债债券C,债券型
006969,圆信永丰高端制造A,混合型
006970,广发景利纯债A,债券型
006972,金鹰民安回报定开A,混合型
006973,太平睿盈混合A,混合型
006974,金鹰鑫日享债券A,债券型
006975,金鹰鑫日享债券C,债券型
006976,鹏华核心优势混合A,混合型
006977,农银汇理海棠三年定开混合,混合型
006978,泰康安欣纯债债券A,债券型
006979,泰康安欣纯债债券C,债券型
006980,国寿安保泰恒纯债债券,债券型
006981,中金新医药股票A,股票型
006984,兴全恒瑞定开债券发起式,债券型
006985,兴全恒裕债券A,债券型
006986,平安季添盈定开债A,债券型
006987,平安季添盈定开债C,债券型
006988,平安季添盈定开债E,债券型
006989,建信中短债纯债债券A,债券型
006990,建信中短债纯债债券C,债券型
006991,民生加银康宁稳健养老目标一年持有混合(FOF)A,FOF
006992,嘉合锦创优势精选混合,混合型
006993,鑫元承利三个月定开债,债券型
006994,国泰瑞安三个月定期开放债券,债券型
006995,南方惠利6个月定开债A,债券型
006996,南方惠利6个月定开债C,债券型
006997,平安惠添纯债债券,债券型
006998,广发景兴中短债A,债券型
006999,广发景兴中短债C,债券型
007000,鹏华中债1-3年国开行债券指数A,指数型
007001,鹏华中债1-3年国开行债券指数C,指数型
007005,中金新医药股票C,股票型
007008,中邮纯债优选一年定开债A,债券型
007009,中邮纯债优选一年定开债C,债券型
007010,国寿安保中债1-3年指数A,指数型
007011,国寿安保中债1-3年指数C,指数型
007012,湘财长顺混合发起式A,混合型
007013,湘财长顺混合发起式C,混合型
007014,嘉合磐泰短债A,债券型
007015,嘉合磐泰短债C,债券型
007016,富国睿泽回报混合,混合型
007017,平安如意中短债A,债券型
007018,平安如意中短债C,债券型
007019,平安如意中短债E,债券型
007020,华安添鑫中短债C,债券型
007021,嘉实中债1-3政金债指数A,指数型
007022,嘉实中债1-3政金债指数C,指数型
007023,中银证券安泽债券A,债券型
007024,中银证券安泽债券C,债券型
007025,南方鑫利3个月定开债,债券型
007026,建信中债1-3年国开债A,指数型
007027,建信中债1-3年国开债C,指数型
007028,易方达中证500ETF联接发起式A,指数型
007029,易方达中证500ETF联接发起式C,指数型
007032,平安可转债债券A,债券型
007033,平安可转债债券C,债券型
007034,中科沃土沃安中短利率C,债券型
007035,中银中债1-3年期国开行债券指数A,指数型
007037,海富通聚合纯债,债券型
007040,前海联合泳隆混合C,混合型
007041,前海联合泳涛混合C,混合型
007042,前海联合泳隽混合C,混合型
007043,前海联合泓鑫混合C,混合型
007044,博道沪深300增强A,指数型
007045,博道沪深300增强C,指数型
007046,方正富邦创新动力混合C,混合型
007047,长城核心优势混合A,混合型
007048,平安安心灵活配置混合C,混合型
007049,平安鑫安混合E,混合型
007050,鑫元恒利三个月定开债,债券型
007053,平安季开鑫定开债A,债券型
007054,平安季开鑫定开债C,债券型
007055,平安季开鑫定开债E,债券型
007056,银华积极精选混合,混合型
007057,中泰蓝月短债A,债券型
007058,中泰蓝月短债C,债券型
007059,汇添富养老2040五年持有混合(FOF)A,FOF
007060,汇添富养老2050混合(FOF)A,FOF
007061,中加聚盈四个月定开债A,债券型
007062,中加聚盈四个月定开债C,债券型
007063,长盛研发回报混合A,混合型
007064,浦银安盛上清所优选短融A,指数型
007065,浦银安盛上清所优选短融C,指数型
007066,浦银安盛先进制造混合A,混合型
007067,浦银安盛先进制造混合C,混合型
007068,浦银安盛普丰纯债债券A,债券型
007069,浦银安盛普丰纯债债券C,债券型
007070,博时颐泽稳健养老(FOF)A,FOF
007071,博时颐泽稳健养老(FOF)C,FOF
007072,民生加银鑫福混合C,混合型
007073,海富通上清所短融债券C,指数型
007074,国寿安保新蓝筹混合,混合型
007075,富国产业债券C,债券型
007076,汇添富中证医药ETF联接A,指数型
007077,汇添富中证医药ETF联接C,指数型
007078,工银3-5年国开债指数A,指数型
007079,工银3-5年国开债指数C,指数型
007082,平安高端制造混合A,混合型
007083,平安高端制造混合C,混合型
007084,天治转型升级混合,混合型
007085,招商瑞庆混合C,混合型
007086,永赢汇利六个月定开债,债券型
007088,民生加银恒裕债券,债券型
007089,国投瑞银中证500指数量化增强C,指数型
007090,海富通稳健养老目标一年持有混合(FOF)A,FOF
007091,东兴兴福一年定开债券A,债券型
007092,鑫元中债3-5年国开行债券指数A,指数型
007093,鑫元中债3-5年国开行债券指数C,指数型
007094,建信中债国开行债A,指数型
007095,建信中债国开行债C,指数型
007096,大成沪深300指数C,指数型
007097,汇添富中债1-3年国开债A,指数型
007098,汇添富中债1-3年国开债C,指数型
007099,安信尊享添益债券C,债券型
007100,中银添利债券发起E,债券型
007101,中欧远见两年定开混合C,混合型
007104,易方达恒利定期开放债券,债券型
007105,国泰丰鑫纯债债券A,债券型
007107,太平MSCI香港价值增强A,指数型
007108,太平MSCI香港价值增强C,指数型
007109,南方沪港深核心优势混合A,混合型
007110,国投瑞银港股通混合A,混合型
007111,前海联合国民健康混合C,混合型
007113,永赢高端制造混合A,混合型
007114,永赢高端制造混合C,混合型
007115,金元顺安桉盛债券C,债券型
007116,华宝政金债债券A,债券型
007117,华泰紫金丰泰纯债发起A,债券型
007118,华泰紫金丰泰纯债发起C,债券型
007119,睿远成长价值混合A,混合型
007120,睿远成长价值混合C,混合型
007121,中加裕盈纯债债券A,债券型
007122,工银1-3年国开债指数A,指数型
007123,工银1-3年国开债指数C,指数型
007124,工银1-3年农发债指数A,指数型
007125,工银1-3年农发债指数C,指数型
007126,博道远航混合A,混合型
007127,博道远航混合C,混合型
007128,天弘增强回报债券A,债券型
007129,天弘增强回报债券C,债券型
007130,中庚小盘价值股票,股票型
007132,长城港股通价值精选混合A,混合型
007133,嘉实长青竞争优势股票A,股票型
007134,嘉实长青竞争优势股票C,股票型
007135,广发中证A100ETF联接A,指数型
007136,广发中证A100ETF联接C,指数型
007137,鹏扬元合量化大盘A,股票型
007138,鹏扬元合量化大盘C,股票型
007139,富国民裕进取沪港深成长A,混合型
007140,富国全球债券(QDII)美元现汇,QDII
007141,嘉合稳健增长混合A,混合型
007142,嘉合稳健增长混合C,混合型
007143,国投瑞银沪深300指数量化增强A,指数型
007144,国投瑞银沪深300指数量化增强C,指数型
007145,泰康安和纯债6个月定开债券,债券型
007146,鹏华研究智选混合,混合型
007147,博时中债1-3年国开行A,指数型
007148,博时中债1-3年国开行C,指数型
007149,南方初元中短债A,债券型
007150,南方初元中短债C,债券型
007151,前海开源沪港深聚瑞混合,混合型
007152,诺德策略精选,混合型
007153,汇添富中证银行ETF联接A,指数型
007154,汇添富中证银行ETF联接C,指数型
007155,银河中债央企20债券指数,指数型
007156,京管泰富京元一年定开债券发起,债券型
007157,京管泰富京诚12个月定开债券发起,债券型
007158,平安合盛定开债,债券型
007159,南方富元稳健养老目标一年持有混合(FOF)A,FOF
007160,南方富元稳健养老目标一年持有混合(FOF)C,FOF
007161,南方恒庆一年定开债,债券型
007163,浦银安盛环保新能源A,混合型
007164,浦银安盛环保新能源C,混合型
007165,华夏中债1-3年政金债指数A,指数型
007166,华夏中债1-3年政金债指数C,指数型
007167,华安安和债券A,债券型
007168,华安安和债券C,债券型
007169,易方达中债1-3年国开债A,指数型
007170,易方达中债1-3年国开债C,指数型
007171,易方达中债3-5年国开行债A,指数型
007172,易方达中债3-5年国开行债C,指数型
007173,招商添旭定开债发起式A,债券型
007174,招商添旭定开债发起式C,债券型
007175,国联聚通定期开放债券,债券型
007176,富国泓利纯债债券型发起式C,债券型
007177,浙商智能行业优选混合A,混合型
007178,浙商中华预期高股息A,指数型
007179,浙商丰顺纯债债券,债券型
007180,华安中债1-3年政策金融债A,指数型
007181,华安中债1-3年政策金融债C,指数型
007182,万家沪港深蓝筹混合A,混合型
007183,万家沪港深蓝筹混合C,混合型
007184,蜂巢添鑫纯债A,债券型
007185,蜂巢添鑫纯债C,债券型
007186,华夏中债3-5年政金债指数A,指数型
007187,华夏中债3-5年政金债指数C,指数型
007188,嘉实养老2050混合(FOF)A,FOF
007189,南华价值启航纯债债券A,债券型
007190,南华价值启航纯债债券C,债券型
007191,富国中证价值ETF联接C,指数型
007192,恒越研究精选混合C,混合型
007193,恒越核心精选混合C,混合型
007194,长城短债A,债券型
007195,长城短债C,债券型
007196,平安惠合纯债,债券型
007197,富国中债1-5年农发行债券指数A,指数型
007198,富国中债1-5年农发行债券指数C,指数型
007199,永赢泰利债券A,债券型
007200,永赢泰利债券C,债券型
007201,民生加银聚益纯债债券A,债券型
007202,天弘优质成长企业A,混合型
007203,银河新动能混合A,混合型
007204,银华美元债精选债券(QDII)A,QDII
007205,银华美元债精选债券(QDII)C,QDII
007206,银华丰华三个月定开债,债券型
007207,华夏常阳三年定开混合,混合型
007208,中邮中债1-3年久期央企20A,指数型
007209,中邮中债1-3年久期央企20C,指数型
007210,华商瑞丰短债债券C,债券型
007211,汇安中短债债券E,债券型
007212,山证资管裕泰3个月定开债券发起式,债券型
007213,华安安平6个月定开债,债券型
007214,国泰惠丰纯债债券A,债券型
007215,国寿安保泰荣纯债债券,债券型
007216,浙商中华预期高股息C,指数型
007217,浙商智能行业优选混合C,混合型
007218,蜂巢添幂中短债A,债券型
007219,蜂巢添幂中短债C,债券型
007220,天弘华享三个月定开债,债券型
007221,摩根锦程均衡养老三年持有混合(FOF)A,FOF
007223,工银中证500ETF联接C,指数型
007224,浙商惠泉3个月定开债A,债券型
007225,浙商惠泉3个月定开债C,债券型
007226,海富通中短债债券C,债券型
007227,海富通中短债债券A,债券型
007228,华安中债7-10年国开债A,指数型
007229,华安中债7-10年国开债C,指数型
007230,兴全沪深300指数(LOF)C,指数型
007231,国泰民安养老目标日期2040三年持有期混合FOFA,FOF
007232,万家平衡养老目标三年(FOF)A,FOF
007233,金鹰鑫益混合E,混合型
007234,博时优势企业灵活配置混合C,混合型
007235,广发聚利债券C,债券型
007238,平安养老目标日期2035三年持有混合(FOF)A,FOF
007239,平安养老目标日期2035三年持有混合(FOF)C,FOF
007240,申万菱信安泰瑞利中短债C,债券型
007241,中欧预见养老2050五年持有(FOF)A,FOF
007242,中欧预见养老2050五年持有(FOF)C,FOF
007243,安信核心竞争力混合A,混合型
007244,安信核心竞争力混合C,混合型
007245,安信鑫日享中短债A,债券型
007246,安信鑫日享中短债C,债券型
007247,易方达汇智稳健养老一年持有混合(FOF)A,FOF
007249,广发均衡养老三年持有混合(FOF)A,FOF
007250,广发养老2050五年持有混合发起式(FOF)A,FOF
007251,广发睿享稳健增利混合A,混合型
007252,广发中债农发债总指数A,指数型
007253,广发中债农发债总指数C,指数型
007254,广发均衡价值混合A,混合型
007255,华宝稳健养老(FOF)A,FOF
007256,广发汇阳三个月定期开放债券,债券型
007259,民生加银中债1-3年农发债指数A,指数型
007260,国投瑞银顺祺纯债,债券型
007261,融通消费升级混合A,混合型
007262,东方红聚利债券A,债券型
007263,东方红聚利债券C,债券型
007268,山证资管裕睿6个月定开债券A,债券型
007269,山证资管裕睿6个月定开债券C,债券型
007271,鹏华养老2045三年持有混合发起式(FOF)A,FOF
007272,景顺稳健养老目标三年混合(FOF)A,FOF
007275,银河沪深300指数增强A,指数型
007276,银河沪深300指数增强C,指数型
007277,恒生前海消费升级混合,混合型
007278,国泰兴富三个月定开债,债券型
007279,永赢众利债券A,债券型
007280,摩根日本精选股票(QDII)A,QDII
007282,华夏鼎淳债券A,债券型
007283,华夏鼎淳债券C,债券型
007284,工银中债1-5年进出口行A,指数型
007285,工银中债1-5年进出口行C,指数型
007286,中邮纯债裕利三个月定开债,债券型
007287,合煦智远消费主题股票发起式A,股票型
007288,合煦智远消费主题股票发起式C,股票型
007289,汇添富中债1-3年农发债A,指数型
007290,汇添富中债1-3年农发债C,指数型
007291,汇丰晋信港股通双核策略混合,混合型
007292,民生加银兴盈债券,债券型
007293,长信利信混合C,混合型
007294,长信利信混合E,混合型
007295,天弘安益债券A,债券型
007296,天弘安益债券C,债券型
007297,大成养老2040(FOF)A,FOF
007298,大成养老2040(FOF)C,FOF
007299,京管泰富中债京津冀综合A,指数型
007300,国联安中证半导体ETF联接A,指数型
007301,国联安中证半导体ETF联接C,指数型
007302,华宝宝盛债券A,债券型
007303,京管泰富优势混合A,混合型
007304,京管泰富优势混合C,混合型
007305,国联安新科技混合,混合型
007306,华泰柏瑞基本面智选A,混合型
007307,华泰柏瑞基本面智选C,混合型
007310,银华尊尚稳健养老混合(FOF)A,FOF
007311,方正富邦添利纯债A,债券型
007312,方正富邦添利纯债C,债券型
007315,汇安嘉盈一年持有期债券A,债券型
007316,交银可转债债券A,债券型
007317,交银可转债债券C,债券型
007318,中银民丰回报混合,混合型
007319,嘉实汇达中短债债券A,债券型
007320,嘉实汇达中短债债券C,债券型
007321,鹏华金利债券A,债券型
007323,永赢久利债券,债券型
007324,鑫元中债1-3年国开行债券指数A,指数型
007325,鑫元中债1-3年国开行债券指数C,指数型
007327,前海联合泳辉纯债A,债券型
007328,招商添盈纯债E,债券型
007329,摩根瑞益纯债债券A,债券型
007330,摩根瑞益纯债债券C,债券型
007331,国泰惠融纯债债券,债券型
007332,嘉合磐昇纯债A,债券型
007333,嘉合磐昇纯债C,债券型
007335,中银中债1-3年期农发行债,指数型
007336,汇安嘉盛纯债债券A,债券型
007337,汇安嘉盛纯债债券C,债券型
007338,前海联合泳辉纯债C,债券型
007339,易方达沪深300ETF联接C,指数型
007340,南方科技创新混合A,混合型
007341,南方科技创新混合C,混合型
007342,国投瑞银顺臻纯债债券A,债券型
007343,嘉实科技创新混合,混合型
007345,富国科技创新灵活配置混合,混合型
007346,易方达科技创新混合A,混合型
007347,永赢昌利债券A,债券型
007348,永赢昌利债券C,债券型
007349,华夏科技创新混合A,混合型
007350,华夏科技创新混合C,混合型
007351,永赢同利债券A,债券型
007352,永赢同利债券C,债券型
007353,工银科技创新混合,混合型
007354,创金合信港股通量化股票A,股票型
007355,汇添富科技创新混合A,混合型
007356,汇添富科技创新混合C,混合型
007357,创金合信港股通量化股票C,股票型
007360,易方达中短期美元债(QDII)A人民币,QDII
007361,易方达中短期美元债(QDII)C人民币,QDII
007362,易方达中短期美元债(QDII)A美元现汇,QDII
007363,易方达中短期美元债(QDII)C美元现汇,QDII
007364,易方达中债1-3年政金债A,指数型
007365,易方达中债1-3年政金债C,指数型
007368,浙商沪港深精选混合A,混合型
007369,浙商沪港深精选混合C,混合型
007370,华安安嘉定开,债券型
007371,国联安增瑞政金债债券A,债券型
007372,国联安增瑞政金债债券C,债券型
007373,永赢卓利债券,债券型
007374,永赢淳利债券,债券型
007375,西部利得聚利6个月定开债A,债券型
007376,西部利得聚利6个月定开债C,债券型
007377,西部利得聚享一年定开债券A,债券型
007378,西部利得聚享一年定开债券C,债券型
007379,易方达上证50ETF联接基金A,指数型
007380,易方达上证50ETF联接基金C,指数型
007381,国融融信消费严选混合A,混合型
007382,国融融信消费严选混合C,混合型
007383,国融稳益债券A,债券型
007384,国融稳益债券C,债券型
007385,华泰保兴安盈定开混合,混合型
007386,浙商中证500增强C,指数型
007387,融通通慧混合C,混合型
007388,摩根研究驱动股票A,股票型
007389,摩根研究驱动股票C,股票型
007390,上银中债1-3年农发行债券指数A,指数型
007391,申万菱信安泰丰利债券A,债券型
007392,申万菱信安泰丰利债券C,债券型
007393,上银未来生活灵活配置混合A,混合型
007394,东兴兴财短债债券A,债券型
007395,东兴兴财短债债券C,债券型
007396,广发景辉纯债,债券型
007397,华宝沪港深价值指数C,指数型
007398,兴全磐稳增利债券C,债券型
007401,浦银颐和稳健养老一年(FOF)A,FOF
007402,浦银颐和稳健养老一年(FOF)C,FOF
007404,华宝沪深300增强策略ETF发起式联接C,指数型
007405,华宝中证A100ETF联接C,指数型
007406,银河睿鑫债券,债券型
007407,农银养老2035混合(FOF)A,FOF
007408,鹏扬淳开债券A,债券型
007409,鹏扬淳开债券C,债券型
007412,景顺长城绩优成长混合A,混合型
007413,长城中证500指数增强C,指数型
007414,长江安盈中短债六个月定开A,债券型
007415,南方致远混合A,混合型
007416,南方致远混合C,混合型
007417,泰康信用精选债券A,债券型
007418,泰康信用精选债券C,债券型
007419,国寿安保泰弘纯债债券,债券型
007420,华安鼎信3个月定开债,债券型
007425,浙商汇金中高等级三个月A,债券型
007426,浙商汇金聚盈中短债A,债券型
007427,永赢凯利债券,债券型
007428,长信富瑞两年定开债券C,债券型
007429,鹏扬淳盈6个月定开债A,债券型
007430,鹏扬淳盈6个月定开债C,债券型
007431,浙商之江凤凰联接A,指数型
007432,华泰保兴久盈63个月定开债,债券型
007433,兴银合丰债券A,债券型
007435,华宝宝怡债券,债券型
007439,东海科技动力A,混合型
007440,南方旭元债券A,债券型
007441,南方旭元债券C,债券型
007442,浙商汇金中高等级三个月C,债券型
007443,浙商汇金聚盈中短债C,债券型
007446,中欧增强回报债券(LOF)C,债券型
007447,平安惠泰纯债A,债券型
007448,长信沪深300指数增强C,指数型
007449,兴全多维价值混合A,混合型
007450,兴全多维价值混合C,混合型
007451,易方达恒兴3个月定开债,债券型
007454,民生加银嘉盈债券,债券型
007455,富国蓝筹精选股票(QDII)人民币,QDII
007456,汇添富90天短债A,债券型
007457,汇添富90天短债B,债券型
007458,汇添富90天短债C,债券型
007459,浙商惠睿纯债A,债券型
007460,华安成长创新混合A,混合型
007461,德邦锐泓债券A,债券型
007462,德邦锐泓债券C,债券型
007463,东海科技动力C,混合型
007464,交银创业板50指数A,指数型
007465,交银创业板50指数C,指数型
007466,华泰柏瑞中证红利低波ETF联接A,指数型
007467,华泰柏瑞中证红利低波ETF联接C,指数型
007468,中信建投精选混合A,混合型
007469,中信建投精选混合C,混合型
007470,博道叁佰智航股票A,股票型
007471,博道叁佰智航股票C,股票型
007472,华夏创业板价值ETF联接A,指数型
007473,华夏创业板价值ETF联接C,指数型
007474,华夏创业板成长ETF联接A,指数型
007475,华夏创业板成长ETF联接C,指数型
007478,中加恒泰定开债券A,债券型
007479,光大量化股票C,股票型
007480,中加优享纯债债券A,债券型
007481,华夏逸享健康混合A,混合型
007482,永赢智益纯债三个月,债券型
007484,信澳核心科技混合A,混合型
007485,博时中债3-5年国开行A,指数型
007486,博时中债3-5年国开行C,指数型
007488,万家民安增利12个月定开债A,债券型
007489,万家民安增利12个月定开债C,债券型
007490,南方信息创新混合A,混合型
007491,南方信息创新混合C,混合型
007492,上银政策性金融债债券A,债券型
007493,朱雀产业臻选混合A,混合型
007494,朱雀产业臻选混合C,混合型
007495,兴业中债1-3政策性金融债C,指数型
007496,农银汇理丰泽三年定开债,债券型
007497,中庚价值灵动灵活配置混合,混合型
007498,中庚价值灵动灵活配置混合(后端),混合型
007499,光大风格轮动混合C,混合型
007500,鹏华尊诚定开债发起式,债券型
007501,万家科创主题灵活配置混合(LOF)C,混合型
007502,前海开源裕和混合C,混合型
007505,华夏AH经济蓝筹股票A,指数型
007506,华夏AH经济蓝筹股票C,指数型
007507,大成中债3-5年国开债A,指数型
007508,大成中债3-5年国开债C,指数型
007509,华商润丰灵活配置混合C,混合型
007510,南方泰元债券A,债券型
007511,南方泰元债券C,债券型
007512,工银沪港深股票C,股票型
007513,博时富丰3个月定开债,债券型
007515,鹏华稳利短债债券A,债券型
007516,融通增润三个月定开债,债券型
007517,博时富淳3个月定开债,债券型
007518,东方阿尔法优选混合A,混合型
007519,东方阿尔法优选混合C,混合型
007520,富安达富利纯债A,债券型
007521,南方日添益F,货币型
007522,南方理财金交易型货币E,货币型
007523,汇添富内需增长股票A,股票型
007524,汇添富内需增长股票C,股票型
007525,易方达年年恒夏一年定开债A,债券型
007526,易方达年年恒夏一年定开债C,债券型
007527,融通量化多策略混合A,混合型
007528,融通量化多策略混合C,混合型
007529,嘉实汇鑫中短债A,债券型
007530,嘉实汇鑫中短债C,债券型
007531,华宝券商ETF联接C,指数型
007532,国泰盛合三个月定开债,债券型
007533,格林创新成长混合A,混合型
007534,格林创新成长混合C,混合型
007535,中欧盈和债券,债券型
007536,博时富乐纯债债券A,债券型
007537,景顺长城景泰盈利纯债,债券型
007538,永赢沪深300ETF发起联接A,指数型
007539,永赢沪深300ETF发起联接C,指数型
007540,华泰保兴安悦债券A,债券型
007542,永赢开泰中高等级中短债A,债券型
007543,永赢开泰中高等级中短债C,债券型
007544,鹏华尊晟定期开放发起式债券,债券型
007545,太平恒安三个月定开债,债券型
007546,融通增享纯债债券A,债券型
007548,易方达ESG责任投资股票,股票型
007549,中泰开阳价值优选混合A,混合型
007550,东兴未来价值混合C,混合型
007551,鑫元泽利A,债券型
007552,中信建投稳裕定开债C,债券型
007553,中信建投医改混合C,混合型
007554,财通恒利纯债,债券型
007555,中航瑞明纯债A,债券型
007556,中航瑞明纯债C,债券型
007557,中加优选中高等级债券A,债券型
007558,中加优选中高等级债券C,债券型
007559,鑫元富利三个月定期开放债,债券型
007560,国联恒鑫纯债A,债券型
007561,国联恒鑫纯债C,债券型
007562,景顺长城景泰纯利债券A,债券型
007563,兴银汇逸定开债,债券型
007564,鹏扬淳明债券A,债券型
007565,鹏扬淳明债券C,债券型
007566,中银宁享债券,债券型
007567,南方恒新39个月A,债券型
007568,南方恒新39个月C,债券型
007569,南方安福混合C,混合型
007570,方正富邦红利精选混合C,混合型
007571,南方上证380ETF联接C,指数型
007572,中加民丰纯债A,债券型
007573,农银汇理丰盈三年定开债,债券型
007574,宝盈新价值混合C,混合型
007575,宝盈祥泰混合C,混合型
007576,华夏鼎琪三个月定开债券,债券型
007577,宝盈祥瑞混合C,混合型
007578,宝盈新锐混合C,混合型
007579,宝盈先进制造混合C,混合型
007580,宝盈中证A100指数增强C,指数型
007581,宝盈鸿利收益灵活配置混合C,混合型
007582,中泰青月中短债A,债券型
007583,中泰青月中短债C,债券型
007584,鹏华丰鑫债券A,债券型
007585,工银瑞弘3个月定开债,债券型
007586,华泰保兴多策略,股票型
007587,浙商丰裕纯债债券A,债券型
007588,浙商丰裕纯债债券C,债券型
007589,嘉实致元42个月定期债券,债券型
007590,华宝绿色领先股票,股票型
007591,华夏恒益18个月定开债券,债券型
007592,华夏价值精选混合A,混合型
007593,鹏扬中证500质量成长ETF联接A,指数型
007594,鹏扬中证500质量成长ETF联接C,指数型
007595,招商添泽纯债A,债券型
007596,招商添泽纯债C,债券型
007598,广发民玉纯债A,债券型
007600,泰康润颐63个月定开债券,债券型
007603,景顺长城中短债A,债券型
007604,景顺长城中短债C,债券型
007605,嘉实沪深300红利低波动ETF联接A,指数型
007606,嘉实沪深300红利低波动ETF联接C,指数型
007609,汇安嘉诚债券A,债券型
007610,汇安嘉诚债券C,债券型
007611,汇安裕和纯债债券A,债券型
007612,汇安裕和纯债债券C,债券型
007616,富国投资级信用债债券型A,债券型
007617,富国投资级信用债债券型C,债券型
007618,富国投资级信用债债券型D,债券型
007619,中欧润逸63个月定开债,债券型
007632,华润元大安鑫灵活配置混合C,混合型
007635,银河天盈中短债A,债券型
007636,银河天盈中短债C,债券型
007637,兴银鑫日享短债C,债券型
007638,前海开源康颐平衡养老三年(FOF)A,FOF
007639,汇添富竞争优势灵活配置混合,混合型
007640,宏利永利债券,债券型
007643,华安稳健养老目标一年持有混合发起式(FOF)A,FOF
007644,华宝宝润债券A,债券型
007645,平安季享裕定开债A,债券型
007646,平安季享裕定开债C,债券型
007647,平安季享裕定开债E,债券型
007649,博时颐泽平衡养老(FOF)A,FOF
007650,工银养老2040三年持有A,FOF
007651,工银养老2045三年持有A,FOF
007652,华夏稳健养老一年持有混合(FOF)A,FOF
007653,长盛稳益6个月A,债券型
007654,长盛稳益6个月C,债券型
007655,南方定元中短债债券A,债券型
007656,南方定元中短债债券C,债券型
007657,东方红中证竞争力指数A,指数型
007658,东方红中证竞争力指数C,指数型
007659,博时富汇3个月定开债发起式,债券型
007660,招商和悦均衡养老三年持有混合(FOF)A,FOF
007661,南方养老目标2030三年持有混合发起(FOF)A,FOF
007662,富国鑫旺均衡养老目标三年持有混合发起(FOF)A,FOF
007663,平安安享灵活配置混合C,混合型
007664,永赢创业板指数发起式A,指数型
007665,永赢创业板指数发起式C,指数型
007666,华夏鼎泓债券A,债券型
007667,华夏鼎泓债券C,债券型
007668,广发养老目标日期2035三年持有期混合发起式(FOF)A,FOF
007669,太平睿盈混合C,混合型
007670,嘉实商业银行精选债券A,债券型
007671,建信中证红利潜力指数A,指数型
007672,建信中证红利潜力指数C,指数型
007673,中加安瑞稳健养老目标一年持有混合(FOF)A,FOF
007674,工银产业升级股票A,股票型
007675,工银产业升级股票C,股票型
007676,蜂巢添汇纯债A,债券型
007677,蜂巢添汇纯债C,债券型
007680,中加享利三年债券,债券型
007681,鹏华丰登债券,债券型
007682,鹏华锦利两年定开债,债券型
007683,华商转债精选债券A,债券型
007684,华商转债精选债券C,债券型
007685,华商电子行业量化股票发起式A,股票型
007687,东方成长收益灵活配置混合C,混合型
007689,国投瑞银新能源混合A,混合型
007690,国投瑞银新能源混合C,混合型
007691,永赢泽利一年定开,债券型
007692,永赢鼎利债券A,债券型
007693,永赢鼎利债券C,债券型
007696,嘉实融享货币,货币型
007699,建信荣禧一年定期开放债券,债券型
007701,国联安6个月定开债A,债券型
007702,国联安6个月定开债C,债券型
007703,万家鑫盛纯债A,债券型
007704,万家鑫盛纯债C,债券型
007705,长城恒康稳健养老一年持有混合发起式(FOF)A,FOF
007706,南方聪元债券A,债券型
007707,南方聪元债券C,债券型
007708,中银瑞福浮动净值型货币A,货币型
007709,中银瑞福浮动净值型货币C,货币型
007710,格林泓泰三个月定开债A,债券型
007711,格林泓泰三个月定开债C,债券型
007712,中银康享3个月定期开放债券,债券型
007713,华富科技动能混合A,混合型
007714,南方贺元利率债债券A,债券型
007715,南方贺元利率债债券C,债券型
007716,嘉实致华纯债债券A,债券型
007717,工银尊享短债债券F,债券型
007718,中银创新医疗混合A,混合型
007719,永赢元利债券A,债券型
007720,永赢元利债券C,债券型
007721,天弘标普500发起(QDII-FOF)A,QDII
007722,天弘标普500发起(QDII-FOF)C,QDII
007723,鹏华锦润86个月定开债,债券型
007725,招商瑞文混合A,混合型
007726,招商瑞文混合C,混合型
007729,招商普盛全球配置(QDII)人民币A,QDII
007730,平安金管家货币C,货币型
007731,民生加银持续成长混合A,混合型
007732,民生加银持续成长混合C,混合型
007733,南方智锐混合A,混合型
007734,南方智锐混合C,混合型
007735,金鹰民安回报定开C,混合型
007736,民生加银聚鑫三年定开债,债券型
007737,诺德研发创新100,指数型
007738,淳厚稳惠债券A,债券型
007739,淳厚稳惠债券C,债券型
007740,天弘信益债券A,债券型
007741,天弘信益债券C,债券型
007744,长盛安逸纯债债券A,债券型
007745,长盛安逸纯债债券C,债券型
007746,华安现金润利,货币型
007747,海富通平衡养老目标三年持有期混合(FOF)A,FOF
007748,天弘养老2035三年(FOF)A,FOF
007749,民生加银鹏程混合C,混合型
007750,广发优势增长股票,股票型
007751,景顺长城沪港深红利成长低波指数A,指数型
007752,中银招利债券A,债券型
007753,中银招利债券C,债券型
007754,上银慧永利中短期债券A,债券型
007755,上银慧永利中短期债券C,债券型
007756,财通久利三个月定开债发起式,债券型
007758,平安乐享一年定开债A,债券型
007759,平安乐享一年定开债C,债券型
007760,景顺长城沪港深红利成长低波指数C,指数型
007761,鑫元安睿三年定开债,债券型
007762,富国天盈债券(LOF)A,债券型
007765,前海开源1-3年国开债A,指数型
007766,前海开源1-3年国开债C,指数型
007767,华泰保兴尊享定开,债券型
007768,信澳安盛纯债A,债券型
007769,东兴兴瑞一年定开A,债券型
007770,同泰开泰混合A,混合型
007771,同泰开泰混合C,混合型
007772,浦银安盛盛煊定开债券,债券型
007775,汇安量化先锋混合A,混合型
007776,汇安量化先锋混合C,混合型
007777,中邮研究精选混合,混合型
007778,广发景富纯债,债券型
007779,银华尊和养老2030三年持有混合发起式(FOF)A,FOF
007780,银华尊和养老2040三年持有混合发起(FOF)A,FOF
007784,广发央企创新驱动ETF联接A,指数型
007785,广发央企创新驱动ETF联接C,指数型
007786,富国中证国企一带一路ETF联接A,指数型
007787,富国中证国企一带一路ETF联接C,指数型
007788,易方达中证国企带路发起式联接A,指数型
007789,易方达中证国企带路发起式联接C,指数型
007790,南方梦元短债A,债券型
007791,南方梦元短债C,债券型
007792,嘉实央企创新驱动ETF联接A,指数型
007793,嘉实央企创新驱动ETF联接C,指数型
007794,申万菱信中证500指数优选增强C,指数型
007795,申万菱信中证500指数增强C,指数型
007796,博时央创ETF联接A,指数型
007797,博时央创ETF联接C,指数型
007799,申万菱信中小企业100指数(LOF)C,指数型
007800,申万菱信沪深300价值指数C,指数型
007801,大成中证红利指数C,指数型
007802,兴全合泰混合A,混合型
007803,兴全合泰混合C,混合型
007804,申万菱信沪深300指数增强C,指数型
007805,华宝浮动净值货币,货币型
007806,建信MSCI中国A股指数增强A,指数型
007807,建信MSCI中国A股指数增强C,指数型
007808,华银量化优选灵活配置,混合型
007809,富国中证央企创新驱动ETF联接A,指数型
007810,富国中证央企创新驱动ETF联接C,指数型
007811,淳厚信泽混合A,混合型
007812,淳厚信泽混合C,混合型
007815,嘉实新兴科技100ETF联接A,指数型
007816,嘉实新兴科技100ETF联接C,指数型
007817,国泰中证全指通信设备ETF联接A,指数型
007818,国泰中证全指通信设备ETF联接C,指数型
007819,华泰紫金丰益中短债A,债券型
007820,华泰紫金丰益中短债C,债券型
007823,天弘弘择短债A,债券型
007824,天弘弘择短债C,债券型
007825,博道志远混合A,混合型
007826,博道志远混合C,混合型
007827,华润元大量化优选混合C,混合型
007828,创金合信信用红利债券A,债券型
007829,创金合信信用红利债券C,债券型
007830,建信荣瑞一年定期开放债券,债券型
007831,博道伍佰智航股票A,股票型
007832,博道伍佰智航股票C,股票型
007833,长盛稳怡添利债券A,债券型
007834,长盛稳怡添利债券C,债券型
007835,国泰鑫睿混合,混合型
007836,泰康润和两年定开债券,债券型
007837,国寿安保尊耀纯债A,债券型
007838,国寿安保尊耀纯债C,债券型
007839,汇添富中证长三角ETF联接A,指数型
007840,汇添富中证长三角ETF联接C,指数型
007842,南华中证杭州湾区ETF联接A,指数型
007843,南华中证杭州湾区ETF联接C,指数型
007844,华宝标普油气上游股票人民币C,指数型
007845,博时季季享持有期C,债券型
007848,广发聚宝混合C,混合型
007850,方正富邦天睿混合A,混合型
007851,方正富邦天睿混合C,混合型
007852,工银瑞安3个月定开纯债债券,债券型
007853,华商计算机行业量化股票发起式A,股票型
007854,光大景气先锋混合A,混合型
007856,易方达中证800ETF联接A,指数型
007857,易方达中证800ETF联接C,指数型
007858,鹏华浮动净值型发起式货币,货币型
007859,平安5-10年期政策性金融债A,债券型
007860,平安5-10年期政策性金融债C,债券型
007861,金元顺安医疗健康混合A,混合型
007862,金元顺安医疗健康混合C,混合型
007863,长信利泰灵活配置混合C,混合型
007864,东方红货币C,货币型
007865,东方红货币D,货币型
007866,创金合信货币C,货币型
007867,华泰柏瑞锦泰一年定开,债券型
007868,汇添富汇鑫货币A,货币型
007869,汇添富汇鑫货币B,货币型
007870,鹏华尊信3个月定开发起式债券,债券型
007871,国泰惠享三个月定开债,债券型
007872,金信稳健策略混合A,混合型
007873,华宝科技ETF联接A,指数型
007874,华宝科技ETF联接C,指数型
007875,国融融兴混合A,混合型
007876,国融融兴混合C,混合型
007877,惠升和风纯债A,债券型
007878,惠升和风纯债C,债券型
007879,嘉实致安3个月定期债券,债券型
007880,朱雀产业智选混合A,混合型
007881,朱雀产业智选混合C,混合型
007882,易方达证券保险ETF联接C,指数型
007883,易方达医药ETF联接C,指数型
007884,易方达恒盛3个月定开混合,混合型
007885,国联中证500ETF联接A,指数型
007886,国联中证500ETF联接C,指数型
007887,东方红启元三年持有混合B,混合型
007888,农银金盈债券A,债券型
007889,浦银安盛盛诺定开债券,债券型
007890,银河聚星两年定开债券,债券型
007893,平安估值精选混合A,混合型
007894,平安估值精选混合C,混合型
007895,嘉实价值成长混合,混合型
007896,易方达优选多资产三个月持有混合(FOF)A,FOF
007897,易方达优选多资产三个月持有混合(FOF)C,FOF
007898,富国智诚精选3个月持有期混合(FOF)A,FOF
007901,汇添富中短债A,债券型
007902,汇添富中短债C,债券型
007903,长城量化小盘股票A,股票型
007904,广发锐意进取3个月持有混合(FOF)A,FOF
007907,富荣富开1-3年国开债纯债C,债券型
007908,招商添韵3个月定开债A,债券型
007909,招商添韵3个月定开债C,债券型
007910,大成有色金属期货ETF联接A,指数型
007911,大成有色金属期货ETF联接C,指数型
007912,新华鑫日享中短债B,债券型
007913,财通资管丰和两年定开债A,债券型
007914,财通资管丰和两年定开债C,债券型
007915,财通资管鸿福短债A,债券型
007916,财通资管鸿福短债C,债券型
007920,诺德短债C,债券型
007925,平安鑫享混合E,混合型
007926,万家家享中短债C,债券型
007928,中加享润两年定开债,债券型
007930,淳厚稳鑫债券A,债券型
007931,淳厚稳鑫债券C,债券型
007932,鹏华中证500ETF联接A,指数型
007935,平安惠澜纯债A,债券型
007936,平安惠澜纯债C,债券型
007937,华夏饲料豆粕期货ETF联接A,指数型
007938,华夏饲料豆粕期货ETF联接C,指数型
007939,华夏网购精选混合C,混合型
007941,恒生前海恒扬纯债债券A,债券型
007942,恒生前海恒扬纯债债券C,债券型
007943,富安达中证500指数增强A,指数型
007944,永赢乾元三年定开,混合型
007945,景顺长城改革机遇灵活配置C,混合型
007946,大成中债1-3年国开债指数A,指数型
007947,大成中债1-3年国开债指数C,指数型
007948,汇添富盛安39个月定开债,债券型
007949,富国泽利纯债债券A,债券型
007950,招商量化精选股票C,股票型
007951,招商信用增强债券C,债券型
007953,平安惠文纯债,债券型
007954,平安惠涌纯债A,债券型
007955,民生加银鑫享债券D,债券型
007956,鹏华稳利短债债券C,债券型
007957,华宝宝惠债券,债券型
007958,华泰柏瑞益通三个月定开债,债券型
007959,方正富邦天恒混合A,混合型
007960,方正富邦天恒混合C,混合型
007961,浦银安盛日日盈货币E,货币型
007962,博时中债3-5政金融债指数A,指数型
007963,博时中债3-5政金融债指数C,指数型
007964,华宝宝康债券C,债券型
007965,民生加银品质消费股票A,股票型
007966,民生加银品质消费股票C,股票型
007967,大成惠嘉一年定开债券A,债券型
007968,华泰柏瑞研究精选A,混合型
007969,西部利得得尊纯债C,债券型
007970,国寿安保安泽39个月定开债,债券型
007971,华泰保兴恒利中短债A,债券型
007972,华泰保兴恒利中短债C,债券型
007975,招商普盛全球配置(QDII-FOF)美元现汇,QDII
007976,易方达黄金主题人民币C,QDII
007977,易方达黄金主题美元现汇A,QDII
007978,易方达黄金主题美元现汇C,QDII
007979,万家惠享39个月定开债,债券型
007981,红塔红土瑞祥纯债A,债券型
007982,红塔红土瑞祥纯债C,债券型
007983,申万菱信中证研发创新100ETF联接A,指数型
007984,申万菱信中证研发创新100ETF联接C,指数型
007985,博时富悦纯债A,债券型
007986,嘉实致禄3个月定期纯债债券,债券型
007987,鹏华丰庆债券A,债券型
007988,融通通恒63个月定开债券A,债券型
007989,融通通恒63个月定开债券C,债券型
007990,富国汇远三年定开债A,债券型
007991,富国汇远三年定开债C,债券型
007992,华夏中证全指证券公司ETF联接A,指数型
007993,华夏中证全指证券公司ETF联接C,指数型
007994,华夏中证500指数增强A,指数型
007995,华夏中证500指数增强C,指数型
007996,博时富顺纯债债券A,债券型
007997,易方达年年恒秋一年定开债A,债券型
007998,易方达年年恒秋一年定开债C,债券型
007999,国联安恒利63个月定开债A,债券型
008000,国联安恒利63个月定开债C,债券型
008001,鹏华中证500ETF联接C,指数型
008002,银华稳晟39个月定开债,债券型
008003,大成通嘉三年定开债券A,债券型
008004,大成通嘉三年定开债券C,债券型
008008,易方达稳健收益债券C,债券型
008009,华商高端装备制造股票A,股票型
008010,前海联合润盈短债A,债券型
008011,前海联合润盈短债C,债券型
008012,前海联合淳丰87个月定开债A,债券型
008013,前海联合淳丰87个月定开债C,债券型
008014,天弘鑫利三年定开,债券型
008015,嘉实中债3-5年国开债指数A,指数型
008016,嘉实中债3-5年国开债指数C,指数型
008017,国泰惠信三年定开债,债券型
008018,华富安兴39个月定开债A,债券型
008019,华富安兴39个月定开债C,债券型
008020,华富中证人工智能产业ETF联接A,指数型
008021,华富中证人工智能产业ETF联接C,指数型
008022,建信短债债券F,债券型
008025,汇添富稳健增长混合A,混合型
008026,汇添富稳健增长混合C,混合型
008027,工银泰和39个月定开债券A,债券型
008028,申万菱信安泰广利63个月定开债,债券型
008030,农银汇理金益债券,债券型
008031,创金合信汇嘉三个月定开,债券型
008032,海富通裕昇三年定开债券,债券型
008035,蜂巢恒利债券A,债券型
008036,蜂巢恒利债券C,债券型
008037,兴银先锋成长混合A,混合型
008038,兴银先锋成长混合C,混合型
008039,南方创利3个月定开债,债券型
008040,鹏华0-5年利率发起式债券A,债券型
008042,兴业中证银行50金融债指数A,指数型
008043,兴业中证银行50金融债指数C,指数型
008044,博远增强回报债券A,债券型
008045,博远增强回报债券C,债券型
008046,国联睿嘉39个月定开债券A,债券型
008047,国联睿嘉39个月定开债券C,债券型
008048,国联睿享86个月定开债券A,债券型
008049,国联睿享86个月定开债券C,债券型
008050,同泰慧择混合A,混合型
008051,同泰慧择混合C,混合型
008052,工银湾创100ETF联接A,指数型
008053,工银湾创100ETF联接C,指数型
008054,汇添富中债7-10年国开债A,指数型
008055,汇添富中债7-10年国开债C,指数型
008056,南方上证50增强A,指数型
008057,南方上证50增强C,指数型
008060,景顺长城价值边际灵活配置混合A,混合型
008063,汇添富大盘核心资产混合A,混合型
008064,建信睿信三个月定开债,债券型
008065,汇添富中盘积极成长混合A,混合型
008066,汇添富中盘积极成长混合C,混合型
008067,圆信永丰丰和A,债券型
008068,圆信永丰丰和C,债券型
008069,鹏扬富利增强债A,债券型
008070,鹏扬富利增强债C,债券型
008071,长信利泰灵活配置混合E,混合型
008072,景顺长城创业板综指增强A,指数型
008075,招商核心优选股票A,股票型
008076,招商核心优选股票C,股票型
008077,九泰天奕量化价值混合A,混合型
008079,诺德大类精选(FOF),FOF
008080,南方初元中短债E,债券型
008081,汇添富鑫远债,债券型
008082,国寿安保研究精选混合A,混合型
008083,国寿安保研究精选混合C,混合型
008084,海富通先进制造股票C,股票型
008085,海富通先进制造股票A,股票型
008086,华夏中证5G通信主题ETF联接A,指数型
008087,华夏中证5G通信主题ETF联接C,指数型
008088,华夏房地产ETF联接A,指数型
008089,华夏房地产ETF联接C,指数型
008091,中信保诚红利精选混合A,混合型
008092,中信保诚红利精选混合C,混合型
008095,中银亚太精选债券(QDII)人民币A,QDII
008096,中银亚太精选债券(QDII)人民币C,QDII
008097,中银亚太精选债券(QDII)美元A,QDII
008098,中银亚太精选债券(QDII)美元C,QDII
008099,广发价值领先混合A,混合型
008102,中金鑫福87个月定开债,债券型
008104,中金鑫裕1年定开债A,债券型
008105,中金鑫裕1年定开债C,债券型
008106,博时富瑞纯债债券C,债券型
008107,华商医药医疗行业股票,股票型
008108,国联安短债债券A,债券型
008109,国联安短债债券C,债券型
008110,九泰科盈价值混合A,混合型
008111,银华信用精选18个月定开债,债券型
008112,中泰中证500指数增强A,指数型
008113,中泰中证500指数增强C,指数型
008114,天弘中证红利低波动100联接A,指数型
008115,天弘中证红利低波动100联接C,指数型
008116,银华沪深股通精选混合A,混合型
008117,博时稳欣39个月定开债,债券型
008119,鹏华金享混合A,混合型
008120,万家自主创新混合A,混合型
008121,万家自主创新混合C,混合型
008122,南方皓元短债债券A,债券型
008123,南方皓元短债债券C,债券型
008124,中邮中证500指数增强C,指数型
008125,创金合信中债1-3年国开债A,指数型
008126,创金合信中债1-3年国开债C,指数型
008127,广发趋势优选灵活配置混合C,混合型
008128,湘财长源股票型A,股票型
008129,湘财长源股票型C,股票型
008130,广发汇优66个月定期开放债券,债券型
008131,景顺长城竞争优势混合,混合型
008132,鹏华价值驱动混合,混合型
008133,华安优质生活混合,混合型
008134,鹏华优选价值股票A,股票型
008136,九泰科盈价值混合C,混合型
008137,九泰天奕量化价值混合C,混合型
008138,富国龙头优势混合A,混合型
008139,鑫元一年中高等级债,债券型
008140,汇添富绝对收益定开混合C,混合型
008142,工银黄金ETF联接A,指数型
008143,工银黄金ETF联接C,指数型
008144,工银智远配置三个月混合(FOF),FOF
008145,兴全优选进取三个月持有(FOF)A,FOF
008146,中银添瑞6个月A,债券型
008147,中银添瑞6个月C,债券型
008150,嘉实远见企业精选两年持有期混合,混合型
008154,嘉实中证医药健康100策略ETF联接A,指数型
008155,嘉实中证医药健康100策略ETF联接C,指数型
008158,招商盛鑫优选3个月持有(FOF)A,FOF
008159,招商盛鑫优选3个月持有(FOF)C,FOF
008160,前海联合淳安3年定开债券,债券型
008161,广发汇达3个月定期开放债券,债券型
008162,浦银经济带崛起混合C,混合型
008163,南方标普红利低波50ETF联接A,指数型
008164,南方标普红利低波50ETF联接C,指数型
008165,东兴鑫远三年定开,债券型
008166,工银消费股票A,股票型
008167,工银消费股票C,股票型
008168,汇添富聚焦成长三个月混合FOF,FOF
008169,汇添富核心优势三个月混合(FOF),FOF
008170,博时富添纯债债券A,债券型
008171,长城嘉裕六个月定开债A,债券型
008172,长城嘉裕六个月定开债C,债券型
008173,兴全稳泰债券C,债券型
008174,国泰蓝筹精选混合A,混合型
008175,国泰蓝筹精选混合C,混合型
008176,长信利保债券C,债券型
008177,建信高股息主题股票,股票型
008178,同泰慧盈混合A,混合型
008179,同泰慧盈混合C,混合型
008180,同泰慧利混合A,混合型
008181,同泰慧利混合C,混合型
008182,方正富邦信泓混合C,混合型
008183,招商普盛全球配置(QDII-FOF)美元现钞,QDII
008184,新华沪深300指数增强C,指数型
008185,诺安研究优选混合A,混合型
008186,淳厚信睿混合A,混合型
008187,淳厚信睿混合C,混合型
008188,前海开源稳健增长三年混合,混合型
008189,国泰中证钢铁ETF联接A,指数型
008190,国泰中证钢铁ETF联接C,指数型
008191,博时合利货币A,货币型
008192,博时兴荣货币A,货币型
008193,博时兴盛货币A,货币型
008204,交银稳利中短债债券A,债券型
008205,交银稳利中短债债券C,债券型
008206,国泰聚瑞纯债债券A,债券型
008207,国泰合融纯债债券A,债券型
008208,博道嘉泰回报混合,混合型
008209,南方宝泰一年混合A,混合型
008210,南方宝泰一年混合C,混合型
008211,银华永盛债券,债券型
008212,华夏新机遇混合C,混合型
008213,华夏新起点混合C,混合型
008214,华安鑫福定开债A,债券型
008215,华安鑫福定开债C,债券型
008216,农银汇理彭博1-3年利率债指数,指数型
008217,国泰聚盈三年定期开放债券,债券型
008219,西部利得尊逸三年定开债券,债券型
008221,兴业聚鑫灵活配置混合C,混合型
008222,兴业机遇债券C,债券型
008223,交银裕泰两年定期开放债券,债券型
008224,金元顺安泓丰87个月定开债A,债券型
008225,金元顺安泓丰87个月定开债C,债券型
008226,南方远利3个月定开债,债券型
008227,宝盈研究精选混合A,混合型
008228,宝盈研究精选混合C,混合型
008229,鑫元安硕两年定开债,债券型
008231,海富通裕通30个月定开债,债券型
008232,中银恒优12个月持有期债券A,债券型
008233,中银恒优12个月持有期债券C,债券型
008234,光大消费主题股票A,股票型
008238,中泰沪深300增强A,指数型
008239,中泰沪深300增强C,指数型
008240,东财上证50ETF发起式联接A,指数型
008241,东财上证50ETF发起式联接C,指数型
008242,英大通盈纯债债券A,债券型
008243,英大通盈纯债债券C,债券型
008244,上银鑫卓混合A,混合型
008245,圆信永丰致优混合A,混合型
008246,圆信永丰致优混合C,混合型
008251,汇安宜创量化精选混合A,混合型
008252,汇安宜创量化精选混合C,混合型
008253,华宝致远混合(QDII)A,QDII
008254,华宝致远混合(QDII)C,QDII
008255,西部利得沣泰债券A,债券型
008256,南方中债1-5年国开行债券指数A,指数型
008257,南方中债1-5年国开行债券指数C,指数型
008258,中银证券中证500ETF联接A,指数型
008259,中银证券中证500ETF联接C,指数型
008260,长城价值优选混合A,混合型
008261,招商研究优选股票A,股票型
008262,招商研究优选股票C,股票型
008263,东方红品质优选定开混合,混合型
008264,南方ESG股票A,股票型
008265,南方ESG股票C,股票型
008266,华夏鼎明债券A,债券型
008267,华夏鼎明债券C,债券型
008268,国泰添瑞一年定开债,债券型
008269,大成睿享混合A,混合型
008270,大成睿享混合C,混合型
008271,大成优势企业混合A,混合型
008272,大成优势企业混合C,混合型
008273,广发优质生活混合A,混合型
008274,大成行业先锋混合A,混合型
008275,大成行业先锋混合C,混合型
008276,财通资管价值发现混合A,混合型
008277,财通资管行业精选混合,混合型
008278,国泰惠鑫一年定期开放债券,债券型
008279,国泰中证煤炭ETF联接A,指数型
008280,国泰中证煤炭ETF联接C,指数型
008281,国泰CES半导体芯片行业ETF联接A,指数型
008282,国泰CES半导体芯片行业ETF联接C,指数型
008283,易方达金融行业股票发起式A,股票型
008284,易方达全球医药行业混合发起式(QDII)A(人民币),QDII
008285,易方达全球医药行业混合发起式(QDII)A(美元现汇),QDII
008286,易方达研究精选股票,股票型
008287,长城嘉鑫两年定开债A,债券型
008288,长城嘉鑫两年定开债C,债券型
008289,国寿安保泰祥纯债一年定开债券发起式,债券型
008290,华安现代生活混合,混合型
008291,民生加银沪深300ETF联接A,指数型
008292,民生加银沪深300ETF联接C,指数型
008293,农银汇理创新医疗混合,混合型
008294,朱雀企业优胜A,股票型
008295,朱雀企业优胜C,股票型
008296,广发汇利一年定期开放债券,债券型
008297,广发价值优势混合,混合型
008298,华夏中证银行ETF联接A,指数型
008299,华夏中证银行ETF联接C,指数型
008302,永赢易弘债券A,债券型
008303,宝盈龙头优选股票A,股票型
008304,宝盈龙头优选股票C,股票型
008305,大摩量化配置混合C,混合型
008308,华夏见龙精选混合,混合型
008311,圆信永丰优选价值A,混合型
008312,圆信永丰优选价值C,混合型
008313,光大研究精选混合A,混合型
008314,摩根慧选成长股票A,股票型
008315,摩根慧选成长股票C,股票型
008316,蜂巢添跃66个月定开债,债券型
008317,光大睿盈混合A,混合型
008318,博道久航混合A,混合型
008319,博道久航混合C,混合型
008320,鹏华全球中短债(QDII)人民币C,QDII
008321,鹏华全球中短债(QDII)美元现汇C,QDII
008322,东方卓行18个月定开债券A,债券型
008323,东方卓行18个月定开债券C,债券型
008326,东财通信A,指数型
008327,东财通信C,指数型
008328,诺安新兴产业混合,混合型
008329,宏利添盈两年定开债券A,债券型
008330,宏利添盈两年定开债券C,债券型
008331,万家可转债债券A,债券型
008332,万家可转债债券C,债券型
008333,景顺长城弘利39个月定开债,债券型
008336,宝盈祥裕增强回报混合A,混合型
008337,宝盈祥裕增强回报混合C,混合型
008338,嘉实安元39个月定期纯债A,债券型
008339,嘉实安元39个月定期纯债C,债券型
008340,华富中债-安徽信用债A,指数型
008341,华富中债-安徽信用债C,指数型
008344,建信睿阳一年定期开放债券,债券型
008345,南华瑞泽债券A,债券型
008346,南华瑞泽债券C,债券型
008347,中信建投甄选混合A,混合型
008348,中信建投甄选混合C,混合型
008349,华夏恒泰64个月定开债券,债券型
008352,交银裕坤纯债一年定期开放债券A,债券型
008353,宏利消费量化混合A,混合型
008354,宏利消费量化混合C,混合型
008355,农银汇理金祺一年定开债,债券型
008356,中加科丰价值精选混合,混合型
008359,华安医疗创新混合A,混合型
008361,南方招利一年债券,债券型
008362,广发汇成一年定期开放债券,债券型
008363,广发民丰一年定期开放债券,债券型
008366,广发汇明一年定期开放债券,债券型
008367,富国亚洲收益债券(QDII)人民币A,QDII
008368,富国亚洲收益债券(QDII)美元现汇,QDII
008369,蜂巢丰鑫一年定开,债券型
008370,国泰研究精选两年持有混合,混合型
008371,华安汇智精选两年持有混合,混合型
008372,富国阿尔法两年持有期混合,混合型
008373,华泰柏瑞景气回报一年持有期混合A,混合型
008374,华泰柏瑞景气回报一年持有期混合C,混合型
008375,中欧启航三年混合A,混合型
008376,中欧启航三年混合C,混合型
008377,博时外服货币A,货币型
008378,兴全社会价值三年持有混合,混合型
008381,前海开源新兴产业混合A,混合型
008382,融通产业趋势股票,股票型
008383,招商安心收益债券A,债券型
008384,银华汇益一年持有期混合A,混合型
008385,银华汇益一年持有期混合C,混合型
008390,国联安沪深300ETF联接A,指数型
008391,国联安沪深300ETF联接C,指数型
008392,兴业优债增利债券C,债券型
008393,博时现金收益货币C,货币型
008394,方正富邦恒利纯债A,债券型
008395,方正富邦恒利纯债C,债券型
008396,博时中证500ETF联接A,指数型
008397,博时中证500ETF联接C,指数型
008398,汇添富鑫福债,债券型
008399,华泰柏瑞中证科技ETF联接A,指数型
008400,华泰柏瑞中证科技ETF联接C,指数型
008401,大成标普500等权重指数(QDII)C人民币,指数型
008404,华泰紫金泰盈混合A,混合型
008405,华泰紫金泰盈混合C,混合型
008406,兴银汇裕定开债,债券型
008409,景顺长城景泰裕利纯债债券A,债券型
008411,博时富信纯债债券A,债券型
008412,长盛竞争优势A,股票型
008413,长盛竞争优势C,股票型
008414,国泰惠泰一年定期开放债券,债券型
008415,国泰大制造两年持有期混合,混合型
008416,鹏扬景瑞三年持有混合A,混合型
008417,鹏扬景瑞三年持有混合C,混合型
008418,惠升惠泽混合A,混合型
008419,惠升惠泽混合C,混合型
008420,广发招泰A,混合型
008421,广发招泰C,混合型
008424,国联品牌优选混合A,混合型
008425,国联品牌优选混合C,混合型
008426,华安安敦债券A,债券型
008427,华安安敦债券C,债券型
008428,东方红鑫裕两年定开信用债,债券型
008429,中信保诚嘉裕五年定开债,债券型
008430,人保利丰纯债A,债券型
008431,人保利丰纯债C,债券型
008432,人保安睿定开,债券型
008433,凯石岐短债A,债券型
008434,凯石岐短债C,债券型
008439,融通通华五年定开债券A,债券型
008440,融通通华五年定开债券C,债券型
008445,融通产业趋势先锋股票,股票型
008448,德邦短债A,债券型
008449,德邦短债C,债券型
008452,兴全恒鑫债券A,债券型
008453,兴全恒鑫债券C,债券型
008456,招商瑞阳混合A,混合型
008457,招商瑞阳混合C,混合型
008460,招商招和39个月定开债,债券型
008463,招商添瑞1年定开债A,债券型
008464,招商添瑞1年定开债C,债券型
008465,蜂巢添益纯债A,债券型
008466,蜂巢添益纯债C,债券型
008467,博道嘉瑞混合A,混合型
008468,博道嘉瑞混合C,混合型
008469,朱雀安鑫回报债券A,债券型
008470,朱雀安鑫回报债券C,债券型
008471,工银泰颐三年定开债券A,债券型
008472,工银泰颐三年定开债券C,债券型
008475,招商民安增益债券A,债券型
008476,招商民安增益债券C,债券型
008477,安信价值驱动三年持有混合,混合型
008478,天弘鑫意39个月定开债,债券型
008480,永赢股息优选A,混合型
008481,永赢股息优选C,混合型
008482,广发央企80债券指数A,指数型
008483,广发央企80债券指数C,指数型
008484,格林泓裕一年定开债A,债券型
008485,格林泓裕一年定开债C,债券型
008486,德邦德瑞一年定开债,债券型
008487,中信建投稳悦债券,债券型
008488,华商恒益稳健混合,混合型
008489,华商鸿畅39个月定开利率债A,债券型
008490,华商鸿畅39个月定开利率债C,债券型
008491,万家周期优势企业混合A,混合型
008492,万家周期优势企业混合C,混合型
008493,鹏华尊泰一年定开发起式债券,债券型
008495,景顺长城景泰添利一年定开债,债券型
008496,国泰惠瑞一年定开债,债券型
008497,鹏扬浦利中短债A,债券型
008498,鹏扬浦利中短债C,债券型
008499,鹏扬景科混合A,混合型
008500,鹏扬景科混合C,混合型
008501,鹏扬聚利六个月持有期债券A,债券型
008502,鹏扬聚利六个月持有期债券C,债券型
008503,国寿安保泰瑞纯债一年定开债,债券型
008504,国泰信用互利债券C,债券型
008505,浙商中短债A,债券型
008506,浙商中短债C,债券型
008507,交银内核驱动混合,混合型
008508,国联聚锦一年定开债券,债券型
008509,南方得利一年定开债,债券型
008510,南方鼎利一年债券,债券型
008511,宝盈鸿盛债券A,债券型
008512,宝盈鸿盛债券C,债券型
008513,南方宝丰混合A,混合型
008514,南方宝丰混合C,混合型
008515,国富基本面优选混合A,混合型
008516,浦银安盛盛熙一年定开债券,债券型
008517,兴业嘉华一年定开债券发起式,债券型
008519,中金中证沪港深优选消费50指数A,指数型
008520,中金中证沪港深优选消费50指数C,指数型
008521,富国汇优纯债63个月定开债,债券型
008523,安信丰泽39个月定开债,债券型
008524,华泰柏瑞锦瑞债券A,债券型
008525,华泰柏瑞锦瑞债券C,债券型
008528,华泰柏瑞质量成长A,混合型
008529,汇安信利债券A,债券型
008530,汇安信利债券C,债券型
008531,惠升惠民混合A,混合型
008532,惠升惠民混合C,混合型
008535,兴银合盛定开债A,债券型
008536,兴银合盛定开债C,债券型
008537,兴银研究精选股票A,股票型
008538,兴银研究精选股票C,股票型
008539,工银开元利率债债券A,债券型
008540,工银开元利率债债券C,债券型
008541,西部利得新享混合A,混合型
008542,西部利得新享混合C,混合型
008545,泓德丰润三年持有期混合,混合型
008546,南方产业优势两年混合A,混合型
008547,博道安远6个月持有期混合,混合型
008548,浙商惠盈纯债C,债券型
008549,汇安中债-广西信用债A,指数型
008550,汇安中债-广西信用债C,指数型
008551,东财医药A,指数型
008552,东财医药C,指数型
008553,万家养老2035三年持有混合(FOF)A,FOF
008554,景顺长城景泰汇利定开债C,债券型
008555,华商龙头优势混合,混合型
008556,易方达裕富债券A,债券型
008557,易方达裕富债券C,债券型
008558,永赢邦利债券A,债券型
008559,永赢邦利债券C,债券型
008560,中邮淳悦39个月定开债A,债券型
008561,中邮淳悦39个月定开债C,债券型
008565,泰康安泽中短债A,债券型
008566,蜂巢添盈纯债A,债券型
008567,蜂巢添盈纯债C,债券型
008568,蜂巢丰业一年定开债发起式,债券型
008569,中航瑞智纯债A,债券型
008570,中航瑞智纯债C,债券型
008571,金信民达纯债A,债券型
008572,金信民达纯债C,债券型
008574,中加1-3年政金债指数,指数型
008575,财通裕惠63个月定开债,债券型
008576,财通碳中和一年持有混合A,混合型
008577,财通碳中和一年持有混合C,混合型
008578,东海祥苏短债A,债券型
008579,东海祥苏短债C,债券型
008582,兴银聚丰债券A,债券型
008583,西部利得中债1-3年政金债指数A,指数型
008584,西部利得中债1-3年政金债指数C,指数型
008585,华夏人工智能ETF联接A,指数型
008586,华夏人工智能ETF联接C,指数型
008587,淳厚中短债债券A,债券型
008588,淳厚中短债债券C,债券型
008589,大成景润灵活配置混合C,混合型
008590,天弘中证全指证券公司ETF联接A,指数型
008591,天弘中证全指证券公司ETF联接C,指数型
008592,天弘沪深300指数增强发起A,指数型
008593,天弘沪深300指数增强发起C,指数型
008594,平安合润定开债,债券型
008595,平安惠智纯债A,债券型
008596,平安乐顺39个月定开债A,债券型
008597,平安乐顺39个月定开债C,债券型
008602,方正富邦新兴成长混合A,混合型
008603,方正富邦新兴成长混合C,混合型
008604,广发稳安灵活配置C,混合型
008606,广发汇择一年定期开放债券A,债券型
008607,广发汇择一年定期开放债券C,债券型
008608,广发汇浦三年定期开放债券,债券型
008609,广发养老目标日期2040三年持有期混合发起式(FOF)A,FOF
008612,国投瑞银顺恒纯债债券,债券型
008613,浙商汇金安享66个月定期A,债券型
008614,浙商汇金安享66个月定期C,债券型
008615,浙商汇金聚泓两年定开债A,债券型
008616,浙商汇金聚泓两年定开债C,债券型
008617,国寿安保稳健养老一年持有混合发起式(FOF)A,FOF
008618,永赢医药健康A,股票型
008619,永赢医药健康C,股票型
008620,嘉实致宁3个月定开纯债债券,债券型
008621,天弘永裕稳健养老一年(FOF)A,FOF
008624,汇安裕鑫12个月定开纯债债券,债券型
008625,国富平衡养老三年混合(FOF)A,FOF
008626,南方中债0-5年中高等级江苏省城投类债券指数A,指数型
008627,南方中债0-5年中高等级江苏省城投类债券指数C,指数型
008628,大成惠享一年定开债券,债券型
008629,大成景瑞稳健配置混合A,混合型
008630,大成景瑞稳健配置混合C,混合型
008631,国泰民泽平衡养老目标三年持有期混合(FOF)A,FOF
008632,南方吉元短债E,债券型
008633,万家科技创新混合A,混合型
008634,万家科技创新混合C,混合型
008635,华安科技创新混合A,混合型
008636,前海联合泰瑞纯债A,债券型
008637,国金惠享一年定开,债券型
008638,广发科技创新混合A,混合型
008639,中欧预见稳瑞混合(FOF)A,FOF
008640,方正富邦科技创新A,混合型
008641,方正富邦科技创新C,混合型
008642,国金惠远纯债A,债券型
008643,国金惠远纯债C,债券型
008644,天弘季季兴三个月定开债券发起A,债券型
008645,天弘季季兴三个月定开债券发起C,债券型
008646,天弘增利短债发起A,债券型
008647,天弘增利短债发起C,债券型
008648,嘉实致业一年定期纯债债券,债券型
008649,华泰柏瑞锦兴39个月定开债,债券型
008650,华泰柏瑞益商一年定开债券,债券型
008651,博时富进一年期定开债发起式,债券型
008652,长城中债1-3年政金债A,指数型
008653,长城中债1-3年政金债C,指数型
008654,诺德汇盈一年定开,债券型
008655,招商科技创新混合A,混合型
008656,招商科技创新混合C,混合型
008657,景顺长城科技创新混合A,混合型
008659,中邮淳享66个月定开债,债券型
008661,嘉实致融一年定期债券,债券型
008662,中银澳享一年定开债发起式,债券型
008663,中银同享一年定开债,债券型
008664,嘉实鑫和一年持有期混合A,混合型
008665,嘉实鑫和一年持有期混合C,混合型
008666,国泰鑫利一年持有期混合A,混合型
008667,国泰鑫利一年持有期混合C,混合型
008668,西部利得双盈一年定开债券,债券型
008669,方正富邦禾利39个月定开债A,债券型
008670,方正富邦禾利39个月定开债C,债券型
008671,银华科技创新混合A,混合型
008674,博时稳悦63个月定开债,债券型
008675,华安鑫浦定开债A,债券型
008676,华安鑫浦定开债C,债券型
008677,银华中债1-3年国开行债券指数A,指数型
008678,财通兴利纯债12个月定开债,债券型
008681,鹏华价值成长混合,混合型
008682,富国中证红利指数增强C,指数型
008684,宝盈盈旭纯债债券A,债券型
008685,宝盈盈旭纯债债券C,债券型
008686,大成景优中短债A,债券型
008687,大成景优中短债C,债券型
008688,大成景乐纯债债券A,债券型
008689,大成景乐纯债债券C,债券型
008690,平安增利六个月定开债A,债券型
008691,平安增利六个月定开债C,债券型
008692,平安增利六个月定开债E,债券型
008693,民生加银39个月定期纯债,债券型
008694,平安元盛超短债A,债券型
008695,平安元盛超短债C,债券型
008696,平安元盛超短债E,债券型
008697,交银养老2035三年(FOF)A,FOF
008700,泰康瑞丰3月定开债券,债券型
008701,华夏黄金ETF联接A,指数型
008702,华夏黄金ETF联接C,指数型
008703,前海联合泰瑞纯债C,债券型
008704,广发高股息优享混合A,混合型
008705,广发高股息优享混合C,混合型
008706,建信富时100指数(QDII)C人民币,指数型
008707,建信富时100指数(QDII)A美元现汇,指数型
008708,建信富时100指数(QDII)C美元现汇,指数型
008712,景顺长城品质成长混合A,混合型
008713,国泰中证全指家用电器ETF联接A,指数型
008714,国泰中证全指家用电器ETF联接C,指数型
008715,景顺长城价值驱动一年持有混合,混合型
008716,鹏华优质回报两年定开混合,混合型
008717,德邦锐恒39个月定开债A,债券型
008718,德邦锐恒39个月定开债C,债券型
008719,德邦安顺混合A,混合型
008720,德邦安顺混合C,混合型
008721,华商鸿益一年定开债,债券型
008722,永赢欣益纯债一年定开发起式,债券型
008723,永赢鑫享混合A,混合型
008724,泓德裕瑞三年定开债券,债券型
008726,平安添裕债券A,债券型
008727,平安添裕债券C,债券型
008728,同泰恒利纯债A,债券型
008729,同泰恒利纯债C,债券型
008730,天弘纯享一年定开,债券型
008731,招商添浩纯债A,债券型
008732,招商添浩纯债C,债券型
008733,易方达易理财货币B,货币型
008734,交银科锐科技创新混合A,混合型
008735,汇安盛鑫三年定开纯债债券,债券型
008736,南方高股息股票A,股票型
008737,南方高股息股票C,股票型
008738,天弘兴享一年定开,债券型
008739,中欧同益一年定期开放债券,债券型
008742,天治天得利货币B,货币型
008745,南方尊利一年债券,债券型
008746,财通多利债券A,债券型
008747,大成景泰纯债债券A,债券型
008748,大成景泰纯债债券C,债券型
008749,富国中证科技50策略ETF联接A,指数型
008750,富国中证科技50策略ETF联接C,指数型
008751,大成全球美元债(QDII)A人民币,QDII
008752,大成全球美元债(QDII)C人民币,QDII
008754,泰康睿福3月持有混合(FOF)A,FOF
008755,泰康睿福3月持有混合(FOF)C,FOF
008756,民生加银瑞夏一年定开债券发起式,债券型
008757,九泰聚鑫混合A,混合型
008758,九泰聚鑫混合C,混合型
008759,摩根瑞泰38个月定期开放债券A,债券型
008760,摩根瑞泰38个月定期开放债券C,债券型
008761,南方骏元中短期利率债债券A,债券型
008762,天弘恒享一年定开,债券型
008763,天弘越南市场股票发起(QDII)A,QDII
008764,天弘越南市场股票发起(QDII)C,QDII
008765,中加瑞享纯债债券A,债券型
008766,财通资管鸿盛12个月定开债券A,债券型
008767,财通资管鸿盛12个月定开债券C,债券型
008770,东方红安鑫甄选一年持有混合,混合型
008771,南方昭元债券A,债券型
008772,南方昭元债券C,债券型
008774,招商鑫福中短债A,债券型
008775,招商鑫福中短债C,债券型
008776,华安沪深300ETF联接A,指数型
008777,华安沪深300ETF联接C,指数型
008778,嘉实中证500指数增强A,指数型
008779,嘉实中证500指数增强C,指数型
008780,南方宁利一年定开债发起式,债券型
008783,南方乐元中短利率债A,债券型
008784,南方乐元中短利率债C,债券型
008785,中加博裕纯债债券,债券型
008786,长城健康生活混合A,混合型
008791,招商安华债券A,债券型
008792,招商安华债券C,债券型
008793,博道嘉元混合A,混合型
008794,博道嘉元混合C,混合型
008795,海富通阿尔法对冲混合C,混合型
008796,国联恒安纯债A,债券型
008797,国联恒安纯债C,债券型
008798,国金惠安利率债A,债券型
008799,国金惠安利率债C,债券型
008802,浦银安盛盛晖一年定开债券,债券型
008803,海富通瑞弘6个月定开债券A,债券型
008804,招商添华纯债A,债券型
008805,招商添华纯债C,债券型
008806,鑫元锦利定期开放A,债券型
008807,鹏扬淳悦一年定开债发起式,债券型
008808,新华安享惠泽39个月定开债C,债券型
008809,安信民稳增长混合A,混合型
008810,安信民稳增长混合C,混合型
008811,鹏华科技创新混合,混合型
008817,华宝可转债债券C,债券型
008818,汇安恒鑫12个月定开纯债债券,债券型
008819,农银汇理策略趋势混合,混合型
008820,大成景悦中短债A,债券型
008821,大成景悦中短债C,债券型
008825,民生瑞盈一年定开债发起式,债券型
008826,天弘成享一年定开,债券型
008827,建信易盛郑商所能源化工期货ETF联接A,指数型
008828,建信易盛郑商所能源化工期货ETF联接C,指数型
008829,博时富洋一年定开债发起式,债券型
008830,海富通安益对冲混合C,混合型
008831,海富通安益对冲混合A,混合型
008833,银华汇盈一年持有期混合A,混合型
008834,银华汇盈一年持有期混合C,混合型
008835,富国量化对冲策略三个月持有期混合A,混合型
008836,富国量化对冲策略三个月持有期混合C,混合型
008838,德邦量化对冲混合A,混合型
008839,德邦量化对冲混合C,混合型
008840,德邦大消费混合A,混合型
008841,德邦大消费混合C,混合型
008842,同泰远见混合A,混合型
008843,同泰远见混合C,混合型
008844,摩根中债1-3年国开债指数A,指数型
008845,摩根中债1-3年国开债指数C,指数型
008846,大成民稳增长混合A,混合型
008847,大成民稳增长混合C,混合型
008850,景顺长城价值稳进定开混合,混合型
008851,景顺长城量化对冲策略三个月定期开放混合A,混合型
008854,南方内需增长两年股票A,股票型
008855,南方内需增长两年股票C,股票型
008856,华夏安泰对冲策略3个月定开混合,混合型
008857,华夏鼎航债券A,债券型
008858,华夏鼎航债券C,债券型
008860,民生加银龙头优选股票A,股票型
008861,西部利得港股通新机遇混合A,混合型
008862,中银证券汇远定开债,债券型
008863,中银证券汇兴定期开放债券,债券型
008864,鑫元中短债A,债券型
008865,鑫元中短债C,债券型
008866,博时产业新趋势混合A,混合型
008867,博时产业新趋势混合C,混合型
008868,民生加银嘉益债券,债券型
008869,大成恒享混合A,混合型
008870,大成恒享混合C,混合型
008871,大成睿裕六月持有股票A,股票型
008872,大成睿裕六月持有股票C,股票型
008873,国寿安保尊诚纯债A,债券型
008874,国寿安保尊诚纯债C,债券型
008875,国寿安保尊恒利率债债券A,债券型
008876,国寿安保尊恒利率债债券C,债券型
008877,国联安增盛一年定开债,债券型
008880,国联安增顺纯债A,债券型
008881,国联安增顺纯债C,债券型
008882,国联安增祺纯债A,债券型
008883,国联安增祺纯债C,债券型
008886,民生卓越配置6个月混合(FOF),FOF
008887,华夏国证半导体芯片ETF联接A,指数型
008888,华夏国证半导体芯片ETF联接C,指数型
008889,银华中证5G通信主题ETF联接A,指数型
008891,安信价值成长混合A,混合型
008892,安信价值成长混合C,混合型
008893,创金合信鑫利混合A,混合型
008894,创金合信鑫利混合C,混合型
008895,申万菱信量化对冲策略灵活配置混合发起式A,混合型
008896,兴业鼎泰一年定开债券发起式,债券型
008897,上银可转债精选债券A,债券型
008898,国寿创精选88ETF联接A,指数型
008899,国寿创精选88ETF联接C,指数型
008900,国联安增泰一年定开债发起式,债券型
008901,富国内需增长混合A,混合型
008902,国寿安保泰吉纯债一年定开债,债券型
008903,广发科技先锋混合,混合型
008904,华安安腾一年定开债,债券型
008905,嘉合锦鹏添利混合A,混合型
008906,嘉合锦鹏添利混合C,混合型
008907,汇添富中证国企一带一路ETF联接A,指数型
008908,汇添富中证国企一带一路ETF联接C,指数型
008911,平安元丰中短债债券A,债券型
008912,平安元丰中短债债券C,债券型
008913,平安元丰中短债债券E,债券型
008916,华夏中证浙江国资创新发展ETF联接A,指数型
008917,华夏中证浙江国资创新发展ETF联接C,指数型
008918,长信先锐混合C,混合型
008919,永赢科技驱动A,混合型
008920,永赢科技驱动C,混合型
008921,国泰聚鑫纯债债券,债券型
008922,财通资管鸿运中短债债券E,债券型
008923,建信医疗健康行业股票A,股票型
008924,建信医疗健康行业股票C,股票型
008925,鹏华尊达一年定开发起式债券,债券型
008926,泰康沪深300ETF联接A,指数型
008927,泰康沪深300ETF联接C,指数型
008928,宏利消费红利指数A,指数型
008929,宏利消费红利指数C,指数型
008933,天弘中债1-3年国开债指数发起A,指数型
008934,大成科技消费股票A,股票型
008935,大成科技消费股票C,股票型
008936,中银产业债债券C,债券型
008937,诺德安盈纯债,债券型
008938,大成惠兴一年定开债券,债券型
008944,摩根MSCI中国A股ETF联接A,指数型
008945,摩根MSCI中国A股ETF联接C,指数型
008947,华夏鼎源债券A,债券型
008948,华夏鼎源债券C,债券型
008949,平安匠心优选混合A,混合型
008950,平安匠心优选混合C,混合型
008951,鹏华尊裕一年定开债,债券型
008954,安信价值回报三年持有混合A,混合型
008955,交银创新领航混合,混合型
008956,鹏华中债3-5年国开行债券指数A,指数型
008957,鹏华中债3-5年国开行债券指数C,指数型
008958,嘉实回报精选股票,股票型
008959,创金合信恒利超短债债券E,债券型
008960,长信国防军工量化混合C,混合型
008961,华商科技创新混合,混合型
008962,建信科技创新混合A,混合型
008963,建信科技创新混合C,混合型
008964,华泰紫金中债1-5年国开债指数A,指数型
008965,华泰紫金中债1-5年国开债指数C,指数型
008966,博时成长优选灵活配置混合A,混合型
008967,博时成长优选灵活配置混合C,混合型
008968,申万菱信安泰鼎利一年定开债,债券型
008969,睿远均衡价值三年持有混合A,混合型
008970,睿远均衡价值三年持有混合C,混合型
008971,大成纳斯达克100ETF联接(QDII)C,指数型
008973,大成中华沪深港300指数(LOF)C,指数型
008974,长城稳健增利债券C,债券型
008975,富国中证消费50ETF联接A,指数型
008976,富国中证消费50ETF联接C,指数型
008978,银华长丰混合发起式,混合型
008979,万家民丰回报一年持有混合,混合型
008980,中邮科技创新精选混合A,混合型
008981,中邮科技创新精选混合C,混合型
008982,华泰紫金智鑫3月定开债,债券型
008983,财通科技创新混合A,混合型
008984,财通科技创新混合C,混合型
008985,东方红启东三年持有混合,混合型
008986,广发上海金ETF联接A,指数型
008987,广发上海金ETF联接C,指数型
008988,大成科技创新混合A,混合型
008989,大成科技创新混合C,混合型
008990,东方红匠心甄选一年持有混合,混合型
008993,汇添富多策略纯债A,债券型
008994,汇添富多策略纯债C,债券型
008995,中银证券安沛债券A,债券型
008996,中银证券安沛债券C,债券型
008997,同泰竞争优势混合A,混合型
008998,同泰竞争优势混合C,混合型
008999,景顺景颐嘉利6个月持有期债券A,债券型
009000,景顺景颐嘉利6个月持有期债券C,债券型
009001,长城泰利纯债A,债券型
009002,长城泰利纯债C,债券型
009003,中银安康平衡养老目标三年持有混合发起(FOF)A,FOF
009004,海富通中证500增强C,指数型
009005,创金合信鑫祺混合A,混合型
009006,创金合信鑫祺混合C,混合型
009007,兴全沪港深两年持有混合,混合型
009008,平安科技创新混合A,混合型
009009,平安科技创新混合C,混合型
009010,华夏兴阳一年持有混合,混合型
009011,华夏睿阳一年持有混合,混合型
009012,平安创业板ETF联接A,指数型
009013,平安创业板ETF联接C,指数型
009014,泓德睿泽混合,混合型
009015,泓德睿享一年持有期混合A,混合型
009016,泓德睿享一年持有期混合C,混合型
009017,银华港股通精选股票发起式A,股票型
009018,西部利得聚泰18个月定开债A,债券型
009019,西部利得聚泰18个月定开债C,债券型
009021,鹏华丰诚债券A,债券型
009022,鹏华丰诚债券C,债券型
009023,鹏华稳健回报混合A,混合型
009024,海富通科技创新混合C,混合型
009025,海富通科技创新混合A,混合型
009026,中银高质量发展机遇混合A,混合型
009029,工银高质量成长混合A,混合型
009030,工银高质量成长混合C,混合型
009031,工银聚和一年定开混合A,混合型
009032,工银聚和一年定开混合C,混合型
009033,建信上海金ETF联接A,指数型
009034,建信上海金ETF联接C,指数型
009035,浦银安盛中债1-3年国开债A,指数型
009036,浦银安盛中债1-3年国开债C,指数型
009037,浦银安盛普庆纯债债券A,债券型
009038,浦银安盛普庆纯债债券C,债券型
009041,浦银安盛普天纯债债券A,债券型
009042,浦银安盛普天纯债债券C,债券型
009043,九泰久信量化股票,股票型
009045,浦银安盛盛智一年定开债券,债券型
009046,东财创业板ETF发起式联接A,指数型
009047,东财创业板ETF发起式联接C,指数型
009048,浦银安盛科技创新优选混合,混合型
009049,易方达高端制造混合发起式A,混合型
009050,易方达恒裕一年定开债,债券型
009051,易方达中证红利ETF联接发起式A,指数型
009052,易方达中证红利ETF联接发起式C,指数型
009053,平安合庆定开债,债券型
009054,圆信永丰沣泰混合,混合型
009055,圆信永丰大湾区A,混合型
009056,圆信永丰大湾区C,混合型
009057,博时科技创新混合A,混合型
009058,博时科技创新混合C,混合型
009059,南方沪深300增强A,指数型
009060,南方沪深300增强C,指数型
009062,财通智慧成长混合A,混合型
009063,财通智慧成长混合C,混合型
009064,鹏扬景沃六个月持有期混合A,混合型
009065,鹏扬景沃六个月持有期混合C,混合型
009067,国泰中证新能源汽车ETF联接A,指数型
009068,国泰中证新能源汽车ETF联接C,指数型
009069,大成睿鑫股票A,股票型
009070,大成睿鑫股票C,股票型
009076,工银圆兴混合,混合型
009077,红土创新稳进混合A,混合型
009078,红土创新稳进混合C,混合型
009081,中信保诚嘉丰一年定开债发起式,债券型
009082,华夏鼎佳债券A,债券型
009083,华夏鼎佳债券C,债券型
009085,银华丰享一年持有期混合,混合型
009086,鹏华价值共赢两年持有期混合,混合型
009087,太平中债1-3年政策性金融债A,指数型
009088,太平中债1-3年政策性金融债C,指数型
009089,嘉实稳固收益债券A,债券型
009091,兴银汇悦一年定开债发起式,债券型
009092,富国新材料新能源混合A,混合型
009093,华泰柏瑞鸿利中短债A,债券型
009094,华泰柏瑞鸿利中短债C,债券型
009095,华泰柏瑞鸿利中短债E,债券型
009096,鹏华安泽混合A,混合型
009097,鹏华安泽混合C,混合型
009098,景顺长城价值领航两年持有,混合型
009099,新华壹诺宝货币E,货币型
009100,安信稳健增利混合A,混合型
009101,安信稳健增利混合C,混合型
009102,鹏扬红利优选混合A,混合型
009103,鹏扬红利优选混合C,混合型
009104,新华纯债添利债券发起B,债券型
009105,兴业嘉荣一年定开债券,债券型
009106,嘉合同顺智选股票A,股票型
009107,嘉合同顺智选股票C,股票型
009108,富国红利精选混合(QDII)人民币,QDII
009109,博远增益纯债债券A,债券型
009110,博远增益纯债债券C,债券型
009114,鹏扬景泓回报灵活配置混合A,混合型
009115,鹏扬景泓回报灵活配置混合C,混合型
009116,东兴中证消费50A,指数型
009117,东兴中证消费50C,指数型
009118,太平恒睿纯债债券,债券型
009119,广发品质回报混合A,混合型
009120,广发品质回报混合C,混合型
009121,广发招享混合A,混合型
009124,华泰保兴科荣混合A,混合型
009125,华泰保兴科荣混合C,混合型
009126,嘉实基础产业优选股票A,股票型
009127,嘉实基础产业优选股票C,股票型
009128,明亚价值长青混合A,混合型
009129,明亚价值长青混合C,混合型
009130,鹏扬景恒六个月持有混合A,混合型
009131,鹏扬景恒六个月持有混合C,混合型
009132,广发小盘成长混合(LOF)C,混合型
009133,汇安嘉利混合A,混合型
009134,汇安嘉利混合C,混合型
009135,广发恒隆一年持有混合A,混合型
009136,广发恒隆一年持有混合C,混合型
009137,嘉实瑞和两年持有期混合,混合型
009138,嘉实瑞成两年持有期混合A,混合型
009139,嘉实瑞成两年持有期混合C,混合型
009141,宏利价值长青混合A,混合型
009142,宏利价值长青混合C,混合型
009143,摩根锦程稳健养老一年持有混合(FOF)A,FOF
009147,建信新能源行业股票A,股票型
009148,平安合聚定开债,债券型
009149,富国绝对收益多策略混合C,混合型
009151,国寿策略优选3个月持有混合(FOF),FOF
009152,南方瑞盛三年混合A,混合型
009153,南方瑞盛三年混合C,混合型
009154,海富通富盈混合A,混合型
009155,海富通富盈混合C,混合型
009156,海富通富泽混合A,混合型
009157,海富通富泽混合C,混合型
009159,前海联合智选3个月持有混合(FOF)A,FOF
009160,前海联合智选3个月持有混合(FOF)C,FOF
009162,富国医药成长30股票A,股票型
009163,广发医疗保健股票C,股票型
009164,中加聚庆六个月定开混合A,混合型
009165,中加聚庆六个月定开混合C,混合型
009166,平安合享1年定开债,债券型
009167,博时富灿一年定开债发起式,债券型
009168,博时富祥纯债债券C,债券型
009169,湘财长兴灵活配置混合A,混合型
009170,湘财长兴灵活配置混合C,混合型
009171,永赢中债-1-5年国开债指数A,指数型
009172,永赢中债-1-5年国开债指数C,指数型
009174,东方红颐和稳健养老两年(FOF)A,FOF
009177,东方永悦18个月定开债券A,债券型
009178,东方永悦18个月定开债券C,债券型
009179,嘉实中证主要消费ETF发起联接A,指数型
009180,嘉实中证主要消费ETF发起联接C,指数型
009181,浙商智多兴稳健回报一年持有混合A,混合型
009182,浙商智多兴稳健回报一年持有混合C,混合型
009183,东方红颐和平衡养老三年(FOF)A,FOF
009184,东方红颐和积极养老五年(FOF)A,FOF
009188,鹏华股息精选混合,混合型
009189,华宝成长策略混合A,混合型
009190,景顺长城核心优选一年持有混合,混合型
009193,富国红利精选混合(QDII)美元,QDII
009196,华银鼎盛中短债A,债券型
009197,华银鼎盛中短债C,债券型
009198,前海开源黄金ETF联接A,指数型
009199,万家价值优势一年持有期混合,混合型
009201,中邮优享一年定开混合A,混合型
009202,中邮优享一年定开混合C,混合型
009203,鹏扬稳利债券A,债券型
009204,鹏扬稳利债券C,债券型
009205,兴银丰运稳益回报混合A,混合型
009206,兴银丰运稳益回报混合C,混合型
009207,兴银汇智定开债,债券型
009208,建信沪深300指数增强(LOF)C,指数型
009210,中欧嘉和三年混合A,混合型
009211,中欧嘉和三年混合C,混合型
009212,易方达恒茂39个月定开债券,债券型
009213,易方达如意安泰(FOF)A,FOF
009214,易方达如意安泰(FOF)C,FOF
009215,易方达瑞川混合A,混合型
009216,易方达瑞川混合C,混合型
009217,博时荣丰回报灵活配置混合A,混合型
009218,博时荣丰回报灵活配置混合C,混合型
009219,大成彭博农发行债1-3年指数A,指数型
009220,大成彭博农发行债1-3年指数C,指数型
009223,宝盈现代服务业混合A,混合型
009224,宝盈现代服务业混合C,混合型
009225,天弘中证中美互联网(QDII)A,指数型
009226,天弘中证中美互联网(QDII)C,指数型
009227,平安增鑫六个月定开债A,债券型
009228,平安增鑫六个月定开债C,债券型
009229,平安增鑫六个月定开债E,债券型
009230,鹏华安和混合A,混合型
009231,鹏华安和混合C,混合型
009232,鹏华安惠混合A,混合型
009233,鹏华安惠混合C,混合型
009234,鹏华优质企业混合A,混合型
009235,景顺长城弘远66个月定开债,债券型
009236,中信建投稳泰一年定开债券,债券型
009237,兴业绿色纯债一年定开债券A,债券型
009238,兴业绿色纯债一年定开债券C,债券型
009239,融通人工智能指数(LOF)C,指数型
009240,泰康蓝筹优势一年持有股票,股票型
009241,融通领先成长混合(LOF)C,混合型
009242,中加核心智造混合A,混合型
009243,中加核心智造混合C,混合型
009244,国寿安保稳丰6个月持有混合A,混合型
009245,国寿安保稳丰6个月持有混合C,混合型
009246,大摩ESG量化混合A,混合型
009247,易方达磐恒九个月持有混合A,混合型
009248,易方达磐恒九个月持有混合C,混合型
009249,易方达磐泰一年持有期混合A,混合型
009250,易方达磐泰一年持有期混合C,混合型
009251,光大保德信货币B,货币型
009252,蜂巢添元纯债A,债券型
009253,蜂巢添元纯债C,债券型
009254,蜂巢添禧87个月定开,债券型
009255,中银添盛39个月定期开放债券,债券型
009256,民生加银鑫通债券,债券型
009257,工银尊利中短债债券F,债券型
009258,西部利得景瑞灵活配置混合C,混合型
009260,民生加银聚利6个月混合A,混合型
009261,民生加银聚利6个月混合C,混合型
009263,华宝红利精选混合A,混合型
009264,泓德瑞兴三年持有期混合,混合型
009265,易方达消费精选股票,股票型
009266,鹏扬景合六个月持有混合,混合型
009267,广发双债添利债券E,债券型
009268,创金合信稳健增利6个月持有期A,混合型
009269,创金合信稳健增利6个月持有期C,混合型
009270,融通逆向策略灵活配置混合C,混合型
009271,博时信用优选债券A,债券型
009272,博时信用优选债券C,债券型
009273,融通中国风1号灵活配置混合C,混合型
009274,融通健康产业灵活配置混合C,混合型
009275,融通医疗保健行业混合C,混合型
009277,融通行业景气混合C,混合型
009278,同泰恒兴纯债A,债券型
009279,同泰恒兴纯债C,债券型
009284,上银慧丰利债券,债券型
009285,泰康招泰尊享一年持有期混合A,混合型
009286,泰康招泰尊享一年持有期混合C,混合型
009287,惠升和裕纯债债券A,债券型
009288,惠升和裕纯债债券C,债券型
009289,富国长江经济带纯债债券A,债券型
009290,富国添享一年持有期债券A,债券型
009291,富国添享一年持有期债券C,债券型
009292,易方达年年恒春定开债A,债券型
009293,易方达年年恒春定开债C,债券型
009294,嘉实致益纯债债券,债券型
009295,民生睿智一年定开债,债券型
009296,南方誉慧一年混合A,混合型
009297,南方誉慧一年混合C,混合型
009298,英大安惠纯债A,债券型
009299,英大安惠纯债C,债券型
009300,西部利得中证500指数增强(LOF)C,指数型
009301,恒生前海短债债券A,债券型
009302,恒生前海短债债券C,债券型
009303,恒生前海恒颐五年定开债A,债券型
009304,恒生前海恒颐五年定开债C,债券型
009305,汇安恒利39个月定开纯债债券,债券型
009306,平安惠铭纯债,债券型
009308,天弘安康颐养混合C,混合型
009309,国寿安保尊庆6个月持有期债券A,债券型
009310,国寿安保尊庆6个月持有期债券C,债券型
009311,创金合信鑫日享短债债券E,债券型
009312,前海联合价值优选混合A,混合型
009313,前海联合价值优选混合C,混合型
009314,广发双擎升级混合C,混合型
009315,交银中债1-3年政金债指数A,指数型
009316,交银中债1-3年政金债指数C,指数型
009317,金信核心竞争力混合A,混合型
009318,南方成长先锋混合A,混合型
009319,南方成长先锋混合C,混合型
009322,广发锐意进取3个月持有混合(FOF)C,FOF
009324,长城中债3-5年国开债指数A,指数型
009325,长城中债3-5年国开债指数C,指数型
009326,广发稳健增长混合C,混合型
009327,东兴兴晟混合A,混合型
009328,东兴兴晟混合C,混合型
009329,华宝中证消费龙头ETF联接C,指数型
009330,鹏华成长价值混合A,混合型
009331,鹏华成长价值混合C,混合型
009332,博时恒裕持有期混合A,混合型
009333,博时恒裕持有期混合C,混合型
009334,富国融享18个月定开混合A,混合型
009335,工银稳健养老一年持有A,FOF
009336,平安中证500指数增强A,指数型
009337,平安中证500指数增强C,指数型
009338,万家民瑞祥和6个月持有债A,债券型
009339,万家民瑞祥和6个月持有债C,债券型
009340,工银养老2055五年持有混合发起(FOF)A,FOF
009341,易方达均衡成长股票,股票型
009342,易方达优质企业三年持有期混合,混合型
009343,泰康长江经济带债券A,债券型
009344,泰康长江经济带债券C,债券型
009345,中银顺兴回报一年持有混合A,混合型
009346,中银顺兴回报一年持有混合C,混合型
009347,国联价值成长6个月持有混合A,混合型
009348,国联价值成长6个月持有混合C,混合型
009349,前海联合添泽债券A,债券型
009350,前海联合添泽债券C,债券型
009353,浙商科创一个月滚动持有混合A,混合型
009354,浙商科创一个月滚动持有混合C,混合型
009355,宏利泰和稳健养老目标一年持有混合(FOF)A,FOF
009356,博时季季乐持有期债券A,债券型
009357,博时季季乐持有期债券C,债券型
009358,兴业稳健双利一年持有期债券A,债券型
009359,兴业稳健双利一年持有期债券C,债券型
009360,招商创新增长混合A,混合型
009361,招商创新增长混合C,混合型
009362,招商丰盈积极配置混合A,混合型
009363,招商丰盈积极配置混合C,混合型
009364,工银科技创新6个月定开混合A,混合型
009365,工银科技创新6个月定开混合C,混合型
009366,浦银安盛科技创新一年持有混合A,混合型
009367,浦银安盛科技创新一年持有混合C,混合型
009368,浦银安盛价值精选混合A,混合型
009369,浦银安盛价值精选混合C,混合型
009370,浦银安盛睿和优选3个月持有混合(FOF)A,FOF
009371,浦银安盛睿和优选3个月持有混合(FOF)C,FOF
009372,浦银安盛嘉和稳健一年持有混合(FOF)A,FOF
009373,浦银安盛嘉和稳健一年持有混合(FOF)C,FOF
009376,景顺长城成长领航混合,混合型
009377,招商瑞恒一年持有期混合A,混合型
009378,招商瑞恒一年持有期混合C,混合型
009379,中银成长优选股票A,股票型
009380,富安达科技领航混合A,混合型
009381,汇安核心资产混合A,混合型
009382,汇安核心资产混合C,混合型
009383,人保稳进配置三个月持有(FOF),FOF
009385,天弘永裕平衡养老三年持有期混合发起式(FOF)A,FOF
009386,创金合信泰享39个月,债券型
009387,嘉实稳福混合A,混合型
009388,嘉实稳福混合C,混合型
009391,汇添富优质成长混合A,混合型
009392,汇添富优质成长混合C,混合型
009393,嘉实现金宝货币E,货币型
009394,银华同力精选混合,混合型
009395,鑫元安鑫回报混合A,混合型
009396,大成安诚债券A,债券型
009397,大成安诚债券C,债券型
009398,华富成长企业精选股票A,股票型
009399,国新国证雄安建设发展三年定开债,债券型
009400,华安添瑞6个月混合A,混合型
009401,华安添瑞6个月混合C,混合型
009402,交银启明混合A,混合型
009403,平安惠盈纯债C,债券型
009404,平安惠享纯债C,债券型
009405,平安惠隆纯债C,债券型
009406,平安高等级债C,债券型
009407,格林泓远纯债A,债券型
009408,格林泓远纯债C,债券型
009411,中银科技创新一年定开混合,混合型
009412,易方达招易一年持有期混合A,混合型
009413,易方达招易一年持有期混合C,混合型
009414,中银大健康股票A,股票型
009415,中邮瑞享两年定开混合A,混合型
009416,中邮瑞享两年定开混合C,混合型
009417,国投瑞银顺荣定开债券A,债券型
009418,国投瑞银顺荣定开债券C,债券型
009419,宝盈祥明一年定开混合A,混合型
009420,宝盈祥明一年定开混合C,混合型
009421,工银彭博国开债1-3年指数A,指数型
009422,工银彭博国开债1-3年指数C,指数型
009423,招商瑞信稳健配置混合A,混合型
009424,招商瑞信稳健配置混合C,混合型
009425,金信民安两年债券,债券型
009426,鹏扬景惠六个月持有期混合A,混合型
009427,鹏扬景惠六个月持有期混合C,混合型
009428,鹏扬景沣六个月持有期混合A,混合型
009429,鹏扬景沣六个月持有期混合C,混合型
009432,德邦科技创新一年定开混合A,混合型
009433,德邦科技创新一年定开混合C,混合型
009437,信澳科技创新一年定开混合A,混合型
009438,信澳科技创新一年定开混合C,混合型
009439,西部利得国企红利指数增强C,指数型
009443,工银泰和39个月定开债券C,债券型
009447,财通资管科技创新一年定开混合,混合型
009448,泰康申润一年持有期混合A,混合型
009449,泰康申润一年持有期混合C,混合型
009450,中金新辉1年,债券型
009451,中金新盛1年定开债,债券型
009452,光大尊裕纯债一年债券发起,债券型
009453,平安合兴1年定开债,债券型
009456,东方稳健回报债券C,债券型
009457,红土创新纯债A,债券型
009458,红土创新纯债C,债券型
009459,创金合信季安鑫3个月C,债券型
009460,安信禧悦稳健养老一年持有混合(FOF)A,FOF
009461,东方臻萃3个月定开债券A,债券型
009462,东方臻萃3个月定开债券C,债券型
009463,东方臻慧纯债债券A,债券型
009464,东方臻慧纯债债券C,债券型
009465,东方可转债债券A,债券型
009466,东方可转债债券C,债券型
009467,红土创新科技创新3个月定开混合A,混合型
009468,博时健康成长双周定期可赎回混合A,混合型
009469,博时健康成长双周定期可赎回混合C,混合型
009472,广发深证100ETF联接C,指数型
009474,国泰致远优势混合,混合型
009475,汇丰晋信慧盈混合,混合型
009476,建信食品饮料行业股票A,股票型
009477,中银上海金ETF联接A,指数型
009478,中银上海金ETF联接C,指数型
009483,鹏华普利债券A,债券型
009484,鹏华普利债券C,债券型
009485,国寿安保聚宝盆货币B,货币型
009486,光大瑞和混合A,混合型
009487,光大瑞和混合C,混合型
009488,中邮价值精选混合A,混合型
009489,中邮价值精选混合C,混合型
009490,泰康科技创新一年定开混合,混合型
009491,宝盈创新驱动股票A,股票型
009492,宝盈创新驱动股票C,股票型
009495,大成景轩中高等级债券A,债券型
009496,大成景轩中高等级债券C,债券型
009499,景顺长城安鑫回报一年持有期混合A,混合型
009500,国寿安保高股息混合A,混合型
009501,国寿安保高股息混合C,混合型
009504,富国上海金ETF联接A,指数型
009505,富国上海金ETF联接C,指数型
009506,富荣富恒两年定开债,债券型
009507,国金鑫意医药消费A,混合型
009508,国金鑫意医药消费C,混合型
009509,平安惠润纯债,债券型
009510,天弘同利债券(LOF)E,债券型
009511,信澳研究优选混合A,混合型
009512,天弘添利债券(LOF)E,债券型
009515,中欧真益稳健一年混合A,混合型
009516,中欧真益稳健一年混合C,混合型
009517,人保福欣3个月定开债A,债券型
009518,人保福欣3个月定开债C,债券型
009519,中欧鼎利债券E,债券型
009520,中欧鼎利债券C,债券型
009523,宝盈聚福39个月定开债A,债券型
009524,宝盈聚福39个月定开债C,债券型
009525,广发聚荣一年持有混合A,混合型
009526,广发聚荣一年持有混合C,混合型
009527,浙商汇金新兴消费混合,混合型
009529,国联中债1-5年国开行A,指数型
009530,国联中债1-5年国开行C,指数型
009531,九泰锐和18个月定开混合,混合型
009532,广发景明中短债E,债券型
009533,太平恒泽63个月定开,债券型
009534,南方升元中短期利率债A,债券型
009535,南方升元中短期利率债C,债券型
009536,汇添富稳健增益一年持有混合A,混合型
009537,太平行业优选股票A,股票型
009538,太平行业优选股票C,股票型
009539,兴业睿进混合A,混合型
009540,兴业睿进混合C,混合型
009541,银华中债1-3年农发行债券指数A,指数型
009542,银华富利精选混合A,混合型
009543,申万菱信安泰富利三年定开A,债券型
009544,申万菱信安泰富利三年定开C,债券型
009548,汇添富中盘价值精选混合A,混合型
009549,汇添富中盘价值精选混合C,混合型
009550,汇添富开放视野中国优势六个月持有股票A,股票型
009551,汇添富开放视野中国优势六个月持有股票C,股票型
009552,财通资管丰乾39个月定开债A,债券型
009553,财通资管丰乾39个月定开债C,债券型
009556,兴全合丰三年持有混合,混合型
009557,申万菱信创业板量化精选股票A,股票型
009558,嘉实稳惠6个月持有期混合A,混合型
009559,嘉实稳惠6个月持有期混合C,混合型
009560,上银中债1-3年国开行债券指数A,指数型
009562,工银全球股票(QDII)美元,QDII
009563,工银全球股票(QDII)港币,QDII
009564,汇安消费龙头混合A,混合型
009565,汇安消费龙头混合C,混合型
009566,汇安泓阳三年持有期混合,混合型
009567,山证资管裕丰一年定开债券发起式,债券型
009568,浙商智多宝稳健一年持有期A,混合型
009569,浙商智多宝稳健一年持有期C,混合型
009570,鹏华匠心精选混合A,混合型
009571,鹏华匠心精选混合C,混合型
009572,南方养老2040三年持有混合发起(FOF)A,FOF
009573,南方养老2045三年持有混合(FOF)A,FOF
009576,东方红智远三年持有混合,混合型
009577,上银聚永益一年定开债券,债券型
009578,上银聚德益一年定开债券,债券型
009579,东方红鑫安39个月定开债券,债券型
009580,招商双债增强债券(LOF)D,债券型
009581,国寿中债3-5年政金债指数A,指数型
009582,国寿中债3-5年政金债指数C,指数型
009583,淳厚安裕87个月定开债,债券型
009584,华富63个月定期开放债券,债券型
009585,中信建投稳丰63个月定开债,债券型
009586,富国富钱包货币B,货币型
009587,国寿安保瑞和66个月定开债,债券型
009588,汇添富现金宝货币B,货币型
009589,汇添富现金宝货币C,货币型
009590,东方盛世灵活配置混合C,混合型
009591,博时研究精选持有期混合A,混合型
009592,博时研究精选持有期混合C,混合型
009593,国泰中债1-3年国开债A,指数型
009594,国泰中债1-3年国开债C,指数型
009596,泰康创新成长混合A,混合型
009597,泰康创新成长混合C,混合型
009598,景顺长城科创三年定开混合,混合型
009599,嘉实致嘉纯债债券,债券型
009600,嘉实安泽一年定开债纯债,债券型
009601,招商科技动力3个月滚动持有股票A,股票型
009602,招商科技动力3个月滚动持有股票C,股票型
009603,国金惠鑫短债债券E,债券型
009604,国金惠盈纯债E,债券型
009605,安信永顺一年定开债券,债券型
009606,长信稳健精选混合A,混合型
009607,长信稳健精选混合C,混合型
009608,广发中证500指数增强A,指数型
009609,广发中证500指数增强C,指数型
009610,天弘永利债券C,债券型
009611,兴全汇享一年持有混合A,混合型
009612,兴全汇享一年持有混合C,混合型
009613,上银中证500指数增强型A,指数型
009614,上银中证500指数增强型C,指数型
009615,南方中债0-2年国开行债券指数A,指数型
009616,南方中债0-2年国开行债券指数C,指数型
009617,东兴兴利债券C,债券型
009618,交银启汇混合A,混合型
009619,博时女性消费主题混合A,混合型
009620,博时女性消费主题混合C,混合型
009621,中欧心益稳健6个月混合A,混合型
009622,中欧心益稳健6个月混合C,混合型
009623,长城创新驱动混合A,混合型
009624,安信稳健阿尔法定开混合C,混合型
009625,天弘中债3-5年政策性金融债指数发起A,指数型
009630,浦银安盛ESG责任投资混合A,混合型
009631,浦银安盛ESG责任投资混合C,混合型
009632,浦银安盛普嘉87个月定开债A,债券型
009633,浦银安盛普嘉87个月定开债C,债券型
009634,鹏华安睿两年持有期混合A,混合型
009635,鹏华安睿两年持有期混合C,混合型
009636,华泰柏瑞景气优选A,混合型
009637,招商信用添利债券(LOF)C,债券型
009640,中银证券优选行业龙头混合A,混合型
009641,中银证券优选行业龙头混合C,混合型
009642,富国荣利纯债一年定开债发起式,债券型
009643,嘉实致信一年定期纯债债券,债券型
009644,东方阿尔法优势产业混合A,混合型
009645,东方阿尔法优势产业混合C,混合型
009646,南方核心成长混合A,混合型
009647,南方核心成长混合C,混合型
009648,中欧睿达6个月持有混合C,混合型
009649,嘉实精选平衡混合A,混合型
009650,嘉实精选平衡混合C,混合型
009651,海富通成长甄选混合A,混合型
009652,海富通成长甄选混合C,混合型
009653,大成丰享回报混合A,混合型
009654,大成丰享回报混合C,混合型
009655,工银尊益中短债A,债券型
009656,华安中债1-5年国开行债券ETF联接A,指数型
009657,华安中债1-5年国开行债券ETF联接C,指数型
009658,汇丰晋信中小盘低波动策略股票A,股票型
009659,民生加银新动能一年定开混合A,混合型
009660,民生加银新动能一年定开混合C,混合型
009661,平安研究睿选混合A,混合型
009662,平安研究睿选混合C,混合型
009663,华泰紫金创新先锋混合(LOF)A,混合型
009664,汇添富医疗积极成长一年持有混合A,混合型
009665,汇添富医疗积极成长一年持有混合C,混合型
009666,兴全恒祥88个月定开债券,债券型
009667,鹏华安庆混合A,混合型
009668,鹏华安庆混合C,混合型
009669,长信量化价值驱动混合C,混合型
009670,东方红益丰纯债债券A,债券型
009671,平安恒泽混合A,混合型
009672,平安恒泽混合C,混合型
009673,嘉合慧康63个月定开债券A,债券型
009674,嘉合慧康63个月定开债券C,债券型
009679,浙商惠隆39个月定开债券,债券型
009681,南方创新精选一年定开混合A,混合型
009682,南方创新精选一年定开混合C,混合型
009683,汇添富创新增长一年定开混合A,混合型
009684,汇添富创新增长一年定开混合C,混合型
009685,景顺长城景泰宝利一年定开债,债券型
009686,华夏磐利一年定开混合A,混合型
009687,华夏磐利一年定开混合C,混合型
009688,万家鑫动力月月购一年滚动混合,混合型
009689,易方达瑞锦混合A,混合型
009690,易方达瑞锦混合C,混合型
009691,国泰浩益混合A,混合型
009692,国泰浩益混合C,混合型
009693,富国积极成长一年定开混合,混合型
009695,招商成长精选一年定开混合A,混合型
009696,招商成长精选一年定开混合C,混合型
009697,华夏成长精选6个月定开混合A,混合型
009698,华夏成长精选6个月定开混合C,混合型
009699,长信浦瑞87个月定开债券,债券型
009700,长江添利混合A,混合型
009701,长江添利混合C,混合型
009702,鹏华中债1-3年农发行债券指数A,指数型
009703,鹏华中债1-3年农发行债券指数C,指数型
009704,南方景气驱动混合A,混合型
009705,南方景气驱动混合C,混合型
009706,民生加银城镇化混合C,混合型
009707,工银新兴制造混合A,混合型
009708,工银新兴制造混合C,混合型
009709,民生加银策略精选混合C,混合型
009710,诺德新盛灵活配置混合C,混合型
009711,招商添盛78个月定开债,债券型
009712,信澳慧管家货币B,货币型
009713,信澳慧管家货币D,货币型
009714,华安聚优精选混合,混合型
009715,汇添富策略增长灵活配置混合,混合型
009716,博时恒盛持有期混合A,混合型
009717,博时恒盛持有期混合C,混合型
009718,招商增浩混合A,混合型
009719,招商增浩混合C,混合型
009720,民生加银景气行业混合C,混合型
009721,平安中债1-5年政策性金融债A,指数型
009722,平安中债1-5年政策性金融债C,指数型
009725,东方红优质甄选一年持有混合A,混合型
009726,招商中证500等权重指数增强A,指数型
009727,招商中证500等权重指数增强C,指数型
009730,中信保诚安鑫回报债券A,债券型
009731,中信保诚安鑫回报债券C,债券型
009732,兴业稳泰66个月定开债券,债券型
009735,天弘增强回报债券E,债券型
009736,汇添富稳健收益混合A,混合型
009737,汇添富稳健收益混合C,混合型
009738,格林泓安63个月定开债,债券型
009739,嘉合磐泰短债E,债券型
009740,博时研究臻选持有期混合A,混合型
009741,博时研究臻选持有期混合C,混合型
009742,鹏华中债-0-3年AA+优选信用债A,指数型
009743,鹏华中债-0-3年AA+优选信用债C,指数型
009744,英大现金宝B,货币型
009747,中科沃土沃鑫成长精选混合C,混合型
009748,汇丰晋信惠安纯债63个月定开债,债券型
009749,西部利得尊泰86个月定开债,债券型
009750,汇安价值蓝筹混合A,混合型
009751,汇安价值蓝筹混合C,混合型
009752,大摩灵动优选债券A,债券型
009755,景顺长城安鑫回报一年持有期混合C,混合型
009756,华宝宝利定开债券,债券型
009757,华宝1-3年国开债指数A,指数型
009758,富国可转债C,债券型
009759,鹏扬淳安66个月定开债A,债券型
009760,鹏扬淳安66个月定开债C,债券型
009761,光大尊合87个月定开债,债券型
009762,国金国鑫发起C,混合型
009763,惠升和悦债券A,债券型
009764,惠升和悦债券C,债券型
009765,惠升和煦88个月定开债,债券型
009766,安信平稳双利3个月持有混合A,混合型
009767,安信平稳双利3个月持有混合C,混合型
009770,英大安鑫66个月定期开放债券,债券型
009771,汇安嘉汇纯债债券C,债券型
009772,嘉实彭博国开债1-5年指数A,指数型
009773,嘉实彭博国开债1-5年指数C,指数型
009774,财通资管优选回报一年持有期混合,混合型
009775,汇丰晋信中小盘低波动策略股票C,股票型
009776,中欧阿尔法混合A,混合型
009777,中欧阿尔法混合C,混合型
009778,长信消费升级混合A,混合型
009779,长信消费升级混合C,混合型
009780,德邦锐泽86个月定开债,债券型
009781,南方产业优势两年混合C,混合型
009782,富国兴泉回报12个月持有期混合A,混合型
009783,富国兴泉回报12个月持有期混合C,混合型
009784,安信尊享添利利率债A,债券型
009785,安信尊享添利利率债C,债券型
009786,华安锦源0-7年金融债定开债,债券型
009789,富安达科技创新混合A,混合型
009790,国寿安保增金宝货币B,货币型
009791,中欧创业板两年定开混合C,混合型
009792,工银瑞益债券A,债券型
009793,工银瑞益债券C,债券型
009794,太平智选一年定开股票,股票型
009795,嘉实远见精选两年持有期混合,混合型
009796,大成汇享一年持有混合A,混合型
009797,大成汇享一年持有混合C,混合型
009798,大成创业板两年定开混合C,混合型
009799,中银证券安汇三年定开债,债券型
009800,长盛制造精选混合A,混合型
009801,长盛制造精选混合C,混合型
009802,东海祥泰三年定开债发起式,债券型
009803,易方达中债7-10年期国开行债券指数C,指数型
009804,国泰研究优势混合A,混合型
009805,国泰医药健康股票A,股票型
009806,东方红招盈甄选一年混合A,混合型
009807,东方红招盈甄选一年混合C,混合型
009808,易方达创新成长混合,混合型
009809,易方达恒智63个月定开债发起式,债券型
009810,易方达悦通一年持有期混合A,混合型
009811,易方达悦通一年持有期混合C,混合型
009812,易方达悦兴一年持有期混合A,混合型
009813,易方达悦兴一年持有期混合C,混合型
009814,宏利乐盈66个月定开债A,债券型
009815,宏利乐盈66个月定开债C,债券型
009816,大摩丰裕63个月开放债券,债券型
009817,红塔红土稳健精选混合A,混合型
009818,红塔红土稳健精选混合C,混合型
009819,嘉实鑫福一年持有期混合,混合型
009820,嘉实浦惠6个月持有期混合A,混合型
009821,嘉实浦惠6个月持有期混合C,混合型
009822,鹏华招华一年持有期混合A,混合型
009823,鹏华招华一年持有期混合C,混合型
009824,鹏华添利宝货币B,货币型
009825,融通通乾研究精选灵活配置混合C,混合型
009826,民生加银家盈6个月持有期债券A,债券型
009827,民生加银家盈6个月持有期债券C,债券型
009828,融通转型三动力灵活配置混合C,混合型
009829,长城优选增强六个月持有混合A,混合型
009830,长城优选增强六个月持有混合C,混合型
009831,长城稳利纯债A,债券型
009832,长城稳利纯债C,债券型
009833,创金合信泰博66个月定开债,债券型
009834,东方红鑫泰66个月定开债,债券型
009835,融通新能源汽车主题精选混合C,混合型
009836,渤海汇金汇裕87个月定开债,债券型
009837,华夏磐锐一年定开混合A,混合型
009838,华夏磐锐一年定开混合C,混合型
009839,国金惠丰39个月定开债,债券型
009840,东财量化精选混合A,混合型
009841,东财量化精选混合C,混合型
009842,东方红明鉴优选两年定开混合,混合型
009844,华泰紫金丰安27个月定开债券A,债券型
009845,华泰紫金丰安27个月定开债券C,债券型
009846,国富港股通远见价值混合A,混合型
009847,圆信永丰研究精选混合A,混合型
009848,圆信永丰研究精选混合C,混合型
009849,安信稳健聚申一年持有期混合A,混合型
009851,上银聚远盈42个月定开债券,债券型
009852,银华品质消费股票A,股票型
009853,中加优势企业混合A,混合型
009854,中加优势企业混合C,混合型
009855,中加新兴成长混合A,混合型
009856,中加新兴成长混合C,混合型
009857,博时价值臻选持有期混合A,混合型
009858,博时价值臻选持有期混合C,混合型
009859,银华乐享混合A,混合型
009860,易方达中证银行ETF联接(LOF)C,指数型
009861,鹏华新兴成长混合A,混合型
009862,鹏华新兴成长混合C,混合型
009863,富国创新趋势股票A,股票型
009864,招商景气优选股票A,股票型
009865,招商景气优选股票C,股票型
009866,永赢瑞宁87个月定开债,债券型
009867,工银创新精选一年定开混合A,混合型
009868,工银创新精选一年定开混合C,混合型
009869,嘉实产业先锋混合A,混合型
009870,嘉实产业先锋混合C,混合型
009871,景顺长城景瑞收益债券C,债券型
009872,中欧责任投资混合A,混合型
009873,中欧责任投资混合C,混合型
009874,九泰久睿量化股票A,股票型
009875,天弘甄选食品饮料股票A,股票型
009876,天弘甄选食品饮料股票C,股票型
009877,中银内核驱动股票A,股票型
009878,平安低碳经济混合A,混合型
009879,平安低碳经济混合C,混合型
009880,安信成长动力一年持有混合,混合型
009881,广发中证医疗ETF联接C,指数型
009882,华润元大核心动力混合A,混合型
009883,华润元大核心动力混合C,混合型
009884,民生加银康宁平衡养老三年持有混合(FOF)A,FOF
009885,新华景气行业混合A,混合型
009886,新华景气行业混合C,混合型
009887,广发稳健优选六个月持有期混合A,混合型
009888,广发稳健优选六个月持有期混合C,混合型
009889,华润元大润禧39个月定开债A,债券型
009890,华润元大润禧39个月定开债C,债券型
009891,融通产业趋势臻选股票A,股票型
009892,富国成长策略混合A,混合型
009893,大摩优悦安和混合A,混合型
009894,前海开源惠盈39个月定开债券,债券型
009895,摩根瑞盛87个月定期开放债券,债券型
009896,广发港股通成长精选股票A,股票型
009897,广发港股通成长精选股票C,股票型
009898,民生加银医药健康股票A,股票型
009899,上银内需增长股票A,股票型
009900,易方达磐固六个月持有期混合A,混合型
009901,易方达磐固六个月持有期混合C,混合型
009902,易方达悦享一年持有混合A,混合型
009903,易方达悦享一年持有混合C,混合型
009906,诺德安瑞39个月定开,债券型
009907,湘财长泽灵活配置混合A,混合型
009908,湘财长泽灵活配置混合C,混合型
009909,嘉实动力先锋混合A,混合型
009910,嘉实动力先锋混合C,混合型
009912,九泰天富改革混合C,混合型
009913,中信保诚成长动力混合A,混合型
009914,富国成长动力混合A,混合型
009916,格林泓利增强债券A,债券型
009917,格林泓利增强债券C,债券型
009920,鹏华年年红一年持有期债券A,债券型
009921,鹏华年年红一年持有期债券C,债券型
009922,华夏鼎富债券A,债券型
009923,华夏鼎富债券C,债券型
009924,中银中债1-5年国开债指数,指数型
009927,工银聚利18个月定开混合A,混合型
009928,工银聚利18个月定开混合C,混合型
009929,南方创新驱动混合A,混合型
009930,南方创新驱动混合C,混合型
009931,淳厚欣享一年持有期混合A,混合型
009932,永赢稳健增长一年持有混合A,混合型
009933,浦银安盛普华66个月定开债A,债券型
009934,浦银安盛普华66个月定开债C,债券型
009937,东方欣益一年持有期混合A,混合型
009938,东方欣益一年持有期混合C,混合型
009939,淳厚欣享一年持有期混合C,混合型
009940,格林稳健价值混合A,混合型
009941,格林稳健价值混合C,混合型
009942,财通资管鸿益中短债债券E,债券型
009943,浦银安盛稳健丰利债券A,债券型
009944,浦银安盛稳健丰利债券C,债券型
009947,华宝宝泓债券,债券型
009950,财通资管均衡价值一年持有期混合,混合型
009951,广发稳健回报混合A,混合型
009952,广发稳健回报混合C,混合型
009953,华泰柏瑞锦乾债券,债券型
009954,华银优选成长股票,股票型
009955,广发鑫裕混合C,混合型
009956,广发恒誉混合A,混合型
009957,广发恒誉混合C,混合型
009958,长安鑫悦消费混合A,混合型
009959,长安鑫悦消费混合C,混合型
009960,银华多元机遇混合,混合型
009965,宝盈祥琪混合A,混合型
009966,宝盈祥琪混合C,混合型
009967,博时荣泰混合,混合型
009968,金鹰内需成长混合A,混合型
009969,金鹰内需成长混合C,混合型
009970,财通内需增长12个月定开混合,混合型
009975,华宝标普美国消费人民币C,指数型
009976,东方金证通货币B,货币型
009977,银华招利一年持有期混合A,混合型
009978,银华招利一年持有期混合C,混合型
009979,新华安享惠融88个月定开债A,债券型
009980,新华安享惠融88个月定开债C,债券型
009981,万家创业板指数增强A,指数型
009982,万家创业板指数增强C,指数型
009983,永赢港股通品质生活慧选混合A,混合型
009984,鹏华启航混合,混合型
009985,永赢迅利中高等级短债E,债券型
009986,天弘创新领航A,混合型
009987,天弘创新领航C,混合型
009988,信澳蓝筹精选股票A,股票型
009989,华宝研究精选混合,混合型
009990,华泰柏瑞品质优选A,混合型
009991,华泰柏瑞品质优选C,混合型
009992,景顺长城量化成长演化混合A,混合型
009993,嘉实前沿创新混合,混合型
009994,嘉实创新先锋混合A,混合型
009995,嘉实创新先锋混合C,混合型
009998,摩根慧见两年持有期混合,混合型
009999,东方中国红利混合,混合型
010000,长城中国智造灵活配置混合C,混合型
010003,景顺长城电子信息产业股票A,股票型
010004,景顺长城电子信息产业股票C,股票型
010005,鹏扬现金通利货币E,货币型
010008,国联成长优选混合A,混合型
010009,国联成长优选混合C,混合型
010010,国投瑞银港股通6个月定开股票,股票型
010011,景顺景颐招利6个月持有期债券A,债券型
010012,景顺景颐招利6个月持有期债券C,债券型
010013,易方达信息行业精选股票A,股票型
010014,华夏鼎清债券A,债券型
010015,华夏鼎清债券C,债券型
010016,华夏科技前沿6个月定开混合A,混合型
010017,华夏科技前沿6个月定开混合C,混合型
010018,招商瑞泽一年持有期混合A,混合型
010019,招商瑞泽一年持有期混合C,混合型
010020,华夏线上经济主题精选混合,混合型
010021,广发优企精选混合C,混合型
010022,广发消费品精选混合C,混合型
010023,广发制造业精选混合C,混合型
010024,广发沪港深新起点股票C,股票型
010025,广发聚丰混合C,混合型
010026,广发聚瑞混合C,混合型
010027,景顺长城核心中景一年持有混合,混合型
010028,华泰柏瑞创新升级混合C,混合型
010029,富国稳进回报12个月持有期混合A,混合型
010030,富国稳进回报12个月持有期混合C,混合型
010031,华泰柏瑞生物医药混合C,混合型
010032,华泰柏瑞新兴产业混合C,混合型
010033,安信成长精选混合A,混合型
010034,安信成长精选混合C,混合型
010035,平安高等级债E,债券型
010036,广发恒通六个月持有期混合A,混合型
010037,华泰柏瑞价值增长混合C,混合型
010038,广发恒通六个月持有期混合C,混合型
010041,嘉实港股优势混合A,混合型
010042,嘉实港股优势混合C,混合型
010043,天弘安康颐和混合A,混合型
010044,天弘安康颐和混合C,混合型
010045,汇添富稳健添盈一年持有混合,混合型
010048,平安短债I,债券型
010049,长城成长先锋混合A,混合型
010050,长城成长先锋混合C,混合型
010051,长城工资宝货币C,货币型
010052,长城久嘉创新成长混合C,混合型
010053,安信聚利增强债券B,债券型
010054,万家健康产业混合A,混合型
010055,万家健康产业混合C,混合型
010056,平安瑞兴1年持有混合A,混合型
010057,平安瑞兴1年持有混合C,混合型
010058,天弘荣创一年持有混合A,混合型
010062,南方行业精选一年混合A,混合型
010063,南方行业精选一年混合C,混合型
010064,圆信永丰兴研A,混合型
010065,圆信永丰兴研C,混合型
010068,工银双盈债券A,债券型
010069,工银双盈债券C,债券型
010072,方正富邦策略精选A,混合型
010073,方正富邦策略精选C,混合型
010076,湘财长弘灵活配置混合A,混合型
010077,湘财长弘灵活配置混合C,混合型
010081,泰康浩泽混合A,混合型
010082,泰康浩泽混合C,混合型
010083,中银欣享利率债债券A,债券型
010084,蜂巢丰瑞债券A,债券型
010085,蜂巢丰瑞债券C,债券型
010086,中邮纯债丰利债券A,债券型
010087,中邮纯债丰利债券C,债券型
010088,工银优质成长混合A,混合型
010089,工银优质成长混合C,混合型
010090,中信建投医药健康A,混合型
010091,中信建投医药健康C,混合型
010092,永赢华嘉信用债A,债券型
010093,西部利得港股通新机遇混合C,混合型
010094,交银产业机遇混合,混合型
010099,民生加银汇智3个月定开债,债券型
010102,西部利得鑫泓增强债券A,债券型
010103,西部利得鑫泓增强债券C,债券型
010104,景顺长城消费精选混合A,混合型
010105,景顺长城消费精选混合C,混合型
010106,华夏核心科技6个月定开混合A,混合型
010107,华夏核心科技6个月定开混合C,混合型
010108,景顺长城核心招景混合A,混合型
010109,富国价值增长混合A,混合型
010110,广发医药健康混合A,混合型
010111,广发医药健康混合C,混合型
010112,广发研究精选股票A,股票型
010113,广发研究精选股票C,股票型
010114,华宝新兴成长混合A,混合型
010115,易方达远见成长混合A,混合型
010116,民生加银新兴产业混合A,混合型
010117,民生加银新兴产业混合C,混合型
010118,天弘多元收益债券A,债券型
010119,天弘多元收益债券C,债券型
010120,九泰久福量化股票A,股票型
010121,九泰久福量化股票C,股票型
010122,华泰柏瑞优势领航混合A,混合型
010123,华泰柏瑞优势领航混合C,混合型
010124,兴银景气优选混合A,混合型
010125,兴银景气优选混合C,混合型
010126,平安价值成长混合A,混合型
010127,平安价值成长混合C,混合型
010128,宝盈发展新动能股票A,股票型
010129,宝盈发展新动能股票C,股票型
010132,南方创新成长混合A,混合型
010133,南方创新成长混合C,混合型
010134,广发新经济混合C,混合型
010135,宏利高研发6个月持有混合A,混合型
010136,宏利高研发6个月持有混合C,混合型
010137,华泰柏瑞量化创享混合A,混合型
010138,华泰柏瑞量化创享混合C,混合型
010141,朱雀企业优选A,股票型
010142,朱雀企业优选C,股票型
010143,交银施罗德启欣混合,混合型
010144,国泰国证医药卫生行业指数C,指数型
010145,格林中短债债券A,债券型
010146,格林中短债债券C,债券型
010147,博道嘉兴一年持有期混合,混合型
010148,浙商智选经济动能混合A,混合型
010149,浙商智选经济动能混合C,混合型
010150,南方君信混合C,混合型
010153,中加中证500指数增强A,指数型
010154,中加中证500指数增强C,指数型
010155,长盛核心成长混合A,混合型
010156,长盛核心成长混合C,混合型
010157,汇安中证500增强A,指数型
010158,汇安中证500增强C,指数型
010159,中银医疗保健混合C,混合型
010160,广发高端制造股票C,股票型
010161,广发瑞安精选股票A,股票型
010162,广发瑞安精选股票C,股票型
010163,财通资管价值精选一年持有混合A,混合型
010164,财通资管价值精选一年持有混合C,混合型
010165,太平丰和一年定开债券发起式,债券型
010166,招商兴和优选1年持有期混合,混合型
010167,中银多策略混合C,混合型
010168,天弘安利短债A,债券型
010169,天弘安利短债C,债券型
010172,中银新回报灵活配置混合C,混合型
010173,易方达增金宝货币B,货币型
010174,英大智享债券A,债券型
010175,英大智享债券C,债券型
010176,中加新兴消费混合A,混合型
010177,中加新兴消费混合C,混合型
010178,大成企业能力驱动混合A,混合型
010179,大成企业能力驱动混合C,混合型
010180,华夏科技龙头两年持有混合,混合型
010181,兴业优势产业混合A,混合型
010182,兴业优势产业混合C,混合型
010183,南方创业板ETF联接E,指数型
010186,嘉实核心成长混合A,混合型
010187,嘉实核心成长混合C,混合型
010188,中欧添益一年混合A,混合型
010189,中欧添益一年混合C,混合型
010191,华夏鼎信债券A,债券型
010192,华夏鼎信债券C,债券型
010193,农银养老2045五年持有混合(FOF)A,FOF
010196,易方达核心优势股票A,股票型
010197,易方达核心优势股票C,股票型
010198,易方达竞争优势企业混合A,混合型
010201,农银汇理智增一年定开混合,混合型
010202,天弘中证科技100指数增强发起A,指数型
010203,天弘中证科技100指数增强发起C,指数型
010204,中银港股通优势成长股票,股票型
010205,国寿安保裕安混合A,混合型
010206,国寿安保裕安混合C,混合型
010208,平安日增利货币B,货币型
010210,国泰中证计算机主题ETF联接C,指数型
010213,中欧互联网先锋混合A,混合型
010214,中欧互联网先锋混合C,混合型
010215,中欧达益稳健一年混合A,混合型
010216,中欧达益稳健一年混合C,混合型
010217,中银添禧丰禄稳健养老一年持有混合(FOF)A,FOF
010219,汇添富稳健添益一年持有混合,混合型
010220,海富通消费核心混合A,混合型
010221,海富通消费核心混合C,混合型
010222,大摩民丰盈和一年持有混合,混合型
010223,博时双季享持有期债券A,债券型
010224,海富通中证A100指数(LOF)C,指数型
010225,东方红启航三年持有混合B,混合型
010226,博时双季享持有期债券B,债券型
010227,博时双季享持有期债券C,债券型
010228,平安鼎弘混合(LOF)C,混合型
010229,平安鼎弘混合(LOF)D,混合型
010230,南方宝昌混合A,混合型
010231,南方宝昌混合C,混合型
010232,国寿安保泰安纯债债券,债券型
010233,农银金润一年定开债,债券型
010234,华泰柏瑞量化增强混合C,混合型
010235,广发资源优选股票C,股票型
010236,广发电子信息传媒股票C,股票型
010237,安信创新先锋混合发起A,混合型
010238,安信创新先锋混合发起C,混合型
010239,平安瑞尚六个月持有混合A,混合型
010240,平安季季享3个月持有债券A,债券型
010241,平安季季享3个月持有债券C,债券型
010242,平安稳健增长混合A,混合型
010243,平安稳健增长混合C,混合型
010244,平安瑞尚六个月持有混合C,混合型
010245,广发品牌消费股票发起式C,股票型
010246,华泰柏瑞量化先行混合C,混合型
010247,惠升和泰纯债A,债券型
010248,惠升和泰纯债C,债券型
010249,国金惠诚债券A,债券型
010250,国金惠诚债券C,债券型
010251,长江安享纯债18个月定开债A,债券型
010252,长江安享纯债18个月定开债C,债券型
010253,兴银中证500指数增强A,指数型
010254,嘉实丰年一年定期纯债债券A,债券型
010255,嘉实丰年一年定期纯债债券C,债券型
010256,农银汇理金汇债券C,债券型
010257,天弘多利一年定开混合A,混合型
010260,海富通策略收益债券A,债券型
010261,海富通策略收益债券C,债券型
010262,海富通中债1-3年农发债A,指数型
010263,海富通中债1-3年农发债C,指数型
010264,鹏华成长智选混合A,混合型
010265,鹏华成长智选混合C,混合型
010266,兴全安泰稳健养老一年持有混合(FOF)A,FOF
010267,兴全安泰积极养老五年持有混合(FOF)A,FOF
010268,太平睿安混合A,混合型
010269,太平睿安混合C,混合型
010270,汇安嘉盈一年持有期债券C,债券型
010271,国富价值成长一年持有期混合A,混合型
010272,国富价值成长一年持有期混合C,混合型
010273,嘉实价值长青混合A,混合型
010274,嘉实价值长青混合C,混合型
010275,嘉实优质精选混合A,混合型
010276,嘉实优质精选混合C,混合型
010277,嘉实民安添岁稳健养老一年持有混合(FOF)A,FOF
010278,南华瑞泰39个月定开A,债券型
010279,南华瑞泰39个月定开C,债券型
010281,华夏保守养老一年持有混合(FOF)A,FOF
010282,中信建投智享生活混合A,混合型
010283,中信建投智享生活混合C,混合型
010284,长城价值成长六个月持有期混合A,混合型
010285,长城价值成长六个月持有期混合C,混合型
010286,海富通成长价值混合A,混合型
010287,海富通成长价值混合C,混合型
010288,民生加银现金宝货币B,货币型
010289,景顺长城产业趋势混合A,混合型
010291,华泰柏瑞研究精选C,混合型
010292,东方红核心优选定开混合C,混合型
010293,华商量化优质精选混合,混合型
010294,红塔红土盛兴39个月定开债A,债券型
010295,红塔红土盛兴39个月定开债C,债券型
010296,万家互联互通中国优势A,混合型
010297,万家互联互通中国优势C,混合型
010298,汇添富品牌驱动六个月持有混合,混合型
010299,南方产业升级混合A,混合型
010300,南方产业升级混合C,混合型
010301,达诚成长先锋混合A,混合型
010302,达诚成长先锋混合C,混合型
010303,华泰柏瑞量化创盈混合A,混合型
010304,华泰柏瑞量化创盈混合C,混合型
010305,华夏创新驱动混合A,混合型
010306,华夏创新驱动混合C,混合型
010309,德邦锐裕利率债债券A,债券型
010310,德邦锐裕利率债债券C,债券型
010311,中银沪深300指数增强C,指数型
010312,中银金融地产混合C,混合型
010313,上银鑫恒混合A,混合型
010314,大摩内需增长混合A,混合型
010320,华安养老目标2040三年持有混合发起(FOF)A,FOF
010321,中银大健康股票C,股票型
010322,大摩新兴产业股票,股票型
010323,华安平衡养老目标三年持有混合发起式(FOF)A,FOF
010324,广发招财短债债券E,债券型
010325,申万菱信收益宝货币E,货币型
010326,博时消费创新混合A,混合型
010327,博时消费创新混合C,混合型
010328,博时荣华灵活配置混合A,混合型
010329,博时荣华灵活配置混合C,混合型
010330,东吴兴享成长混合A,混合型
010333,华夏核心资产混合A,混合型
010334,华夏核心资产混合C,混合型
010335,华宝竞争优势混合A,混合型
010336,中欧悦享生活混合A,混合型
010337,中欧悦享生活混合C,混合型
010338,国投瑞银远见成长混合A,混合型
010339,国投瑞银远见成长混合C,混合型
010340,易方达高质量严选三年持有,混合型
010341,招商产业精选股票A,股票型
010342,招商产业精选股票C,股票型
010345,华泰柏瑞成长智选混合A,混合型
010346,华泰柏瑞成长智选混合C,混合型
010347,农银策略收益一年持有混合,混合型
010349,诺安低碳经济股票C,股票型
010350,景顺长城品质长青混合A,混合型
010351,诺安中证A100指数C,指数型
010352,诺安沪深300指数增强C,指数型
010353,南方崇元纯债债券A,债券型
010354,南方崇元纯债债券C,债券型
010355,诺安中证500指数增强C,指数型
010356,诺安创业板指数增强(LOF)C,指数型
010357,南方阿尔法混合A,混合型
010358,南方阿尔法混合C,混合型
010361,嘉实品质优选股票A,股票型
010362,嘉实品质优选股票C,股票型
010363,信澳匠心臻选两年持有期混合,混合型
010364,鹏华空天军工指数(LOF)C,指数型
010365,鹏华中证香港银行指数(LOF)C,指数型
010366,鹏华中证医药指数(LOF)C,指数型
010369,大成卓享一年持有混合A,混合型
010370,大成卓享一年持有混合C,混合型
010371,大成成长进取混合A,混合型
010372,大成成长进取混合C,混合型
010373,西部利得聚兴一年定开混合A,混合型
010374,西部利得聚兴一年定开混合C,混合型
010375,国金鑫悦经济新动能A,混合型
010376,国金鑫悦经济新动能C,混合型
010377,广发价值核心混合A,混合型
010378,广发价值核心混合C,混合型
010379,广发均衡优选混合A,混合型
010380,广发均衡优选混合C,混合型
010381,浙商智选价值混合A,混合型
010382,浙商智选价值混合C,混合型
010383,宝盈基础产业混合A,混合型
010384,宝盈基础产业混合C,混合型
010385,华安汇嘉精选混合A,混合型
010386,华安汇嘉精选混合C,混合型
010387,易方达医药生物股票A,股票型
010388,易方达医药生物股票C,股票型
010389,易方达科益混合A,混合型
010390,易方达科益混合C,混合型
010391,易方达战略新兴产业股票A,股票型
010392,易方达战略新兴产业股票C,股票型
010393,工银健康生活混合A,混合型
010394,工银健康生活混合C,混合型
010397,中加瑞合纯债债券,债券型
010404,博道盛利6个月持有期混合,混合型
010405,惠升医药健康6个月持有期混合,混合型
010408,安信浩盈6个月持有混合A,混合型
010409,富国消费精选30股票A,股票型
010410,长城品质成长混合A,混合型
010411,长城品质成长混合C,混合型
010412,汇安均衡优选混合A,混合型
010413,财通资管宸瑞一年持有混合A,混合型
010414,财通资管宸瑞一年持有混合C,混合型
010415,华泰柏瑞质量精选混合A,混合型
010416,华泰柏瑞质量精选混合C,混合型
010418,财通景气行业混合A,混合型
010419,申万菱信中证环保产业指数(LOF)C,指数型
010420,民生加银成长优选股票A,股票型
010421,海富通消费优选混合A,混合型
010422,海富通消费优选混合C,混合型
010423,国投瑞银价值成长一年持有混合A,混合型
010424,国投瑞银价值成长一年持有混合C,混合型
010425,国投瑞银开放视角精选混合A,混合型
010426,国投瑞银开放视角精选混合C,混合型
010427,兴银策略智选混合A,混合型
010428,兴银策略智选混合C,混合型
010429,中欧睿见混合A,混合型
010430,招商安阳债券A,债券型
010431,招商安阳债券C,债券型
010432,广发国证2000ETF联接C,指数型
010433,广发新兴产业混合C,混合型
010434,红土创新医疗保健股票A,股票型
010435,富国双债增强债券A,债券型
010436,富国双债增强债券C,债券型
010437,嘉实竞争力优选混合A,混合型
010438,嘉实竞争力优选混合C,混合型
010439,汇添富稳健汇盈一年持有期混合,混合型
010440,诺德安鸿A,债券型
010441,东方红启兴三年持有混合B,混合型
010442,东方红启盛三年持有混合B,混合型
010443,东方红启程三年持有混合B,混合型
010444,南方誉尚一年持有期混合A,混合型
010445,南方誉尚一年持有期混合C,混合型
010447,中邮未来成长混合A,混合型
010448,中邮未来成长混合C,混合型
010449,广发恒悦债券A,债券型
010450,广发恒悦债券C,债券型
010451,广发恒悦债券E,债券型
010452,广发瑞福精选混合A,混合型
010453,广发瑞福精选混合C,混合型
010454,交银内需增长一年持有混合,混合型
010455,博时产业精选混合A,混合型
010456,博时产业精选混合C,混合型
010457,广发睿鑫混合A,混合型
010458,广发睿鑫混合C,混合型
010459,鑫元乾利债券,债券型
010460,兴业研究精选混合A,混合型
010462,中信保诚嘉润66个月定开债,债券型
010463,鹏扬淳稳66个月定开债A,债券型
010464,鹏扬淳稳66个月定开债C,债券型
010465,鹏扬景创混合A,混合型
010466,鹏扬景创混合C,混合型
010467,华安锦溶0-5年金融债定开债,债券型
010468,国富恒博63个月定期开放债券,债券型
010469,圆信永丰聚优股票A,股票型
010470,圆信永丰聚优股票C,股票型
010471,易方达年年恒实纯债一年定开A,债券型
010472,易方达年年恒实纯债一年定开C,债券型
010473,华富安华债券A,债券型
010474,华富安华债券C,债券型
010476,太平恒久纯债,债券型
010477,景顺长城景泰益利纯债债券A,债券型
010479,鹏华丰颐债券,债券型
010480,汇添富稳进双盈一年持有混合,混合型
010481,汇添富高质量成长精选2年持有混合,混合型
010482,汇添富盛和66个月定开债,债券型
010483,交银启道混合,混合型
010484,中银量化精选混合C,混合型
010485,中航瑞晨87个月定开债A,债券型
010486,中航瑞晨87个月定开债C,债券型
010488,鹏华优选成长混合A,混合型
010489,鹏华优选成长混合C,混合型
010490,鹏华高质量增长混合A,混合型
010491,鹏华高质量增长混合C,混合型
010495,创金合信创新驱动股票A,股票型
010496,创金合信创新驱动股票C,股票型
010497,光大中债1-5年政金债A,指数型
010500,中银创新医疗混合C,混合型
010501,中泰青月安盈66个月定开债,债券型
010502,财通裕泰87个月定开债,债券型
010503,招商稳兴混合A,混合型
010504,招商稳兴混合C,混合型
010505,申万菱信创业板量化精选股票C,股票型
010506,东方红睿玺三年持有混合C,混合型
010507,招商添锦1年定开债发起式,债券型
010509,中银彭博政策性银行债券1-5年,指数型
010510,工银14天理财债券发起C,债券型
010512,工银7天理财债券C,债券型
010513,淳厚益加债券A,债券型
010514,淳厚益加债券C,债券型
010515,富国天兴回报混合A,混合型
010518,华夏先锋科技一年定开混合A,混合型
010519,华夏先锋科技一年定开混合C,混合型
010522,华安添禧一年持有期混合A,混合型
010523,华安添禧一年持有期混合C,混合型
010524,银华中证5G通信主题ETF联接C,指数型
010525,富国天兴回报混合C,混合型
010527,景顺长城景泰优利一年定开纯债,债券型
010529,广发中债1-5年国开债指数A,指数型
010530,广发中债1-5年国开债指数C,指数型
010531,申万中证申万电子行业投资指数(LOF)C,指数型
010532,广发恒信一年持有期混合A,混合型
010533,广发恒信一年持有期混合C,混合型
010534,广发均衡增长混合A,混合型
010535,广发均衡增长混合C,混合型
010536,泰康优势企业混合A,混合型
010537,泰康优势企业混合C,混合型
010539,浙商智多金稳健一年持有期A,混合型
010540,浙商智多金稳健一年持有期C,混合型
010541,国寿安保稳和6个月持有期混合A,混合型
010542,国寿安保稳和6个月持有期混合C,混合型
010543,中加科鑫混合A,混合型
010544,中加科鑫混合C,混合型
010545,中加聚隆持有期混合A,混合型
010546,中加聚隆持有期混合C,混合型
010547,博时恒进持有期混合A,混合型
010548,博时恒进持有期混合C,混合型
010549,富国均衡策略混合,混合型
010550,华商双擎领航混合,混合型
010551,淳厚欣颐一年持有期混合,混合型
010552,浙商智选领航三年持有混合A,混合型
010553,浙商智选领航三年持有混合C,混合型
010554,华安新兴消费混合A,混合型
010555,华安新兴消费混合C,混合型
010556,汇添富沪深300指数增强C,指数型
010557,汇添富数字生活六个月持有混合,混合型
010558,汇安鑫利优选混合A,混合型
010559,汇安鑫利优选混合C,混合型
010560,永赢稳健增利18个月持有混合A,混合型
010562,永赢成长领航混合A,混合型
010563,永赢成长领航混合C,混合型
010565,东方恒瑞短债债券A,债券型
010566,东方恒瑞短债债券B,债券型
010567,东方恒瑞短债债券C,债券型
010570,新沃创新领航混合A,混合型
010571,新沃创新领航混合C,混合型
010572,易方达中证万得生物科技指数(LOF)C,指数型
010573,华润元大富时中国A50指数C,指数型
010577,汇安永福90天持有中短债A,债券型
010578,汇安永福90天持有中短债C,债券型
010579,中金恒嘉稳健3个月持有债券发起A,债券型
010580,长盛稳鑫63个月定开债,债券型
010581,中信建投中债3-5年政金债A,指数型
010582,中信建投中债3-5年政金债C,指数型
010583,富国蓝筹精选股票(QDII)美元,QDII
010584,渤海汇金新动能主题混合A,混合型
010585,创金合信医药消费股票A,股票型
010586,创金合信医药消费股票C,股票型
010587,鹏扬先进制造混合A,混合型
010588,鹏扬先进制造混合C,混合型
010589,鹏扬景安一年持有期混合A,混合型
010590,鹏扬景安一年持有期混合C,混合型
010591,富国中国中小盘混合(QDII)美元,QDII
010592,南方医药创新股票A,股票型
010593,南方医药创新股票C,股票型
010594,广发睿选三年持有期混合,混合型
010595,广发成长精选混合A,混合型
010596,广发成长精选混合C,混合型
010597,创金合信景雯灵活配置混合A,混合型
010598,创金合信景雯灵活配置混合C,混合型
010599,汇添富高质量成长30一年混合A,混合型
010600,光大安瑞一年持有A,债券型
010601,光大安瑞一年持有C,债券型
010602,长城均衡优选混合A,混合型
010603,长城中债5-10年国开债指数A,指数型
010604,长城中债5-10年国开债指数C,指数型
010605,创金合信鑫祥混合A,混合型
010606,创金合信鑫祥混合C,混合型
010607,新沃安鑫87个月定开债,债券型
010608,华泰柏瑞质量领先混合A,混合型
010609,华泰柏瑞质量领先混合C,混合型
010610,摩根远见两年持有期混合,混合型
010611,万家战略发展产业混合A,混合型
010612,万家战略发展产业混合C,混合型
010615,国金自主创新混合A,混合型
010616,国金自主创新混合C,混合型
010617,兴业消费精选混合A,混合型
010618,兴业消费精选混合C,混合型
010619,华安添利6个月债券A,债券型
010620,华安添利6个月债券C,债券型
010621,永赢泰宁63个月定开债,债券型
010622,恒越成长精选混合A,混合型
010623,恒越成长精选混合C,混合型
010624,富国稳健增长混合A,混合型
010625,富国稳健增长混合C,混合型
010626,国新国证荣赢63个月定开债,债券型
010627,淳厚安心87个月定开债,债券型
010629,广发可转债债券E,债券型
010630,惠升和睿兴利债券A,债券型
010631,惠升和韵66个月定开债券,债券型
010632,工银瑞达一年定开纯债发起式,债券型
010633,惠升和睿兴利债券C,债券型
010634,天弘合益债券发起A,债券型
010635,天弘合益债券发起C,债券型
010636,财通安盈混合A,混合型
010637,财通安盈混合C,混合型
010639,上银聚远鑫87个月定开债,债券型
010640,财通稳进回报6个月持有混合A,混合型
010641,财通稳进回报6个月持有混合C,混合型
010643,平安兴诚混合(FOF)A,FOF
010644,富国全球健康生活主题混合(QDII)人民币A,QDII
010645,富国全球健康生活主题混合(QDII)美元,QDII
010646,融通价值趋势混合A,混合型
010647,融通价值趋势混合C,混合型
010651,平安双季增享6个月持有债券A,债券型
010652,平安双季增享6个月持有债券C,债券型
010653,农银汇理金玉债券,债券型
010654,天弘医药创新A,混合型
010655,天弘医药创新C,混合型
010656,华商均衡30,混合型
010657,海富通欣睿混合A,混合型
010658,海富通欣睿混合C,混合型
010659,民生加银质量领先混合A,混合型
010660,民生加银质量领先混合C,混合型
010661,安信稳健聚申一年持有期混合C,混合型
010662,富国均衡优选混合,混合型
010663,长江均衡成长混合发起式A,混合型
010664,长江均衡成长混合发起式C,混合型
010665,博时高端装备混合A,混合型
010666,博时高端装备混合C,混合型
010667,安信价值回报三年持有混合C,混合型
010668,工银优选对冲灵活配置混合发起A,混合型
010669,工银优选对冲灵活配置混合发起C,混合型
010670,兴全合兴混合C,混合型
010671,景顺长城大中华混合(QDII)A美元现汇,QDII
010673,兴全中证800六个月持有指数A,指数型
010674,兴全中证800六个月持有指数C,指数型
010676,光大新机遇混合A,混合型
010677,工银传媒指数C,指数型
010678,中欧均衡成长混合A,混合型
010679,中欧均衡成长混合C,混合型
010680,华夏新兴成长股票A,股票型
010681,华夏新兴成长股票C,股票型
010683,国联景颐6个月持有混合A,混合型
010684,国联景颐6个月持有混合C,混合型
010685,工银前沿医疗股票C,股票型
010687,工银文体产业股票C,股票型
010688,招商瑞德一年持有期混合A,混合型
010689,招商瑞德一年持有期混合C,混合型
010690,万家互联互通核心资产量化A,混合型
010691,万家互联互通核心资产量化C,混合型
010692,华夏核心价值混合A,混合型
010693,华夏核心价值混合C,混合型
010694,万家内需增长一年持有混合,混合型
010695,华夏磐益一年定开混合,混合型
010696,工银金融地产混合C,混合型
010697,国联行业先锋6个月持有混合A,混合型
010698,国联行业先锋6个月持有混合C,混合型
010699,东方红创新趋势混合,混合型
010700,东方红锦丰优选两年定开混合,混合型
010701,恒越内需驱动混合A,混合型
010702,恒越内需驱动混合C,混合型
010703,财通智选消费股票A,股票型
010704,财通智选消费股票C,股票型
010706,景顺长城景骊成长混合A,混合型
010707,安信平稳合盈一年持有混合A,混合型
010708,安信平稳合盈一年持有混合C,混合型
010709,安信医药健康股票A,股票型
010710,安信医药健康股票C,股票型
010712,中欧瑾利混合A,混合型
010713,中欧瑾利混合C,混合型
010714,东方红远见价值混合A,混合型
010715,财通资管消费升级一年持有A,混合型
010716,财通资管消费升级一年持有C,混合型
010717,前海开源优质企业6个月持有混合A,混合型
010718,前海开源优质企业6个月持有混合C,混合型
010719,东吴瑞盈63个月定开债,债券型
010723,中欧价值成长混合A,混合型
010724,中欧价值成长混合C,混合型
010725,鹏华安享一年持有期混合A,混合型
010726,鹏华安享一年持有期混合C,混合型
010727,建信现金增利货币B,货币型
010728,中泰兴诚价值一年持有混合A,混合型
010729,中泰兴诚价值一年持有混合C,混合型
010730,银华心佳两年持有期混合,混合型
010731,广发创新医疗两年持有混合A,混合型
010732,广发创新医疗两年持有混合C,混合型
010733,红塔红土瑞景纯债A,债券型
010734,红塔红土瑞景纯债C,债券型
010735,申万稳健养老一年持有混合发起式(FOF)A,FOF
010736,易方达沪深300指数增强A,指数型
010737,易方达沪深300指数增强C,指数型
010738,大成优选升级一年持有混合A,混合型
010739,大成优选升级一年持有混合C,混合型
010740,汇安核心价值混合A,混合型
010741,汇安核心价值混合C,混合型
010742,南方宁悦一年持有期混合A,混合型
010743,南方宁悦一年持有期混合C,混合型
010744,工银灵动价值混合A,混合型
010745,工银灵动价值混合C,混合型
010746,富安达长三角区域主题混合A,混合型
010747,宝盈祥和9个月定开混合A,混合型
010748,宝盈祥和9个月定开混合C,混合型
010751,宝盈优质成长混合A,混合型
010752,宝盈优质成长混合C,混合型
010753,招商招旭纯债D,债券型
010754,招商沪港深科技创新混合C,混合型
010755,博道睿见一年持有期混合,混合型
010758,国投瑞银顺景一年定开债,债券型
010761,华商甄选回报混合A,混合型
010764,九泰锐升混合,混合型
010767,建信利率债策略纯债债券A,债券型
010768,建信利率债策略纯债债券C,债券型
010769,天弘中证农业主题ETF联接A,指数型
010770,天弘中证农业主题ETF联接C,指数型
010771,天弘国证消费100指数增强发起A,指数型
010772,天弘国证消费100指数增强发起C,指数型
010775,博时恒旭持有期混合A,混合型
010776,博时恒旭持有期混合C,混合型
010779,西部利得量化优选一年持有A,混合型
010780,西部利得量化优选一年持有C,混合型
010781,兴业聚申一年持有期混合A,混合型
010782,兴业聚申一年持有期混合C,混合型
010783,德邦沪港深龙头混合A,混合型
010784,德邦沪港深龙头混合C,混合型
010785,博时创业板指数A,指数型
010786,博时创业板指数C,指数型
010787,华安优势企业混合A,混合型
010788,华安优势企业混合C,混合型
010789,汇添富恒生指数(QDII-LOF)C,指数型
010790,海富通均衡甄选混合A,混合型
010791,海富通均衡甄选混合C,混合型
010792,华安成长先锋混合A,混合型
010793,华安成长先锋混合C,混合型
010794,东海鑫享66个月定开,债券型
010795,民生价值发现一年持有混合A,混合型
010796,民生价值发现一年持有混合C,混合型
010797,长城优选回报六个月持有混合A,混合型
010798,长城优选回报六个月持有混合C,混合型
010801,长江量化消费精选股票A,股票型
010802,长江量化消费精选股票C,股票型
010803,天弘庆享债券A,债券型
010804,天弘庆享债券C,债券型
010805,东财中证新能源车ETF发起式联接A,指数型
010806,东财中证新能源车ETF发起式联接C,指数型
010807,融通稳信增益6个月持有期混合A,混合型
010808,达诚策略先锋混合A,混合型
010809,达诚策略先锋混合C,混合型
010810,湘财久盈中短债A,债券型
010811,湘财久盈中短债C,债券型
010812,中银战略新兴产业股票C,股票型
010813,华安添益一年持有混合A,混合型
010814,华安添益一年持有混合C,混合型
010815,农银新兴消费股票,股票型
010816,银华远兴一年持有期债券,债券型
010817,国联安鑫稳3个月持有混合A,混合型
010818,国联安鑫稳3个月持有混合C,混合型
010819,安信稳健回报6个月混合A,混合型
010820,安信稳健回报6个月混合C,混合型
010821,东方红多元策略混合B,混合型
010824,天弘创新成长混合发起式A,混合型
010825,天弘创新成长混合发起式C,混合型
010826,大成产业趋势混合A,混合型
010827,大成产业趋势混合C,混合型
010830,国泰通利9个月持有期混合A,混合型
010831,国泰通利9个月持有期混合C,混合型
010832,国泰合益混合A,混合型
010833,国泰合益混合C,混合型
010834,国泰同益18个月持有期混合A,混合型
010835,国泰同益18个月持有期混合C,混合型
010836,国泰瑞泰纯债债券,债券型
010837,格林泓景债券A,债券型
010838,格林泓景债券C,债券型
010839,易方达瑞安灵活配置混合A,混合型
010840,易方达瑞安灵活配置混合C,混合型
010841,华宝红利精选混合C,混合型
010842,华宝科技先锋混合C,混合型
010843,富国天润回报混合A,混合型
010844,富国天润回报混合C,混合型
010845,宏利波控回报12个月持有混合,混合型
010846,南方卓越优选3个月持有期混合A,混合型
010847,南方卓越优选3个月持有期混合C,混合型
010848,渤海汇金兴荣一年定期开放债券,债券型
010849,易方达竞争优势企业混合C,混合型
010852,中欧内需成长混合A,混合型
010853,中欧内需成长混合C,混合型
010854,汇添富沪深300基本面增强指数A,指数型
010855,汇添富沪深300基本面增强指数C,指数型
010856,民生加银恒泽债券,债券型
010859,富国中债0-2年国开行债券指数A,指数型
010860,富国中债0-2年国开行债券指数C,指数型
010861,长信企业优选一年持有混合,混合型
010862,东方红启阳三年持有混合B,混合型
010864,泓德卓远混合A,混合型
010865,泓德卓远混合C,混合型
010866,嘉实福康稳健养老一年持有混合(FOF)A,FOF
010868,华宝安盈混合A,混合型
010869,汇添富稳健欣享一年持有混合,混合型
010870,汇添富稳健鑫添益六个月持有混合A,混合型
010871,中银信用增利债券(LOF)C,债券型
010872,博时沪深300指数增强A,指数型
010873,博时沪深300指数增强C,指数型
010874,泰康品质生活混合A,混合型
010875,泰康品质生活混合C,混合型
010876,浙商智选先锋一年持有混合A,混合型
010877,浙商智选先锋一年持有混合C,混合型
010878,诺德优势产业,混合型
010879,南方宝升混合A,混合型
010880,南方宝升混合C,混合型
010881,南方宝顺混合A,混合型
010882,南方宝顺混合C,混合型
010883,中信保诚智惠金货币C,货币型
010884,中银臻享债券,债券型
010885,长盛优势企业精选混合A,混合型
010886,长盛优势企业精选混合C,混合型
010887,南方消费升级混合A,混合型
010888,南方消费升级混合C,混合型
010889,工银创业板两年定开混合C,混合型
010890,交银鸿福六个月持有混合A,混合型
010891,交银鸿福六个月持有混合C,混合型
010892,中银证券精选行业股票A,股票型
010893,中银证券精选行业股票C,股票型
010894,鹏华汇智优选混合A,混合型
010895,鹏华汇智优选混合C,混合型
010896,太平价值增长股票A,股票型
010897,太平价值增长股票C,股票型
010898,银河产业动力混合A,混合型
010899,上银慧恒收益增强债券A,债券型
010900,中欧生益稳健一年混合A,混合型
010901,中欧生益稳健一年混合C,混合型
010902,博时成长领航混合A,混合型
010903,博时成长领航混合C,混合型
010904,博时双季鑫6个月持有混合A,混合型
010905,博时双季鑫6个月持有混合C,混合型
010906,博远优享混合A,混合型
010907,博远优享混合C,混合型
010908,大成沪深300增强发起式A,指数型
010909,大成沪深300增强发起式C,指数型
010910,交银安悦平衡养老三年持有期混合发起(FOF)A,FOF
010912,国泰成长价值混合A,混合型
010913,国泰成长价值混合C,混合型
010914,长盛成长精选混合A,混合型
010915,长盛成长精选混合C,混合型
010916,交银臻选回报混合A,混合型
010922,朱雀匠心一年持有,混合型
010923,永赢鑫欣混合A,混合型
010924,博时双季鑫6个月持有混合B,混合型
010925,兴银科技增长1个月滚动混合A,混合型
010926,兴银科技增长1个月滚动混合C,混合型
010927,大成元吉增利债券A,债券型
010928,大成元吉增利债券C,债券型
010929,大成核心价值甄选混合A,混合型
010930,大成核心价值甄选混合C,混合型
010933,中银稳汇短债债券E,债券型
010934,国寿安保稳福6个月持有期混合A,混合型
010935,国寿安保稳福6个月持有期混合C,混合型
010936,交银均衡成长一年混合A,混合型
010937,交银均衡成长一年混合C,混合型
010940,大成安享得利六月持有混合A,混合型
010941,大成安享得利六月持有混合C,混合型
010942,招商瑞乐6个月持有期混合A,混合型
010943,招商瑞乐6个月持有期混合C,混合型
010944,招商商业模式优选A,混合型
010945,招商商业模式优选C,混合型
010946,中银证券汇福一年定开债券发起式,债券型
010947,中欧嘉选混合A,混合型
010948,中欧嘉选混合C,混合型
010949,景顺长城研究驱动三年持有混合,混合型
010953,天弘国证A50指数A,指数型
010954,天弘国证A50指数C,指数型
010955,天弘中证智能汽车指数发起式A,指数型
010956,天弘中证智能汽车指数发起式C,指数型
010959,大成惠泽一年定开债券发起式,债券型
010960,大成惠恒一年定开债券发起式,债券型
010962,中银鑫新消费成长混合C,混合型
010963,信澳周期动力混合A,混合型
010964,鹏华可转债债券C,债券型
010965,中银鑫新消费成长混合A,混合型
010966,富国成长领航混合,混合型
010967,博道嘉丰混合A,混合型
010968,博道嘉丰混合C,混合型
010969,华夏安阳6个月持有期混合A,混合型
010970,华夏安阳6个月持有期混合C,混合型
010971,华夏永鑫六个月持有期混合A,混合型
010972,华夏永鑫六个月持有期混合C,混合型
010973,博时聚源纯债债券C,债券型
010976,华商鸿盈87个月定开债,债券型
010977,华夏鸿阳6个月持有期混合A,混合型
010978,华夏鸿阳6个月持有期混合C,混合型
010979,华夏鼎润债券A,债券型
010980,华夏鼎润债券C,债券型
010981,兴全汇虹一年持有混合A,混合型
010982,兴全汇虹一年持有混合C,混合型
010983,兴银汇泽87个月定开债,债券型
010984,国寿安保稳安混合A,混合型
010985,国寿安保稳安混合C,混合型
010986,银华信用季季红债券C,债券型
010989,南方中证房地产ETF发起联接E,指数型
010990,南方有色金属ETF联接E,指数型
010991,长盛同鑫行业配置混合C,混合型
010992,东财中证500ETF发起式联接A,指数型
010993,东财中证500ETF发起式联接C,指数型
010994,博时创新经济混合A,混合型
010995,博时创新经济混合C,混合型
010996,招商品质升级混合A,混合型
010997,招商品质升级混合C,混合型
010998,博道消费智航A,股票型
011001,中邮兴荣价值一年持有混合,混合型
011002,同泰大健康主题混合A,混合型
011003,同泰大健康主题混合C,混合型
011004,永赢鑫盛混合A,混合型
011006,工银圆丰三年持有期混合,混合型
011007,国投瑞银顺臻纯债债券C,债券型
011008,国寿安保尊弘短债债券A,债券型
011009,国寿安保尊弘短债债券C,债券型
011010,国寿安保尊弘短债债券E,债券型
011011,融通产业趋势精选混合A,混合型
011012,泰康安泽中短债C,债券型
011013,长城消费30股票A,股票型
011014,长城消费30股票C,股票型
011015,嘉合锦元回报混合A,混合型
011016,嘉合锦元回报混合C,混合型
011017,鹏扬景明一年混合,混合型
011018,景顺长城安泽回报一年持有混合A,混合型
011019,景顺长城安泽回报一年持有混合C,混合型
011020,财通资管消费精选混合C,混合型
011021,汇添富互联网核心资产六个月持有混合A,混合型
011022,汇添富互联网核心资产六个月持有混合C,混合型
011024,东兴兴利债券D,债券型
011027,国寿安保稳弘混合A,混合型
011028,国寿安保稳弘混合C,混合型
011029,安信永盈一年定开债券,债券型
011030,达诚价值先锋灵活配置A,混合型
011031,达诚价值先锋灵活配置C,混合型
011032,东方红睿泽三年持有混合C,混合型
011033,南方宝恒混合A,混合型
011034,南方宝恒混合C,混合型
011035,嘉实中证稀土产业ETF联接A,指数型
011036,嘉实中证稀土产业ETF联接C,指数型
011037,富国长期成长混合A,混合型
011038,新华利率债债券A,债券型
011039,新华利率债债券C,债券型
011040,天弘国证生物医药ETF发起式联接A,指数型
011041,天弘国证生物医药ETF发起式联接C,指数型
011042,国泰价值先锋股票A,股票型
011043,国泰价值先锋股票C,股票型
011044,中银顺泽回报一年持有期混合A,混合型
011045,中银顺泽回报一年持有期混合C,混合型
011046,富国优质企业混合A,混合型
011047,富国优质企业混合C,混合型
011048,天弘恒新混合A,混合型
011049,天弘恒新混合C,混合型
011050,天弘裕新混合A,混合型
011051,天弘裕新混合C,混合型
011052,鹏华弘裕一年持有期混合A,混合型
011053,鹏华弘裕一年持有期混合C,混合型
011056,博时汇兴回报一年持有期混合,混合型
011057,汇添富丰利短债C,债券型
011058,景顺长城成长龙头一年持有混合A,混合型
011059,景顺长城成长龙头一年持有混合C,混合型
011060,西部利得策略优选混合C,混合型
011061,广发安悦回报混合C,混合型
011062,广发中债7-10年国开债指数E,指数型
011063,国寿安保鑫钱包货币B,货币型
011064,南方誉享一年持有期混合A,混合型
011065,南方誉享一年持有期混合C,混合型
011066,大成高鑫股票C,股票型
011067,财通资管鸿达债券I,债券型
011068,华宝资源优选混合C,混合型
011069,工银成长精选混合A,混合型
011070,工银成长精选混合C,混合型
011071,鹏华安悦一年持有期混合A,混合型
011072,鹏华安悦一年持有期混合C,混合型
011073,鹏华安润混合A,混合型
011074,鹏华安润混合C,混合型
011077,汇丰晋信创新先锋,股票型
011078,诺德品质消费6个月持有混合,混合型
011079,嘉实致泓一年定期纯债债券,债券型
011080,鹏华尊和一年定开发起式债券,债券型
011081,国投瑞银港股通混合C,混合型
011082,国投瑞银医疗保健混合C,混合型
011083,银河聚利87个月定开债券,债券型
011086,易方达瑞康混合A,混合型
011087,易方达瑞康混合C,混合型
011088,景顺长城景泰恒利一年定开债,债券型
011091,工银双玺6个月持有期债券A,债券型
011092,工银双玺6个月持有期债券C,债券型
011093,永赢宏泽一年定开混合,混合型
011094,诺德安盛纯债,债券型
011095,博时恒泽混合A,混合型
011096,博时恒泽混合C,混合型
011097,达诚宜创精选混合A,混合型
011098,达诚宜创精选混合C,混合型
011099,富国价值创造混合A,混合型
011100,富国价值创造混合C,混合型
011101,圆信永丰瑞丰66个月定开债,债券型
011102,天弘中证光伏产业指数A,指数型
011103,天弘中证光伏产业指数C,指数型
011104,光大智能汽车主题股票A,股票型
011105,长信稳健均衡6个月持有期混合A,混合型
011106,长信稳健均衡6个月持有期混合C,混合型
011107,九泰天兴量化智选A,股票型
011108,九泰天兴量化智选C,股票型
011109,南方晖元6个月持有期债券A,债券型
011110,南方晖元6个月持有期债券C,债券型
011111,华泰柏瑞行业严选混合A,混合型
011112,华泰柏瑞行业严选混合C,混合型
011113,富国军工主题混合C,混合型
011114,富国沪港深行业精选混合C,混合型
011115,海富通利率债债券A,债券型
011116,海富通利率债债券C,债券型
011117,富国沪港深业绩驱动混合型C,混合型
011118,汇添富稳健睿选一年持有混合A,混合型
011119,汇添富稳健睿选一年持有混合C,混合型
011120,富国创新科技混合C,混合型
011121,广发兴诚混合A,混合型
011122,汇添富ESG可持续成长股票A,股票型
011123,汇添富ESG可持续成长股票C,股票型
011124,富国金融地产行业混合C,混合型
011125,富国文体健康股票C,股票型
011126,富国互联科技股票C,股票型
011127,富国清洁能源产业混合C,混合型
011128,华安精致生活混合A,混合型
011129,华安精致生活混合C,混合型
011130,广发兴诚混合C,混合型
011131,富国沪港深价值混合C,混合型
011132,鹏扬沪深300质量成长低波动A,指数型
011133,鹏扬沪深300质量成长低波动C,指数型
011134,广发价值优选混合A,混合型
011135,广发价值优选混合C,混合型
011136,广发盛兴混合A,混合型
011137,广发盛兴混合C,混合型
011138,广发聚鸿六个月持有期混合A,混合型
011139,广发聚鸿六个月持有期混合C,混合型
011140,广发聚鸿六个月持有期混合E,混合型
011141,南方景元中高等级信用债债券A,债券型
011142,创金合信新材料新能源股票A,股票型
011143,创金合信新材料新能源股票C,股票型
011144,华安汇宏精选混合A,混合型
011145,华安汇宏精选混合C,混合型
011146,创金合信气候变化责任投资股票A,股票型
011147,创金合信气候变化责任投资股票C,股票型
011148,南方军工改革灵活配置混合C,混合型
011149,创金合信ESG责任投资股票A,股票型
011150,创金合信ESG责任投资股票C,股票型
011151,富国医疗保健行业混合C,混合型
011152,国富兴海回报混合A,混合型
011153,华宝新兴消费混合A,混合型
011154,华宝新兴消费混合C,混合型
011155,金鹰责任投资混合A,混合型
011156,金鹰责任投资混合C,混合型
011159,大成中小盘混合(LOF)C,混合型
011160,富国质量成长6个月持有混合A,混合型
011161,富国质量成长6个月持有混合C,混合型
011162,博时港股通领先趋势混合A,混合型
011163,博时港股通领先趋势混合C,混合型
011164,富国兴远优选12个月持有混合A,混合型
011165,富国兴远优选12个月持有混合C,混合型
011166,万家陆家嘴金融城金融债,债券型
011167,景顺长城景气成长混合A,混合型
011168,嘉实睿享安久双利18个月持有期债券,债券型
011169,建信臻选混合,混合型
011170,宝盈智慧生活混合A,混合型
011171,宝盈智慧生活混合C,混合型
011172,广发利鑫灵活配置混合C,混合型
011173,银华心享一年持有期混合,混合型
011174,中庚价值品质一年持有期混合,混合型
011175,平安恒鑫混合A,混合型
011176,平安恒鑫混合C,混合型
011177,博时汇融回报一年持有混合A,混合型
011178,博时汇融回报一年持有混合C,混合型
011181,长盛成长龙头混合A,混合型
011182,长盛成长龙头混合C,混合型
011183,广发内需增长混合C,混合型
011184,东方阿尔法招阳混合A,混合型
011185,东方阿尔法招阳混合C,混合型
011186,信澳至诚精选混合A,混合型
011187,中加穗盈纯债债券,债券型
011188,信澳星奕混合A,混合型
011189,建信智汇优选一年持有期混合(MOM),混合型
011190,招商瑞安1年持有期混合A,混合型
011191,招商瑞安1年持有期混合C,混合型
011192,广发恒荣三个月持有期混合A,混合型
011193,广发恒荣三个月持有期混合C,混合型
011194,广发睿铭两年持有期混合A,混合型
011195,广发睿铭两年持有期混合C,混合型
011196,摩根优势成长混合A,混合型
011197,摩根优势成长混合C,混合型
011200,建信现金增利货币C,货币型
011201,财通优势行业轮动混合A,混合型
011202,财通优势行业轮动混合C,混合型
011203,永赢惠添益混合A,混合型
011204,永赢惠添益混合C,混合型
011205,兴银中证500指数增强C,指数型
011206,创金合信竞争优势混合A,混合型
011207,创金合信竞争优势混合C,混合型
011208,泰康招享混合A,混合型
011209,泰康招享混合C,混合型
011212,富国稳健策略6个月持有混合A,混合型
011213,富国稳健策略6个月持有混合C,混合型
011216,南方优质企业混合A,混合型
011217,南方优质企业混合C,混合型
011220,南方匠心优选股票A,股票型
011221,南方匠心优选股票C,股票型
011222,建信现金添益货币C,货币型
011223,信澳星奕混合C,混合型
011224,九泰盈泰量化股票A,股票型
011225,九泰盈泰量化股票C,股票型
011228,西部利得量化成长混合C,混合型
011229,创金合信数字经济主题股票A,股票型
011230,创金合信数字经济主题股票C,股票型
011231,光大锦弘混合A,混合型
011232,光大锦弘混合C,混合型
011233,泰康福泰平衡养老三年持有混合(FOF)A,FOF
011234,宏利中债1-5年国开债指数A,指数型
011235,宏利中债1-5年国开债指数C,指数型
011236,摩根行业睿选股票A,股票型
011237,摩根行业睿选股票C,股票型
011238,华安聚恒精选混合A,混合型
011239,华安聚恒精选混合C,混合型
011240,东吴行业轮动混合C,混合型
011241,东吴双动力混合C,混合型
011242,东吴进取策略混合C,混合型
011243,万家惠裕回报6个月持有期混合A,混合型
011244,万家惠裕回报6个月持有期混合C,混合型
011245,中加瑞享纯债债券C,债券型
011246,嘉实阿尔法优选混合A,混合型
011247,嘉实阿尔法优选混合C,混合型
011248,嘉实品质回报混合,混合型
011249,嘉实稳裕混合A,混合型
011250,嘉实稳裕混合C,混合型
011251,华安聚嘉精选混合A,混合型
011252,华安聚嘉精选混合C,混合型
011256,交银鸿光一年混合A,混合型
011257,交银鸿光一年混合C,混合型
011258,招商保证金快线D,货币型
011259,汇添富高质量成长30一年混合C,混合型
011260,金鹰新能源混合A,混合型
011261,金鹰新能源混合C,混合型
011262,华夏鼎英债券A,债券型
011263,华夏鼎英债券C,债券型
011264,中欧新趋势混合X,混合型
011267,长盛鑫盛稳健一年持有A,混合型
011268,长盛鑫盛稳健一年持有C,混合型
011269,中银证券优势制造股票A,股票型
011270,中银证券优势制造股票C,股票型
011271,汇添富价值成长均衡投资混合A,混合型
011272,汇添富价值成长均衡投资混合C,混合型
011273,泰信景气驱动12个月持有混合A,混合型
011274,泰信景气驱动12个月持有混合C,混合型
011275,交银成长动力一年持有混合A,混合型
011276,交银成长动力一年持有混合C,混合型
011277,上银科技驱动双周定期可赎回混合A,混合型
011278,华夏内需驱动混合A,混合型
011279,华夏内需驱动混合C,混合型
011280,华宝双债增强债券A,债券型
011281,华宝双债增强债券C,债券型
011282,华夏消费龙头混合A,混合型
011283,华夏消费龙头混合C,混合型
011284,中信保诚龙腾精选混合,混合型
011285,民生价值优选6个月持有股票A,股票型
011286,民生价值优选6个月持有股票C,股票型
011287,前海开源聚慧三年持有混合,混合型
011288,上银医疗健康混合A,混合型
011289,上银医疗健康混合C,混合型
011290,前海联合添瑞一年持有混合A,混合型
011291,前海联合添瑞一年持有混合C,混合型
011292,招商添裕纯债D,债券型
011293,中金恒远一年持有期混合,混合型
011294,招商添逸1年定开债券发起式,债券型
011295,中信保诚量化阿尔法股票C,股票型
011296,汇添富优势行业一年持有混合A,混合型
011297,汇添富优势行业一年持有混合C,混合型
011298,易方达悦安一年持有债券A,债券型
011299,易方达悦安一年持有债券C,债券型
011300,易方达智造优势混合A,混合型
011301,易方达智造优势混合C,混合型
011302,易方达悦盈一年持有混合A,混合型
011303,易方达悦盈一年持有混合C,混合型
011304,工银创新成长混合A,混合型
011305,工银创新成长混合C,混合型
011306,富国低碳新经济混合C,混合型
011307,富国天益价值混合C,混合型
011308,富国生物医药科技混合C,混合型
011309,富国消费主题混合C,混合型
011310,国联恒阳纯债A,债券型
011311,国联恒阳纯债C,债券型
011312,东方红启瑞三年持有混合B,混合型
011313,东方红启华三年持有混合B,混合型
011314,农银创新成长混合,混合型
011315,永赢港股通优质成长一年混合,混合型
011316,天弘创业板300ETF发起式联接A,指数型
011317,天弘创业板300ETF发起式联接C,指数型
011319,国泰上证综合ETF联接A,指数型
011320,国泰上证综合ETF联接C,指数型
011321,国泰大健康股票C,股票型
011322,国泰智能装备股票C,股票型
011323,国泰智能汽车股票C,股票型
011324,国泰价值精选灵活配置混合C,混合型
011325,国泰江源优势精选混合C,混合型
011326,国泰医药健康股票C,股票型
011327,太平丰盈一年定开债券发起式,债券型
011328,景顺长城新能源产业股票A,股票型
011329,景顺长城新能源产业股票C,股票型
011330,鹏华精选群英一年持有混合MOM,混合型
011331,鹏华远见成长混合A,混合型
011332,鹏华远见成长混合C,混合型
011333,鹏华品质优选混合A,混合型
011334,鹏华品质优选混合C,混合型
011335,银河医药混合A,混合型
011336,兴全汇吉一年持有混合A,混合型
011337,兴全汇吉一年持有混合C,混合型
011338,兴全合远两年持有混合A,混合型
011339,兴全合远两年持有混合C,混合型
011340,博时战略新材料主题混合A,混合型
011341,博时战略新材料主题混合C,混合型
011344,景顺长城融景一年持有混合A,混合型
011345,景顺长城融景一年持有混合C,混合型
011346,淳厚鑫淳一年持有混合,混合型
011347,易方达宁易一年持有混合A,混合型
011348,易方达宁易一年持有混合C,混合型
011349,淳厚现代服务业股票A,股票型
011350,淳厚现代服务业股票C,股票型
011351,金鹰年年邮益一年持有混合A,混合型
011352,金鹰年年邮益一年持有混合C,混合型
011353,国联景盛一年持有混合A,混合型
011354,国联景盛一年持有混合C,混合型
011355,华泰柏瑞港股通时代机遇混合A,混合型
011356,华泰柏瑞港股通时代机遇混合C,混合型
011357,华泰柏瑞品质成长混合A,混合型
011358,华泰柏瑞品质成长混合C,混合型
011363,南方兴润价值一年持有混合A,混合型
011364,南方兴润价值一年持有混合C,混合型
011367,创金合信群力一年定期开放混合(MOM)A,混合型
011368,创金合信群力一年定期开放混合(MOM)C,混合型
011369,华商均衡成长混合A,混合型
011370,华商均衡成长混合C,混合型
011371,华商远见价值A,混合型
011372,华商远见价值C,混合型
011373,招商前沿医疗保健股票A,股票型
011374,招商前沿医疗保健股票C,股票型
011376,华宝安享混合A,混合型
011377,创金合信积极成长股票A,股票型
011378,创金合信积极成长股票C,股票型
011383,富安达医药创新混合A,混合型
011384,南方远见回报股票A,股票型
011385,南方远见回报股票C,股票型
011387,工银宁瑞6个月持有期混合A,混合型
011388,工银宁瑞6个月持有期混合C,混合型
011389,国都聚成混合,混合型
011390,华安添祥6个月持有混合A,混合型
011391,民生加银新战略混合C,混合型
011392,平安兴鑫回报一年定开混合,混合型
011393,中欧融益稳健一年混合A,混合型
011394,中欧融益稳健一年混合C,混合型
011395,博时恒元6个月持有期混合A,混合型
011396,博时恒元6个月持有期混合C,混合型
011399,汇添富数字未来混合A,混合型
011400,汇添富数字未来混合C,混合型
011401,汇添富成长精选混合A,混合型
011402,汇添富成长精选混合C,混合型
011403,融通鑫新成长混合A,混合型
011404,融通鑫新成长混合C,混合型
011405,银华稳健增长一年持有期混合,混合型
011408,天弘益新混合A,混合型
011409,天弘益新混合C,混合型
011410,中信建投量化进取A,混合型
011411,中信建投量化进取C,混合型
011412,易方达远见成长混合C,混合型
011413,富国安益货币B,货币型
011414,鹏华宁华一年持有期混合A,混合型
011415,鹏华宁华一年持有期混合C,混合型
011416,恒越嘉鑫债券A,债券型
011417,恒越嘉鑫债券C,债券型
011418,汇添富消费精选两年持有股票A,股票型
011419,汇添富消费精选两年持有股票C,股票型
011420,广发全球科技三个月定开混合(QDII)人民币A,QDII
011421,广发全球科技三个月定开混合(QDII)美元A,QDII
011422,广发全球科技三个月定开混合(QDII)人民币C,QDII
011423,广发全球科技三个月定开混合(QDII)美元C,QDII
011424,汇添富外延增长股票C,股票型
011425,广发优势成长股票A,股票型
011426,广发优势成长股票C,股票型
011427,广发价值驱动混合A,混合型
011428,广发价值驱动混合C,混合型
011429,前海开源民裕进取,混合型
011430,广发估值优势混合C,混合型
011431,宏利消费服务混合A,混合型
011432,宏利消费服务混合C,混合型
011435,中欧研究精选混合A,混合型
011436,中欧研究精选混合C,混合型
011437,中泰开阳价值优选混合C,混合型
011442,创金合信鑫瑞混合A,混合型
011443,创金合信鑫瑞混合C,混合型
011446,长江新能源产业混合发起A,混合型
011447,长江新能源产业混合发起C,混合型
011450,招商企业优选混合A,混合型
011451,招商企业优选混合C,混合型
011452,华泰柏瑞质量成长C,混合型
011453,华泰柏瑞医疗健康C,混合型
011454,华泰柏瑞景气优选C,混合型
011455,长城竞争优势六个月混合A,混合型
011456,长城竞争优势六个月混合C,混合型
011457,新华行业龙头主题股票,股票型
011458,东方鑫享价值成长一年持有混合A,混合型
011459,东方鑫享价值成长一年持有混合C,混合型
011460,鹏华创新成长混合A,混合型
011461,鹏华创新成长混合C,混合型
011462,东吴兴享成长混合C,混合型
011463,长城量化精选股票C,股票型
011464,南华瑞利债券A,债券型
011465,南华瑞利债券C,债券型
011466,兴业医疗保健混合A,混合型
011467,兴业医疗保健混合C,混合型
011468,国富竞争优势三年持有期混合A,混合型
011469,国富竞争优势三年持有期混合C,混合型
011470,东吴新产业精选股票C,股票型
011471,鹏华致远成长混合A,混合型
011472,鹏华致远成长混合C,混合型
011473,工银战略转型股票C,股票型
011474,工银信息产业混合C,混合型
011475,工银消费服务混合C,混合型
011476,工银新蓝筹股票C,股票型
011477,工银总回报灵活配置混合C,混合型
011478,工银美丽城镇股票C,股票型
011479,广发诚享混合A,混合型
011480,广发诚享混合C,混合型
011481,广发瑞锦一年定期开放混合,混合型
011486,博时创新精选混合A,混合型
011487,博时创新精选混合C,混合型
011488,申万菱信乐享混合A,混合型
011489,创金合信双季享6个月持有A,债券型
011490,创金合信双季享6个月持有C,债券型
011491,南方薪金宝货币B,货币型
011492,华泰紫金丰睿债券发起A,债券型
011493,华泰紫金丰睿债券发起C,债券型
011494,华泰紫金丰和偏债混合发起A,混合型
011495,华泰紫金丰和偏债混合发起C,混合型
011496,华泰紫金月月发1个月滚动债券发起A,债券型
011497,华泰紫金月月发1个月滚动债券发起C,债券型
011498,富国沪深300基本面精选股票A,股票型
011499,富国沪深300基本面精选股票C,股票型
011500,九泰量化新兴产业,混合型
011501,方正富邦汇福一年定开混合A,混合型
011502,方正富邦汇福一年定开混合C,混合型
011503,建信智能生活混合,混合型
011504,上银丰益混合A,混合型
011505,上银丰益混合C,混合型
011506,建信高端装备股票A,股票型
011507,建信高端装备股票C,股票型
011508,易方达悦弘一年持有期混合A,混合型
011509,易方达悦弘一年持有期混合C,混合型
011510,国寿安保稳鑫一年持有混合A,混合型
011511,国寿安保稳鑫一年持有混合C,混合型
011512,天弘中证新能源车A,指数型
011513,天弘中证新能源车C,指数型
011514,中海海誉混合A,混合型
011515,中海海誉混合C,混合型
011516,嘉实浦盈一年持有期混合A,混合型
011517,嘉实浦盈一年持有期混合C,混合型
011518,嘉实价值臻选混合A,混合型
011521,鹏扬景源一年持有混合A,混合型
011522,鹏扬景源一年持有混合C,混合型
011523,前海联合产业趋势混合A,混合型
011524,前海联合产业趋势混合C,混合型
011525,中信保诚丰裕一年持有期混合A,混合型
011526,中信保诚丰裕一年持有期混合C,混合型
011527,博时恒悦6个月持有混合A,混合型
011528,博时恒悦6个月持有混合C,混合型
011529,上银慧兴盈债券,债券型
011530,泓德优质治理灵活配置混合,混合型
011531,朱雀恒心一年持有混合,混合型
011532,工银聚丰混合A,混合型
011533,工银聚丰混合C,混合型
011534,万家民瑞祥明6个月持有混合A,混合型
011535,万家民瑞祥明6个月持有混合C,混合型
011536,惠升惠益混合A,混合型
011537,惠升惠益混合C,混合型
011538,长城优选添瑞六个月持有混合A,混合型
011539,长城优选添瑞六个月持有混合C,混合型
011542,鹏华远见回报三年持有混合,混合型
011545,长江沪深300指数增强发起式A,指数型
011546,长江沪深300指数增强发起式C,指数型
011547,华夏惠利货币C,货币型
011548,九泰久慧混合A,混合型
011549,九泰久慧混合C,混合型
011550,湘财创新成长一年持有期混合A,混合型
011551,湘财创新成长一年持有期混合C,混合型
011552,鹏华民丰盈和6个月持有混合A,混合型
011553,鹏华民丰盈和6个月持有混合C,混合型
011554,海富通欣利混合A,混合型
011555,海富通欣利混合C,混合型
011556,富国民裕进取沪港深成长C,混合型
011557,平安稳健养老一年持有混合(FOF)A,FOF
011558,天弘宁弘六个月A,混合型
011559,天弘宁弘六个月C,混合型
011562,汇添富稳健盈和一年持有混合,混合型
011563,淳厚利加混合A,混合型
011564,淳厚利加混合C,混合型
011565,富国周期优势混合C,混合型
011566,富国美丽中国混合C,混合型
011567,富国消费升级混合C,混合型
011568,鹏华产业升级混合A,混合型
011569,鹏华产业升级混合C,混合型
011570,鹏华鑫远价值一年持有期混合A,混合型
011571,鹏华鑫远价值一年持有期混合C,混合型
011572,鹏华安荣混合A,混合型
011573,鹏华安荣混合C,混合型
011574,鹏华领航一年持有混合A,混合型
011575,鹏华领航一年持有混合C,混合型
011576,鹏华安诚混合A,混合型
011577,鹏华安诚混合C,混合型
011578,汇丰晋信核心成长A,混合型
011579,汇丰晋信核心成长C,混合型
011580,民生加银稳健配置6个月混合(FOF),FOF
011583,大成港股精选混合(QDII)A,QDII
011584,大成港股精选混合(QDII)C,QDII
011585,博时产业慧选混合A,混合型
011586,博时产业慧选混合C,混合型
011587,东方红欣和平衡两年混合(FOF),FOF
011588,前海开源成份精选混合,混合型
011589,九泰天利量化A,股票型
011590,九泰天利量化C,股票型
011591,民生加银稳健配置9个月持有混合(FOF),FOF
011592,博时军工主题股票C,股票型
011593,农银汇理安瑞一年持有混合(FOF),FOF
011594,国投瑞银稳健养老目标一年持有混合(FOF)C,FOF
011597,汇添富多策略纯债E,债券型
011598,信澳医药健康混合A,混合型
011599,国联安匠心科技1个月滚动持有混合,混合型
011600,银华华智三个月持有(FOF),FOF
011601,前海开源公共卫生股票A,股票型
011602,前海开源公共卫生股票C,股票型
011603,兴业高端制造混合A,混合型
011604,兴业高端制造混合C,混合型
011605,交银招享一年持有混合(FOF)A,FOF
011606,交银招享一年持有混合(FOF)C,FOF
011607,民生中证内地资源主题指数C,指数型
011608,易方达上证科创50联接A,指数型
011609,易方达上证科创50联接C,指数型
011610,华泰柏瑞上证科创板50成份ETF联接A,指数型
011611,华泰柏瑞上证科创板50成份ETF联接C,指数型
011612,华夏科创50ETF联接A,指数型
011613,华夏科创50ETF联接C,指数型
011614,工银科创ETF联接A,指数型
011615,工银科创ETF联接C,指数型
011616,国投瑞银瑞祥C,混合型
011617,汇添富AAA级信用纯债E,债券型
011618,国投瑞银瑞泰多策略混合C,混合型
011619,鹏扬淳兴三个月定期开放债券A,债券型
011620,鹏扬淳兴三个月定期开放债券C,债券型
011622,汇添富短债债券E,债券型
011623,汇添富中短债E,债券型
011624,华夏卓享债券A,债券型
011625,华夏卓享债券C,债券型
011626,嘉实匠心回报混合A,混合型
011627,嘉实匠心回报混合C,混合型
011628,嘉实致明3个月定期纯债债券,债券型
011629,银河核心优势混合A,混合型
011630,东财有色增强A,指数型
011631,东财有色增强C,指数型
011634,国寿安保安悦纯债一年定开债,债券型
011635,富国港股通策略精选混合A,混合型
011636,富国港股通策略精选混合C,混合型
011637,广发沪港深价值成长混合A,混合型
011638,广发沪港深价值成长混合C,混合型
011641,富国达利纯债一年定开债发起式,债券型
011642,财通资管睿慧1年定开债,债券型
011643,嘉实时代先锋三年持有混合A,混合型
011644,嘉实时代先锋三年持有混合C,混合型
011645,国泰核心价值两年持有期股票A,股票型
011646,国泰核心价值两年持有期股票C,股票型
011649,易方达逆向投资混合A,混合型
011650,易方达逆向投资混合C,混合型
011651,招商港股通核心精选股票A,股票型
011652,招商港股通核心精选股票C,股票型
011653,国泰鑫享稳健6个月滚动持有债券,债券型
011654,国泰鑫享稳健6个月滚动持有债券C,债券型
011655,天弘兴益一年定开,债券型
011656,天弘京津冀发起债A,债券型
011657,天弘京津冀发起债C,债券型
011658,汇添富中高等级信用债A,债券型
011659,汇添富中高等级信用债C,债券型
011660,汇添富中高等级信用债E,债券型
011661,华富中债1-3年国开债A,指数型
011662,华富中债1-3年国开债C,指数型
011663,华安研究驱动混合A,混合型
011664,华安研究驱动混合C,混合型
011665,汇添富数字经济引领发展三年持有混合A,混合型
011666,汇添富数字经济引领发展三年持有混合C,混合型
011667,东财高端制造增强A,指数型
011668,东财高端制造增强C,指数型
011669,长信优质企业混合A,混合型
011670,长信优质企业混合C,混合型
011671,中信建投双利3个月债A,债券型
011672,中信建投双利3个月债C,债券型
011673,长城医药科技六个月持有混合A,混合型
011674,长城医药科技六个月持有混合C,混合型
011681,汇添富均衡精选六个月持有混合A,混合型
011682,汇添富均衡精选六个月持有混合C,混合型
011683,华夏鼎华一年定开债,债券型
011685,创金合信先进装备股票A,股票型
011686,创金合信先进装备股票C,股票型
011687,易方达龙头优选两年持有混合A,混合型
011688,易方达龙头优选两年持有混合C,混合型
011690,招商品质发现混合A,混合型
011691,招商品质发现混合C,混合型
011692,华安研究智选混合A,混合型
011693,华安研究智选混合C,混合型
011694,华泰紫金信息科技主题6个月持有混合发起A,混合型
011695,华泰紫金信息科技主题6个月持有混合发起C,混合型
011696,南方浩睿进取京选3个月混合(FOF)A,FOF
011697,南方浩睿进取京选3个月混合(FOF)C,FOF
011698,南方均衡回报混合A,混合型
011699,蜂巢丰华债券A,债券型
011700,蜂巢丰华债券C,债券型
011701,南方均衡回报混合C,混合型
011702,广发睿享稳健增利混合C,混合型
011703,中金鑫瑞优选一年持有混合,混合型
011704,东方阿尔法产业先锋混合A,混合型
011705,东方阿尔法产业先锋混合C,混合型
011706,长信标普100等权重指数美元,指数型
011707,东吴配置优化混合C,混合型
011708,中欧嘉益一年持有期混合A,混合型
011709,中欧嘉益一年持有期混合C,混合型
011710,中欧睿泽混合A,混合型
011711,中欧睿泽混合C,混合型
011712,大摩万众创新混合C,混合型
011713,中信保诚盛裕一年持有混合A,混合型
011714,中信保诚盛裕一年持有混合C,混合型
011717,浦银均衡优选6个月持有混合A,混合型
011718,浦银均衡优选6个月持有混合C,混合型
011719,浦银安盛盛华一年定开债券,债券型
011720,易方达悦信一年持有混合A,混合型
011721,易方达悦信一年持有混合C,混合型
011722,前海开源深圳特区精选股票A,股票型
011723,前海开源深圳特区精选股票C,股票型
011724,东方红启恒三年持有混合B,混合型
011725,东方红新源三年持有混合B,混合型
011726,安信新常态股票C,股票型
011727,工银聚瑞混合A,混合型
011728,工银聚瑞混合C,混合型
011729,工银聚享混合A,混合型
011730,工银聚享混合C,混合型
011733,银华瑞祥一年持有期混合,混合型
011734,国寿安保裕丰混合A,混合型
011735,国寿安保裕丰混合C,混合型
011736,宝盈祥庆9个月持有混合A,混合型
011737,宝盈祥庆9个月持有混合C,混合型
011738,华安兴安优选一年持有混合A,混合型
011739,华安兴安优选一年持有混合C,混合型
011740,博时成长精选混合A,混合型
011741,博时成长精选混合C,混合型
011742,大成惠平一年定开债发起式,债券型
011743,华夏兴源稳健一年持有混合A,混合型
011744,华夏兴源稳健一年持有混合C,混合型
011745,华夏养老2055五年持有混合(FOF)A,FOF
011746,南方誉浦一年持有混合A,混合型
011747,南方誉浦一年持有混合C,混合型
011748,华泰柏瑞景气成长混合A,混合型
011749,华泰柏瑞景气成长混合C,混合型
011752,广发核心优选六个月持有混合(FOF)A,FOF
011753,广发核心优选六个月持有混合(FOF)C,FOF
011754,鹏扬现金通利货币D,货币型
011755,广发竞争优势混合C,混合型
011756,博时产业优选混合A,混合型
011757,博时产业优选混合C,混合型
011758,广发逆向策略混合C,混合型
011759,平安鑫盛混合发起式A,混合型
011760,平安鑫盛混合发起式C,混合型
011761,平安鑫瑞混合A,混合型
011762,平安鑫瑞混合C,混合型
011765,兴银高端制造混合A,混合型
011766,兴银高端制造混合C,混合型
011767,泰康合润混合A,混合型
011768,泰康合润混合C,混合型
011769,富国精诚回报12个月持有期混合A,混合型
011770,富国精诚回报12个月持有期混合C,混合型
011773,国寿安保璟珹6个月持有混合A,混合型
011774,国寿安保璟珹6个月持有混合C,混合型
011775,格林鑫悦一年持有期混合A,混合型
011776,格林鑫悦一年持有期混合C,混合型
011777,易方达稳健增长混合A,混合型
011778,易方达稳健增长混合C,混合型
011779,易方达稳泰一年持有混合A,混合型
011780,易方达稳泰一年持有混合C,混合型
011781,泓德慧享混合A,混合型
011782,泓德慧享混合C,混合型
011783,泓德睿源三年持有期混合,混合型
011784,天弘招添利混合发起A,混合型
011785,天弘招添利混合发起C,混合型
011786,工银聚安混合A,混合型
011787,工银聚安混合C,混合型
011788,工银聚益混合A,混合型
011789,工银聚益混合C,混合型
011790,建信创新驱动混合,混合型
011791,招商瑞盈9个月持有期混合A,混合型
011792,招商瑞盈9个月持有期混合C,混合型
011793,建信智能汽车股票,股票型
011796,新华中债0-3年政策性金融债指数A,指数型
011797,新华中债0-3年政策性金融债指数C,指数型
011798,华安宁享6个月混合A,混合型
011799,华安宁享6个月混合C,混合型
011800,申万菱信价值精选混合A,混合型
011801,中银证券盈瑞混合A,混合型
011802,中银证券盈瑞混合C,混合型
011803,景顺长城宁景6个月持有混合A,混合型
011804,景顺长城宁景6个月持有混合C,混合型
011805,嘉实优质核心两年持有混合A,混合型
011806,嘉实优质核心两年持有混合C,混合型
011807,平安研究精选混合A,混合型
011808,平安研究精选混合C,混合型
011811,财通安华混合发起A,混合型
011812,财通安华混合发起C,混合型
011813,融通创新动力混合A,混合型
011814,融通创新动力混合C,混合型
011815,恒越优势精选混合A,混合型
011816,融通多元收益一年持有期混合,混合型
011817,银华阿尔法混合,混合型
011818,鹏扬景阳一年持有混合A,混合型
011819,鹏扬景阳一年持有混合C,混合型
011820,兴业兴智一年持有期混合A,混合型
011821,兴业兴智一年持有期混合C,混合型
011822,易方达产业升级混合A,混合型
011823,易方达产业升级混合C,混合型
011824,浙商汇金量化臻选股票A,股票型
011825,浙商汇金量化臻选股票C,股票型
011826,汇添富健康生活一年持有混合A,混合型
011827,汇添富健康生活一年持有混合C,混合型
011828,平安睿享成长混合A,混合型
011829,平安睿享成长混合C,混合型
011830,富国天恒混合A,混合型
011831,富国天恒混合C,混合型
011832,西部利得人工智能主题指数增强A,指数型
011833,西部利得人工智能主题指数增强C,指数型
011834,大成投资严选六月持有混合A,混合型
011835,大成投资严选六月持有混合C,混合型
011836,银华智能建造股票发起式,股票型
011837,鹏扬中国优质成长混合A,混合型
011838,鹏扬中国优质成长混合C,混合型
011839,天弘中证人工智能A,指数型
011840,天弘中证人工智能C,指数型
011841,嘉实兴锐优选一年持有混合A,混合型
011842,嘉实兴锐优选一年持有混合C,混合型
011843,民生加银内核驱动混合A,混合型
011844,民生加银内核驱动混合C,混合型
011845,博时周期优选混合A,混合型
011846,博时周期优选混合C,混合型
011847,易方达商业模式优选混合A,混合型
011848,易方达商业模式优选混合C,混合型
011849,西部利得量化价值一年持有期混合,混合型
011850,天治天享66个月定开债,债券型
011851,天弘先进制造混合A,混合型
011852,天弘先进制造混合C,混合型
011853,招商中证消费龙头指数增强A,指数型
011854,招商中证消费龙头指数增强C,指数型
011855,银华长荣混合A,混合型
011856,安信均衡成长18个月持有混合A,混合型
011857,安信均衡成长18个月持有混合C,混合型
011860,南方中证1000ETF发起联接A,指数型
011861,南方中证1000ETF发起联接C,指数型
011862,南方蓝筹成长混合A,混合型
011863,南方蓝筹成长混合C,混合型
011864,博时恒泰债券A,债券型
011865,博时恒泰债券C,债券型
011866,广发价值增长混合A,混合型
011867,广发价值增长混合C,混合型
011868,中信建投远见回报混合A,混合型
011869,中信建投远见回报混合C,混合型
011870,前海开源国家比较优势混合C,混合型
011871,前海开源沪港深优势精选混合C,混合型
011872,中邮悦享6个月持有期混合A,混合型
011873,中邮悦享6个月持有期混合C,混合型
011874,博时先进制造混合A,混合型
011875,博时先进制造混合C,混合型
011876,景顺长城医疗健康混合A,混合型
011877,景顺长城医疗健康混合C,混合型
011879,博时新兴消费主题混合C,混合型
011880,国泰中债1-5年政金债A,指数型
011881,国泰中债1-5年政金债C,指数型
011882,招商蓝筹精选股票A,股票型
011883,招商蓝筹精选股票C,股票型
011884,工银景气优选混合A,混合型
011885,工银景气优选混合C,混合型
011888,民生加银周期优选混合A,混合型
011889,民生加银周期优选混合C,混合型
011890,中金新璟3个月定期开放债券,债券型
011891,易方达先锋成长混合A,混合型
011892,易方达先锋成长混合C,混合型
011893,易方达长期价值混合A,混合型
011894,易方达长期价值混合C,混合型
011895,博时医疗保健行业混合C,混合型
011897,长城悦享回报债券A,债券型
011898,长城悦享回报债券C,债券型
011899,长安鑫瑞科技6个月定开混合A,混合型
011900,长安鑫瑞科技6个月定开混合C,混合型
011901,南方竞争优势混合A,混合型
011902,南方竞争优势混合C,混合型
011903,南方领航优选混合A,混合型
011904,南方领航优选混合C,混合型
011905,安信价值启航混合A,混合型
011906,安信价值启航混合C,混合型
011907,国泰量化收益灵活配置混合C,混合型
011908,广发沪港深价值精选混合A,混合型
011909,广发沪港深价值精选混合C,混合型
011910,南方臻利3个月定开债券发起A,债券型
011911,华夏消费优选混合A,混合型
011912,华夏消费优选混合C,混合型
011913,华夏永泓一年持有混合A,混合型
011914,华夏永泓一年持有混合C,混合型
011917,山证资管品质生活混合A,混合型
011918,山证资管品质生活混合C,混合型
011919,恒越短债债券A,债券型
011920,恒越短债债券C,债券型
011921,富国均衡成长三年持有期混合A,混合型
011922,富国均衡成长三年持有期混合C,混合型
011923,大成消费精选股票A,股票型
011924,嘉实港股互联网产业核心资产A,混合型
011925,嘉实港股互联网产业核心资产C,混合型
011926,大成消费精选股票C,股票型
011927,博时汇誉回报混合A,混合型
011928,博时汇誉回报混合C,混合型
011929,申万安泰稳利纯债一年定开债,债券型
011930,华夏时代前沿一年持有混合A,混合型
011931,华夏时代前沿一年持有混合C,混合型
011932,工银战略远见混合A,混合型
011933,工银战略远见混合C,混合型
011934,中航量化阿尔法六个月持有A,股票型
011935,中航量化阿尔法六个月持有C,股票型
011936,华夏阿尔法精选混合A,混合型
011937,华夏阿尔法精选混合C,混合型
011938,博时新能源汽车主题混合A,混合型
011939,博时新能源汽车主题混合C,混合型
011940,大成全球美元债(QDII)A美元,QDII
011941,大成全球美元债(QDII)C美元,QDII
011942,建信泓利一年持有期债券,债券型
011943,工银瑞盛一年定开纯债债券发起式,债券型
011944,招商金融债3个月定开债,债券型
011945,汇添富稳健增益一年持有混合C,混合型
011946,建信裕丰利率债三个月定开债A,债券型
011947,建信裕丰利率债三个月定开债C,债券型
011948,东吴智慧医疗量化混合C,混合型
011949,东吴多策略混合C,混合型
011950,嘉实稳元纯债债券C,债券型
011951,国寿安保安弘纯债一年定开债,债券型
011952,万家悦兴3个月定期开放债券型发起式A,债券型
011953,招商招瑞纯债发起式D,债券型
011954,广发汇荣三个月定开债券A,债券型
011955,招商招祥纯债D,债券型
011956,鹏华新能源精选混合A,混合型
011957,鹏华新能源精选混合C,混合型
011960,兴业嘉福一年定开债券发起式,债券型
011961,易方达稳鑫30天滚动持有短债A,债券型
011962,易方达稳鑫30天滚动持有短债C,债券型
011963,广发稳裕混合C,混合型
011964,泰康中证500ETF联接A,指数型
011965,泰康中证500ETF联接C,指数型
011966,招商中证光伏产业ETF联接A,指数型
011967,招商中证光伏产业ETF联接C,指数型
011968,农银汇理金盛债券,债券型
011969,建信港股通精选混合A,混合型
011970,建信港股通精选混合C,混合型
011971,东财中证银行指数A,指数型
011972,东财中证银行指数C,指数型
011973,新华中债1-5年农发行A,指数型
011974,新华中债1-5年农发行C,指数型
011975,广发均衡回报混合A,混合型
011976,广发均衡回报混合C,混合型
011977,格林研究优选混合A,混合型
011978,格林研究优选混合C,混合型
011979,中邮中债1-5年政金债指数A,指数型
011980,国富匠心精选混合A,混合型
011981,国富匠心精选混合C,混合型
011982,博时内需增长混合C,混合型
011983,永赢中债3-5年政金债指数A,指数型
011984,永赢中债3-5年政金债指数C,指数型
011985,申万菱信合利纯债债券A,债券型
011986,申万菱信合利纯债债券C,债券型
011989,汇安鑫泽稳健一年持有期混合A,混合型
011990,汇安鑫泽稳健一年持有期混合C,混合型
011991,汇安泓利一年持有期混合A,混合型
011992,汇安泓利一年持有期混合C,混合型
011993,中邮中债1-5年政金债指数C,指数型
011994,国联安核心优势混合A,混合型
011997,景顺长城安盈回报一年持有混合A,混合型
011998,景顺长城安盈回报一年持有混合C,混合型
011999,富国安泰90天滚动持有短债债券A,债券型
012000,富国安泰90天滚动持有短债债券C,债券型
012001,中泰星宇价值成长混合A,混合型
012002,中泰星宇价值成长混合C,混合型
012003,招商价值成长混合A,混合型
012004,招商价值成长混合C,混合型
012005,信澳恒盛混合A,混合型
012006,信澳恒盛混合C,混合型
012007,万家瑞富灵活配置混合C,混合型
012008,易方达稳健回报混合A,混合型
012009,易方达稳健回报混合C,混合型
012010,富国泰享回报6个月持有混合A,混合型
012011,富国泰享回报6个月持有混合C,混合型
012012,海富通瑞兴3个月定开债券A,债券型
012013,海富通瑞兴3个月定开债券C,债券型
012014,工银聚润6个月持有混合A,混合型
012015,工银聚润6个月持有混合C,混合型
012016,国投瑞银顺成3个月定开债,债券型
012017,国投瑞银和旭一年持有债券A,债券型
012018,国投瑞银和旭一年持有债券C,债券型
012023,兴业聚乾混合A,混合型
012024,兴业聚乾混合C,混合型
012025,兴业聚兴混合A,混合型
012026,兴业聚兴混合C,混合型
012027,光大安阳一年持有期混合A,混合型
012028,光大安阳一年持有期混合C,混合型
012029,广发恒鑫一年持有期混合A,混合型
012030,广发恒鑫一年持有期混合C,混合型
012031,光大纯债债券A,债券型
012032,光大纯债债券C,债券型
012033,广发睿盛混合A,混合型
012034,广发睿盛混合C,混合型
012035,中信建投稳骏一年定开发起式债券,债券型
012036,诺德兴远优选一年持有混合,混合型
012037,招商和惠养老目标2040三年持有期混合(FOF)A,FOF
012038,银华尊颐稳健养老目标一年持有混合发起式(FOF)A,FOF
012039,中加1-5年国开债指数,指数型
012040,鹏华中证信息技术指数(LOF)C,指数型
012041,鹏华中证国防指数(LOF)C,指数型
012042,鹏华中证银行指数(LOF)C,指数型
012043,鹏华酒C,指数型
012044,鹏华中证全指证券公司指数(LOF)C,指数型
012045,大成医药健康股票A,股票型
012046,大成医药健康股票C,股票型
012049,天弘安盈一年持有A,债券型
012050,天弘安盈一年持有C,债券型
012051,申万菱信乐道三年持有期混合,混合型
012052,财通资管新聚益6个月持有混合发起式A,混合型
012053,财通资管新聚益6个月持有混合发起式C,混合型
012054,鹏华安康一年持有期混合A,混合型
012055,鹏华安康一年持有期混合C,混合型
012056,华商嘉悦平衡养老目标三年持有混合发起(FOF)A,FOF
012057,鹏华品质成长混合A,混合型
012058,鹏华品质成长混合C,混合型
012059,鹏华永益3个月定开债,债券型
012060,富国全球消费精选混合(QDII)人民币A,QDII
012061,富国全球消费精选混合(QDII)美元,QDII
012062,富国全球消费精选混合(QDII)人民币C,QDII
012063,天弘中债1-5年政策性金融债指数发起A,指数型
012064,圆信永丰兴诺一年持有期混合,混合型
012065,嘉实民安添复一年持有期混合A,混合型
012066,嘉实民安添复一年持有期混合C,混合型
012067,嘉实蓝筹优势混合A,混合型
012068,嘉实蓝筹优势混合C,混合型
012069,天弘安康颐享12个月持有A,混合型
012070,天弘安康颐享12个月持有C,混合型
012071,中加喜利回报一年持有混合A,混合型
012072,中加喜利回报一年持有混合C,混合型
012073,华安均衡优选混合A,混合型
012074,华安均衡优选混合C,混合型
012075,易方达稳健添利混合A,混合型
012076,易方达稳健添利混合C,混合型
012077,易方达悦夏一年持有混合A,混合型
012078,易方达悦夏一年持有混合C,混合型
012079,信澳新能源精选混合A,混合型
012080,易方达中证500指数量化增强A,指数型
012081,易方达中证500指数量化增强C,指数型
012082,博时数字经济混合A,混合型
012083,博时数字经济混合C,混合型
012086,博时健康生活混合A,混合型
012087,博时健康生活混合C,混合型
012088,东方红锦和甄选18个月持有混合A,混合型
012089,东方红锦和甄选18个月持有混合C,混合型
012092,银华信用精选两年定开债,债券型
012093,鹏华创新升级混合A,混合型
012094,鹏华创新升级混合C,混合型
012095,长信颐和平衡养老三年持有混合(FOF)A,FOF
012096,鑫元鑫动力混合A,混合型
012097,鑫元鑫动力混合C,混合型
012098,华夏成长机会一年持有混合,混合型
012099,华夏稳健增利滚动持有债A,债券型
012100,华夏稳健增利滚动持有债C,债券型
012101,中金金合债券,债券型
012102,国寿安保低碳经济混合A,混合型
012103,国寿安保低碳经济混合C,混合型
012104,永赢货币E,货币型
012105,永赢天天利货币E,货币型
012106,广发安泰稳健养老一年持有混合(FOF)A,FOF
012107,泓德瑞嘉三年持有期混合A,混合型
012108,泓德瑞嘉三年持有期混合C,混合型
012111,鹏华安颐混合A,混合型
012112,鹏华安颐混合C,混合型
012113,融通稳健增长一年持有期混合A,混合型
012114,融通稳健增长一年持有期混合C,混合型
012115,招商招丰纯债D,债券型
012118,兴全恒裕债券C,债券型
012119,工银核心优势混合A,混合型
012120,工银核心优势混合C,混合型
012121,华夏永润六个月持有混合A,混合型
012122,华夏永润六个月持有混合C,混合型
012123,招商金安成长严选混合,混合型
012124,博道盛彦混合A,混合型
012125,博道盛彦混合C,混合型
012126,宏利新能源股票A,股票型
012127,宏利新能源股票C,股票型
012128,汇添富彭博政金债1-3年A,指数型
012129,汇添富彭博政金债1-3年C,指数型
012130,景顺长城先进智造混合A,混合型
012131,景顺长城先进智造混合C,混合型
012132,华泰保兴价值成长A,混合型
012133,招商添浩纯债D,债券型
012134,中银嘉享3个月定期开放债券A,债券型
012136,景顺长城景泰鑫利纯债C,债券型
012137,景顺长城安瑞混合A,混合型
012138,景顺长城安益回报一年持有混合A,混合型
012139,景顺长城安益回报一年持有混合C,混合型
012140,太平丰泰一年定开债券发起式,债券型
012143,新沃内需增长混合A,混合型
012144,新沃内需增长混合C,混合型
012145,中欧稳宁9个月持有债券A,债券型
012146,中欧稳宁9个月持有债券C,债券型
012147,富国大盘核心资产混合,混合型
012148,国投瑞银产业趋势混合A,混合型
012149,国投瑞银产业趋势混合C,混合型
012150,诺德价值发现一年持有混合,混合型
012153,博时研究慧选混合A,混合型
012154,博时研究慧选混合C,混合型
012155,汇添富成长先锋六个月持有混合A,混合型
012156,汇添富成长先锋六个月持有混合C,混合型
012157,汇添富上证50基本面增强指数A,指数型
012158,汇添富上证50基本面增强指数C,指数型
012159,财通资管健康产业混合A,混合型
012160,财通资管健康产业混合C,混合型
012161,安信招信一年持有混合A,混合型
012162,安信招信一年持有混合C,混合型
012165,工银彭博国开债1-3年指数E,指数型
012166,工银1-3年农发债指数E,指数型
012167,浦银安盛颐享稳健养老目标一年持有混合(FOF)A,FOF
012168,工银中债1-5年进出口行E,指数型
012169,工银3-5年国开债指数E,指数型
012170,华夏永顺一年持有混合A,混合型
012171,华夏永顺一年持有混合C,混合型
012172,工银1-3年国开债指数E,指数型
012173,国泰兴泽优选一年持有期混合A,混合型
012174,国泰兴泽优选一年持有期混合C,混合型
012175,易方达稳健增利混合A,混合型
012176,易方达稳健增利混合C,混合型
012177,华泰保兴价值成长C,混合型
012178,银华富饶精选三年持有期混合,混合型
012179,浦银安盛创业板ETF联接A,指数型
012180,浦银安盛创业板ETF联接C,指数型
012181,中银智能制造股票C,股票型
012182,广发沪港深精选混合A,混合型
012183,广发沪港深精选混合C,混合型
012184,大成创新趋势混合A,混合型
012185,大成创新趋势混合C,混合型
012186,招商品质成长混合A,混合型
012187,招商品质成长混合C,混合型
012188,华安优势龙头混合A,混合型
012189,华安优势龙头混合C,混合型
012190,汇添富添福盈和稳健养老一年持有混合(FOF)A,FOF
012191,中银恒泰9个月持有期债券A,债券型
012192,中银恒泰9个月持有期债券C,债券型
012193,泓德睿诚混合A,混合型
012194,泓德睿诚混合C,混合型
012195,万家瑞泽回报一年持有混合,混合型
012196,招商品质生活混合A,混合型
012197,招商品质生活混合C,混合型
012198,国金核心资产一年持有A,混合型
012199,国金核心资产一年持有C,混合型
012200,新华鑫科技3个月滚动持有灵活配置混合A,混合型
012201,新华鑫科技3个月滚动持有灵活配置混合C,混合型
012202,中加消费优选混合A,混合型
012203,中加消费优选混合C,混合型
012204,中银通利债券A,债券型
012205,中银通利债券C,债券型
012206,中泰沪深300量化优选增强A,指数型
012207,中泰沪深300量化优选增强C,指数型
012208,华夏港股前沿经济混合(QDII)A,QDII
012209,华夏港股前沿经济混合(QDII)C,QDII
012210,申万菱信智能汽车股票A,股票型
012211,申万菱信智能汽车股票C,股票型
012212,天弘中证高端装备制造指数增强A,指数型
012213,天弘中证高端装备制造指数增强C,指数型
012214,民生加银核心资产股票A,股票型
012215,民生加银核心资产股票C,股票型
012218,博时乐享混合A,混合型
012219,博时乐享混合C,混合型
012220,南方安泰混合C,混合型
012221,瑞达行业轮动混合A,混合型
012222,瑞达行业轮动混合C,混合型
012223,信澳成长精选混合A,混合型
012224,信澳成长精选混合C,混合型
012225,嘉实优势精选混合A,混合型
012226,嘉实优势精选混合C,混合型
012227,景顺长城港股通全球竞争力A,混合型
012228,景顺长城港股通全球竞争力C,混合型
012229,华安众鑫90天滚动短债A,债券型
012230,华安众鑫90天滚动短债C,债券型
012231,华安沣信债券A,债券型
012232,华安沣信债券C,债券型
012233,招商安盈债券C,债券型
012234,华安聚弘精选混合A,混合型
012235,华安聚弘精选混合C,混合型
012236,中银持续增长混合C,混合型
012237,工银新价值灵活配置混合C,混合型
012238,工银养老产业股票C,股票型
012239,惠升优势企业一年持有期混合,混合型
012240,中欧兴悦债券A,债券型
012241,工银量化策略混合C,混合型
012242,华安添荣中短债A,债券型
012243,东方红内需增长混合B,混合型
012244,广发金融地产精选股票A,股票型
012245,广发金融地产精选股票C,股票型
012246,博时月月享30天持有期短债A,债券型
012247,博时月月享30天持有期短债C,债券型
012248,大成恒享夏盛一年定开混合A,混合型
012249,大成恒享夏盛一年定开混合C,混合型
012250,安信平衡增利混合A,混合型
012251,安信平衡增利混合C,混合型
012252,安信宏盈18个月持有混合,混合型
012253,鹏扬景润一年持有混合A,混合型
012254,鹏扬景润一年持有混合C,混合型
012255,富国高质量混合,混合型
012256,安信丰穗一年持有混合A,混合型
012257,安信丰穗一年持有混合C,混合型
012258,天弘鑫悦成长混合A,混合型
012259,天弘鑫悦成长混合C,混合型
012260,广发睿明优质企业混合A,混合型
012261,广发睿明优质企业混合C,混合型
012262,华宝可持续发展混合A,混合型
012263,华宝可持续发展混合C,混合型
012264,中银研究精选灵活配置混合C,混合型
012265,天弘安怡30天滚动持有短债发起C,债券型
012266,中泰稳固周周购12周滚动债A,债券型
012267,中泰稳固周周购12周滚动债C,债券型
012268,浙商智多享稳健混合发起式A,混合型
012269,浙商智多享稳健混合发起式C,混合型
012270,富国腾享回报6个月滚动持有A,混合型
012271,富国腾享回报6个月滚动持有C,混合型
012273,富国汇鑫金融债三个月定开债A,债券型
012274,富国汇鑫金融债三个月定开债C,债券型
012275,富国中证沪港深500ETF联接A,指数型
012276,富国中证沪港深500ETF联接C,指数型
012277,国泰佳益混合A,混合型
012278,国泰佳益混合C,混合型
012279,嘉实稳和6个月持有纯债A,债券型
012280,嘉实稳和6个月持有纯债C,债券型
012281,中欧精益稳健一年持有混合,混合型
012282,中欧睿智精选一年混合(FOF),FOF
012283,建信普泽养老目标日期2040三年持有混合(FOF)A,FOF
012284,光大健康优加混合A,混合型
012285,招商稳裕短债30天持有债A,债券型
012286,招商稳裕短债30天持有债C,债券型
012287,东海启航6个月持有混合A,混合型
012290,国联恒益纯债A,债券型
012291,国联恒益纯债C,债券型
012292,泰康鼎泰一年持有期混合A,混合型
012293,泰康鼎泰一年持有期混合C,混合型
012294,泰康优势精选三年持有期混合,混合型
012295,华安锦灏金融债3个月定开债发起式,债券型
012297,东兴宸瑞量化混合A,混合型
012298,东兴宸瑞量化混合C,混合型
012299,浦银安盛安裕回报一年持有混合A,混合型
012300,浦银安盛安裕回报一年持有混合C,混合型
012301,易方达核心智造混合,混合型
012306,浦银安盛养老目标2050五年持有混合(FOF),FOF
012308,国泰价值远见混合A,混合型
012309,国泰价值远见混合C,混合型
012310,民生加银中债3-5年政金债指数A,指数型
012311,民生加银康泰养老2040三年持有混合(FOF)A,FOF
012312,长城兴华优选一年定开混合A,混合型
012313,长城兴华优选一年定开混合C,混合型
012314,南方行业领先混合,混合型
012317,创金合信聚鑫债券A,债券型
012318,创金合信聚鑫债券C,债券型
012319,东财消费电子指数增强A,指数型
012320,东财消费电子指数增强C,指数型
012321,东财云计算增强A,指数型
012322,东财云计算增强C,指数型
012323,华宝医疗ETF联接C,指数型
012324,兴全恒惠30天持有超短债A,债券型
012325,兴全恒惠30天持有超短债C,债券型
012328,天弘中证新能源指数增强A,指数型
012329,天弘中证新能源指数增强C,指数型
012330,广发集优9个月持有期债券A,债券型
012331,广发集优9个月持有期债券C,债券型
012332,上银鑫尚稳健回报6个月持有期混合A,混合型
012333,上银鑫尚稳健回报6个月持有期混合C,混合型
012334,上银慧尚6个月持有期混合A,混合型
012335,上银慧尚6个月持有期混合C,混合型
012336,工银稳健回报60天持有期短债A,债券型
012337,工银稳健回报60天持有期短债C,债券型
012338,中信建投双鑫债券A,债券型
012339,中信建投双鑫债券C,债券型
012340,东财食品饮料指数增强A,指数型
012341,东财食品饮料指数增强C,指数型
012342,广发瑞泽精选混合A,混合型
012343,广发瑞泽精选混合C,混合型
012344,嘉实领先优势混合A,混合型
012345,嘉实领先优势混合C,混合型
012346,易方达港股通成长混合A,混合型
012347,易方达港股通成长混合C,混合型
012348,天弘恒生科技ETF联接A,指数型
012349,天弘恒生科技ETF联接C,指数型
012350,万家元贞量化选股股票A,股票型
012351,万家元贞量化选股股票C,股票型
012352,英大通惠多利债券A,债券型
012353,英大通惠多利债券C,债券型
012354,南方新能源产业趋势混合A,混合型
012355,南方新能源产业趋势混合C,混合型
012356,浦银安盛季季鑫90天滚动短债A,债券型
012357,浦银安盛季季鑫90天滚动短债C,债券型
012358,汇丰晋信医疗先锋混合A,混合型
012359,汇丰晋信医疗先锋混合C,混合型
012360,汇丰晋信港股通核心资产股票发起式A,股票型
012361,汇丰晋信港股通核心资产股票发起式C,股票型
012362,国泰中证全指证券公司ETF联接A,指数型
012363,国泰中证全指证券公司ETF联接C,指数型
012364,广发中证光伏产业指数A,指数型
012365,广发中证光伏产业指数C,指数型
012366,摩根安荣回报混合A,混合型
012367,摩根安荣回报混合C,混合型
012368,大摩优享六个月持有期混合A,混合型
012369,大摩优享六个月持有期混合C,混合型
012370,银华鑫利一年持有期混合,混合型
012371,东财中证沪港深互联网ETF发起式联接A,指数型
012372,东财中证沪港深互联网ETF发起式联接C,指数型
012373,富国稳健恒盛12个月持有混合A,混合型
012374,富国稳健恒盛12个月持有混合C,混合型
012376,西部利得祥逸债券D,债券型
012377,长盛安睿一年持有混合A,混合型
012378,长盛安睿一年持有混合C,混合型
012379,创金合信港股互联网3个月持有期混合(QDII)A,QDII
012380,创金合信港股互联网3个月持有期混合(QDII)C,QDII
012381,英大通盈纯债债券E,债券型
012382,宏利新兴景气龙头混合A,混合型
012383,宏利新兴景气龙头混合C,混合型
012384,宏利中短债债券A,债券型
012385,宏利中短债债券C,债券型
012386,银河颐年稳健养老一年持有混合(FOF)A,FOF
012387,国金ESG持续增长混合A,混合型
012388,国金ESG持续增长混合C,混合型
012389,信澳品质回报6个月持有混合,混合型
012390,中欧产业前瞻混合A,混合型
012391,中欧产业前瞻混合C,混合型
012392,兴银稳安60天滚动持有债券A,债券型
012393,兴银稳安60天滚动持有债券C,债券型
012394,农银中证新华社民族品牌指数,指数型
012395,兴业60天滚动持有短债债券A,债券型
012396,兴业60天滚动持有短债债券C,债券型
012397,南方佳元6个月持有债券A,债券型
012398,南方佳元6个月持有债券C,债券型
012399,南方永元一年持有债券A,债券型
012400,南方永元一年持有债券C,债券型
012401,天弘中证医药主题指数增强A,指数型
012402,天弘中证医药主题指数增强C,指数型
012403,东方中债1-5年政策性金融债A,指数型
012404,东方中债1-5年政策性金融债C,指数型
012406,永赢长远价值混合A,混合型
012407,永赢长远价值混合C,混合型
012408,广发恒昌一年持有混合A,混合型
012409,广发恒昌一年持有混合C,混合型
012410,海富通成长领航混合A,混合型
012411,海富通成长领航混合C,混合型
012412,汇泉策略优选混合A,混合型
012413,建信睿怡纯债C,债券型
012414,招商中证白酒指数(LOF)C,指数型
012417,招商国证生物医药指数(LOF)C,指数型
012418,平安合进1年定开债发起式,债券型
012420,广发价值领先混合C,混合型
012421,华夏优加生活混合A,混合型
012422,华夏优加生活混合C,混合型
012423,山证资管超短债E,债券型
012424,汇添富鑫弘定开债A,债券型
012425,汇添富鑫弘定开债C,债券型
012426,南方价值臻选混合A,混合型
012427,南方价值臻选混合C,混合型
012428,华夏核心制造混合A,混合型
012429,华夏核心制造混合C,混合型
012430,农银瑞康6个月持有混合,混合型
012433,华安添和一年债券A,债券型
012434,银华多元回报一年持有期混合,混合型
012435,万家招瑞回报一年持有混合A,混合型
012436,万家招瑞回报一年持有混合C,混合型
012437,德邦价值优选混合A,混合型
012438,德邦价值优选混合C,混合型
012439,东方红睿和三年持有混合C,混合型
012440,平安惠信3个月定开债A,债券型
012441,平安惠信3个月定开债C,债券型
012442,永赢稳健增长一年持有混合E,混合型
012443,招商瑞鸿6个月持有混合A,混合型
012444,招商瑞鸿6个月持有混合C,混合型
012445,华富新能源股票型发起式A,股票型
012446,华安添和一年债券C,债券型
012447,华夏互联网龙头混合A,混合型
012448,华夏互联网龙头混合C,混合型
012449,广发睿毅领先混合C,混合型
012450,长信颐年养老三年持有混合(FOF)A,FOF
012451,国寿安保安恒金融债债券,债券型
012452,国泰利优30天滚动持有短债A,债券型
012453,国泰利优30天滚动持有短债C,债券型
012454,淳厚鑫悦混合A,混合型
012455,淳厚鑫悦混合C,混合型
012456,鹏扬数字经济先锋混合A,混合型
012457,鹏扬数字经济先锋混合C,混合型
012458,泰康福安养老一年持有混合(FOF)A,FOF
012459,汇添富稳健睿享一年持有混合A,混合型
012460,汇添富稳健睿享一年持有混合C,混合型
012461,东财龙头家电指数A,指数型
012462,东财龙头家电指数C,指数型
012463,博时成长优势混合A,混合型
012464,博时成长优势混合C,混合型
012465,上银慧嘉利债券,债券型
012466,嘉实策略精选混合A,混合型
012467,嘉实策略精选混合C,混合型
012468,中银证券安灏债券A,债券型
012469,中银证券安灏债券C,债券型
012470,平安财富宝货币C,货币型
012473,大成成长回报六个月持有混合A,混合型
012474,大成成长回报六个月持有混合C,混合型
012475,平安优质企业混合A,混合型
012476,平安优质企业混合C,混合型
012477,富国匠心精选12个月持有混合A,混合型
012478,富国匠心精选12个月持有混合C,混合型
012479,汇安信泰稳健一年持有期混合A,混合型
012480,汇安信泰稳健一年持有期混合C,混合型
012481,泓德医疗创新混合发起式A,混合型
012482,泓德医疗创新混合发起式C,混合型
012483,前海开源优质龙头6个月持有混合A,混合型
012484,前海开源优质龙头6个月持有混合C,混合型
012485,建信汇益一年持有混合A,混合型
012486,建信汇益一年持有混合C,混合型
012487,博时恒玺一年持有期混合A,混合型
012488,博时恒玺一年持有期混合C,混合型
012489,招商招顺纯债D,债券型
012490,招商招怡纯债D,债券型
012491,华商核心引力混合A,混合型
012492,华商核心引力混合C,混合型
012493,长信内需均衡混合A,混合型
012494,长信内需均衡混合C,混合型
012495,民生加银双核动力混合A,混合型
012496,同泰行业优选股票A,股票型
012497,同泰行业优选股票C,股票型
012498,汇添富中证500基本面增强指数A,指数型
012499,汇添富中证500基本面增强指数C,指数型
012500,博时汇荣回报混合A,混合型
012501,博时汇荣回报混合C,混合型
012502,银华安盛混合,混合型
012503,国泰中证环保产业50ETF联接A,指数型
012504,国泰中证环保产业50ETF联接C,指数型
012505,华安民享稳健养老目标一年持有混合发起(FOF)A,FOF
012506,东方品质消费一年持有期混合A,混合型
012507,东方品质消费一年持有期混合C,混合型
012508,嘉实安康稳健养老一年持有混合(FOF)A,FOF
012509,兴全安悦稳健养老一年持有混合(FOF)A,FOF
012510,国富优质企业一年持有期混合A,混合型
012511,国富优质企业一年持有期混合C,混合型
012513,泰康福泽积极养老五年持有混合(FOF)A,FOF
012515,南方富瑞稳健养老目标一年持有混合(FOF)A,FOF
012519,大成核心趋势混合A,混合型
012520,大成核心趋势混合C,混合型
012521,英大稳固增强核心一年持有混合A,混合型
012522,英大稳固增强核心一年持有混合C,混合型
012523,国联高质量成长混合A,混合型
012524,国联高质量成长混合C,混合型
012525,融通稳信增益6个月持有期混合C,混合型
012526,广发盛锦混合A,混合型
012527,广发盛锦混合C,混合型
012528,广发鑫睿一年持有期混合A,混合型
012529,广发鑫睿一年持有期混合C,混合型
012530,永赢惠添盈一年持有混合,混合型
012533,嘉实价值驱动一年持有期混合A,混合型
012534,嘉实价值驱动一年持有期混合C,混合型
012535,万家全球成长一年持有期混合(QDII)A,QDII
012536,万家全球成长一年持有期混合(QDII)C,QDII
012537,华宝中证细分化工产业主题ETF联接A,指数型
012538,华宝中证细分化工产业主题ETF联接C,指数型
012539,东方兴润债券A,债券型
012540,东方兴润债券C,债券型
012541,金鹰产业升级混合A,混合型
012542,金鹰产业升级混合C,混合型
012543,嘉实中证新能源汽车指数A,指数型
012544,嘉实中证新能源汽车指数C,指数型
012545,富荣福银混合A,混合型
012546,富荣福银混合C,混合型
012547,南方中证银行ETF发起联接E,指数型
012548,华宝中证细分食品饮料产业主题ETF联接A,指数型
012549,华宝中证细分食品饮料产业主题ETF联接C,指数型
012550,华宝中证电子50ETF联接A,指数型
012551,华宝中证电子50ETF联接C,指数型
012552,天弘芯片产业ETF联接A,指数型
012553,天弘芯片产业ETF联接C,指数型
012554,西部利得创业板大盘ETF联接A,指数型
012555,西部利得创业板大盘ETF联接C,指数型
012556,长盛景气优选混合,混合型
012557,中欧景气前瞻一年混合A,混合型
012558,中欧景气前瞻一年混合C,混合型
012563,景顺长城90天持有短债A,债券型
012564,景顺长城90天持有短债C,债券型
012566,长城久稳债券C,债券型
012567,长城久稳债券D,债券型
012568,天弘高端制造混合A,混合型
012569,天弘高端制造混合C,混合型
012570,建信恒生科技指数发起(QDII)A,指数型
012571,建信恒生科技指数发起(QDII)C,指数型
012572,恒越乐享添利混合A,混合型
012573,恒越乐享添利混合C,混合型
012574,汇添富稳利60天短债A,债券型
012575,汇添富稳利60天短债C,债券型
012576,富国诚益回报12个月持有混合A,混合型
012577,富国诚益回报12个月持有混合C,混合型
012578,富国红利混合A,混合型
012579,富国红利混合C,混合型
012580,财通资管鸿安30天滚动中短债A,债券型
012581,财通资管鸿安30天滚动中短债C,债券型
012582,交银品质增长一年混合A,混合型
012583,交银品质增长一年混合C,混合型
012584,南方中国新兴经济9个月持有期混合(QDII)A,QDII
012585,南方中国新兴经济9个月持有期混合(QDII)C,QDII
012586,南方港股创新视野一年持有混合A,混合型
012587,南方港股创新视野一年持有混合C,混合型
012588,南方港股通优势企业混合A,混合型
012589,南方港股通优势企业混合C,混合型
012590,易方达中证全指证券公司ETF联接A,指数型
012591,广发添财180天滚动持有债券A,债券型
012592,广发添财180天滚动持有债券C,债券型
012593,广发添财180天滚动持有债券E,债券型
012594,招商瑞享1年持有期混合A,混合型
012595,招商瑞享1年持有期混合C,混合型
012596,汇添富中证800ETF联接A,指数型
012597,汇添富中证800ETF联接C,指数型
012600,中银内核驱动股票C,股票型
012601,长信稳惠债券A,债券型
012602,长信稳惠债券C,债券型
012603,富安达富利纯债C,债券型
012605,东财中证证券保险指数A,指数型
012606,东财中证证券保险指数C,指数型
012607,汇添富保鑫灵活配置混合C,混合型
012608,信澳领先智选混合,混合型
012609,安信稳健汇利一年持有混合A,混合型
012610,安信稳健汇利一年持有混合C,混合型
012611,东方臻善纯债债券A,债券型
012612,东方臻善纯债债券C,债券型
012613,创金合信产业智选混合A,混合型
012614,创金合信产业智选混合C,混合型
012615,东吴国企改革主题灵活配置混合C,混合型
012616,嘉实优化红利混合C,混合型
012617,东吴新经济混合C,混合型
012618,长安泓沣中短债债券E,债券型
012619,嘉实中证软件服务ETF联接A,指数型
012620,嘉实中证软件服务ETF联接C,指数型
012621,诺安先锋混合C,混合型
012622,金鹰添裕纯债债券C,债券型
012623,金鹰添盈纯债债券C,债券型
012624,蜂巢丰远债券A,债券型
012625,蜂巢丰远债券C,债券型
012626,申万菱信汇元宝债券A,债券型
012627,申万菱信汇元宝债券C,债券型
012628,华夏大盘精选混合C,混合型
012629,广发国证半导体芯片ETF联接A,指数型
012630,广发国证半导体芯片ETF联接C,指数型
012631,中银优选灵活配置混合C,混合型
012632,天治鑫祥利率债债券A,债券型
012633,天治鑫祥利率债债券C,债券型
012634,国泰中证医疗ETF联接A,指数型
012635,国泰中证医疗ETF联接C,指数型
012636,国泰中证全指软件ETF联接A,指数型
012637,国泰中证全指软件ETF联接C,指数型
012638,富国智优精选3个月持有混合(FOF)A,FOF
012639,富国智优精选3个月持有混合(FOF)C,FOF
012640,鹏华稳健鸿利一年持有期混合A,混合型
012641,鹏华稳健鸿利一年持有期混合C,混合型
012643,招商中证红利ETF联接A,指数型
012644,招商中证红利ETF联接C,指数型
012647,中欧洞见一年持有混合,混合型
012648,鹏华稳泰30天滚动持有债券A,债券型
012649,鹏华稳泰30天滚动持有债券C,债券型
012650,博时半导体主题混合A,混合型
012651,博时半导体主题混合C,混合型
012652,易方达优势领航六个月持有混合(FOF)A,FOF
012653,易方达优势领航六个月持有混合(FOF)C,FOF
012654,兴全优选平衡三个月持有混合(FOF)A,FOF
012656,建信龙祥稳进6个月持有混合(FOF)A,FOF
012657,建信龙祥稳进6个月持有混合(FOF)C,FOF
012659,华安安益灵活配置混合C,混合型
012660,华安新乐享灵活配置混合C,混合型
012661,广发恒益一年持有期混合A,混合型
012662,广发恒益一年持有期混合C,混合型
012663,国寿安保沪港深300ETF联接A,指数型
012664,国寿安保沪港深300ETF联接C,指数型
012667,国联景泓一年持有混合A,混合型
012668,国联景泓一年持有混合C,混合型
012669,南方新兴产业混合A,混合型
012670,南方新兴产业混合C,混合型
012671,嘉实核心蓝筹混合A,混合型
012672,嘉实核心蓝筹混合C,混合型
012675,国新国证融泽6个月定开混合A,混合型
012676,国新国证融泽6个月定开混合C,混合型
012679,华泰柏瑞光伏ETF联接A,指数型
012680,华泰柏瑞光伏ETF联接C,指数型
012681,永赢鑫辰混合A,混合型
012682,永赢鑫辰混合C,混合型
012683,东方红安盈甄选一年持有混合A,混合型
012684,东方红安盈甄选一年持有混合C,混合型
012688,长安成长优选混合A,混合型
012689,长安成长优选混合C,混合型
012690,广发消费领先混合A,混合型
012691,广发消费领先混合C,混合型
012692,博时中债0-3年国开行债券ETF联接A,指数型
012693,博时中债0-3年国开行债券ETF联接C,指数型
012696,同泰数字经济股票A,股票型
012697,同泰数字经济股票C,股票型
012698,平安中证新能车ETF联接A,指数型
012699,平安中证新能车ETF联接C,指数型
012700,易方达中证全指证券公司ETF联接C,指数型
012701,安信民安回报一年持有混合A,混合型
012702,安信民安回报一年持有混合C,混合型
012703,华夏核心成长混合A,混合型
012704,中银兴利稳健回报灵活配置混合A,混合型
012705,中银兴利稳健回报灵活配置混合C,混合型
012706,中银核心精选混合A,混合型
012707,中银核心精选混合C,混合型
012708,东方红中证红利低波动指数A,指数型
012709,东方红中证红利低波动指数C,指数型
012710,华夏核心成长混合C,混合型
012711,前海开源沪港深蓝筹精选混合C,混合型
012712,建信沪深300红利ETF联接A,指数型
012713,建信沪深300红利ETF联接C,指数型
012714,长安泓润纯债债券E,债券型
012715,长盛成长价值混合C,混合型
012716,长盛创新先锋混合C,混合型
012717,易方达中证科技50ETF联接A,指数型
012718,易方达中证科技50ETF联接C,指数型
012719,华夏新兴经济一年持有混合A,混合型
012720,华夏新兴经济一年持有混合C,混合型
012722,平安中证光伏产业指数A,指数型
012723,平安中证光伏产业指数C,指数型
012724,国泰中证畜牧养殖ETF联接A,指数型
012725,国泰中证畜牧养殖ETF联接C,指数型
012728,国泰中证动漫游戏ETF联接A,指数型
012729,国泰中证动漫游戏ETF联接C,指数型
012732,融通通跃一年定开债发起式,债券型
012733,易方达中证人工智能主题ETF联接A,指数型
012734,易方达中证人工智能主题ETF联接C,指数型
012735,财通资管中债1-3年国开债A,指数型
012736,财通资管中债1-3年国开债C,指数型
012737,广发创新药ETF联接A,指数型
012738,广发创新药ETF联接C,指数型
012740,工银平衡回报6个月持有期债券A,债券型
012741,工银平衡回报6个月持有期债券C,债券型
012742,工银瑞富一年定开纯债发起式,债券型
012743,汇添富添福睿选稳健养老一年持有混合(FOF)A,FOF
012744,光大品质生活混合A,混合型
012745,华宝宝瑞一年定开债,债券型
012746,富国双利增强债券A,债券型
012747,富国双利增强债券C,债券型
012748,华泰柏瑞远见智选混合A,混合型
012749,华泰柏瑞远见智选混合C,混合型
012750,上银慧鼎利债券A,债券型
012751,建信纳斯达克100指数(QDII)A美元现汇,指数型
012752,建信纳斯达克100指数(QDII)C人民币,指数型
012753,建信纳斯达克100指数(QDII)C美元现汇,指数型
012754,鹏华内地低碳联接A,指数型
012755,鹏华内地低碳联接C,指数型
012756,易方达中证龙头企业指数A,指数型
012757,易方达中证龙头企业指数C,指数型
012758,光大品质生活混合C,混合型
012761,华泰柏瑞上证红利ETF联接A,指数型
012762,华泰柏瑞上证红利ETF联接C,指数型
012765,广发大盘价值混合A,混合型
012766,广发大盘价值混合C,混合型
012767,财通资管价值发现混合C,混合型
012768,华夏中证动漫游戏ETF发起式联接A,指数型
012769,华夏中证动漫游戏ETF发起式联接C,指数型
012770,光大创新生活混合A,混合型
012771,宝盈优势产业混合C,混合型
012772,信澳精华配置混合C,混合型
012773,嘉实超短债债券A,债券型
012774,前海开源丰和债券A,债券型
012775,前海开源丰和债券C,债券型
012776,华夏聚鑫六个月持有(FOF)A,FOF
012777,华夏聚鑫六个月持有(FOF)C,FOF
012778,中欧养老产业混合C,混合型
012779,博时移动互联主题混合A,混合型
012780,博时移动互联主题混合C,混合型
012781,银华中证创新药产业ETF发起式联接A,指数型
012782,银华中证创新药产业ETF发起式联接C,指数型
012783,鹏华长治稳健养老一年持有期混合(FOF)A,FOF
012785,鹏华品质精选混合A,混合型
012786,鹏华品质精选混合C,混合型
012787,浦银安盛泰和配置6个月持有混合(FOF)A,FOF
012788,浦银安盛泰和配置6个月持有混合(FOF)C,FOF
012789,汇添富双享回报债券A,债券型
012790,汇添富双享回报债券C,债券型
012791,汇添富聚焦经典一年持有混合(FOF)A,FOF
012792,汇添富聚焦经典一年持有混合(FOF)C,FOF
012793,长城科创两年定开混合C,混合型
012795,易方达裕兴3个月定开债,债券型
012797,鹏华丰宁债券A,债券型
012800,宏利转型机遇股票C,股票型
012801,富国中证医药50ETF联接A,指数型
012802,富国中证医药50ETF联接C,指数型
012803,国联聚优一年定开债券,债券型
012804,广发恒生科技ETF联接(QDII)A,指数型
012805,广发恒生科技ETF联接(QDII)C,指数型
012806,招商添呈1年定开债,债券型
012807,国联安恒鑫3个月定开债,债券型
012808,鹏华中证A股资源产业指数(LOF)C,指数型
012809,鹏华中证沪港深科技龙头指数(LOF)C,指数型
012810,鹏华国证钢铁行业指数(LOF)C,指数型
012812,国富鑫颐收益混合A,混合型
012813,国富鑫颐收益混合C,混合型
012814,兴华安盈一年定开债券发起式,债券型
012815,宝盈新兴产业混合C,混合型
012816,国泰致和混合A,混合型
012817,国泰致和混合C,混合型
012818,招商享诚增强债券A,债券型
012819,招商享诚增强债券C,债券型
012820,汇添富价值领先混合,混合型
012821,易方达悦丰一年持有期混合A,混合型
012822,易方达悦丰一年持有期混合C,混合型
012823,富国安利90天滚动持有债券A,债券型
012824,富国安利90天滚动持有债券C,债券型
012826,工银聚宁9个月持有期混合A,混合型
012827,工银聚宁9个月持有期混合C,混合型
012828,富国浦诚回报12个月持有混合A,混合型
012829,富国浦诚回报12个月持有混合C,混合型
012830,汇添富货币E,货币型
012831,南方中证新能源ETF联接A,指数型
012832,南方中证新能源ETF联接C,指数型
012833,交银鸿信一年持有期混合A,混合型
012834,交银鸿信一年持有期混合C,混合型
012835,招商景气精选股票A,股票型
012836,招商景气精选股票C,股票型
012837,华安CES半导体芯片行业指数发起A,指数型
012838,华安CES半导体芯片行业指数发起C,指数型
012839,东方红智华三年持有混合A,混合型
012840,东方红智华三年持有混合C,混合型
012841,华泰柏瑞交易货币C,货币型
012842,易方达中证军工(LOF)C,指数型
012843,海富通恒益一年定开债券发起式,债券型
012844,工银瑞信恒兴6个月持有混合A,混合型
012845,工银瑞信恒兴6个月持有混合C,混合型
012846,恒越蓝筹精选混合,混合型
012847,诺安积极回报混合C,混合型
012848,大成悦享生活混合A,混合型
012849,大成悦享生活混合C,混合型
012850,国联低碳经济3个月持有混合A,混合型
012851,国联低碳经济3个月持有混合C,混合型
012852,嘉实远见先锋一年持有期混合A,混合型
012853,嘉实远见先锋一年持有期混合C,混合型
012854,英大中证ESG120策略指数A,指数型
012855,英大中证ESG120策略指数C,指数型
012856,银华顺益一年定开债,债券型
012857,汇添富中证主要消费ETF联接C,指数型
012858,天弘睿选利率债发起式A,债券型
012859,天弘睿选利率债发起式C,债券型
012860,易方达标普500指数人民币C,指数型
012861,易方达标普500指数美元汇C,指数型
012862,汇添富中证电池主题ETF发起式联接A,指数型
012863,汇添富中证电池主题ETF发起式联接C,指数型
012864,易方达标普医疗保健人民币C,指数型
012865,易方达标普医疗保健美元汇C,指数型
012866,易方达标普生物科技人民币C,指数型
012867,易方达标普生物科技美元汇C,指数型
012868,易方达标普信息科技指数(QDII-LOF)C(人民币),指数型
012869,易方达标普信息科技指数(QDII-LOF)C(美元现汇),指数型
012870,易方达纳斯达克100ETF联接(QDII-LOF)C(人民币),指数型
012871,易方达纳斯达克100ETF联接(QDII-LOF)C(美元现汇),指数型
012872,易方达中小企业100(LOF)C,指数型
012873,易方达中证国企改革(LOF)C,指数型
012874,易方达中证全指证券公司指数(LOF)C,指数型
012875,易方达上证50指数(LOF)C,指数型
012876,富荣福耀混合A,混合型
012877,富荣福耀混合C,混合型
012878,中信建投量化精选6个月持有混合A,混合型
012879,中信建投量化精选6个月持有混合C,混合型
012880,国泰景气优选混合A,混合型
012881,国泰景气优选混合C,混合型
012884,华夏港股通精选股票发起式(LOF)C,股票型
012885,华夏中证光伏产业ETF发起式联接A,指数型
012886,华夏中证光伏产业ETF发起式联接C,指数型
012887,华夏可转债增强债券C,债券型
012888,工银兴瑞一年持有期混合A,混合型
012889,工银兴瑞一年持有期混合C,混合型
012890,大成景盈债券C,债券型
012891,安信鑫发优选混合C,混合型
012892,安信优质企业三年持有混合A,混合型
012893,安信优质企业三年持有混合C,混合型
012894,天弘中证科创创业50ETF联接A,指数型
012895,天弘中证科创创业50ETF联接C,指数型
012896,华安慧萃组合精选3个月持有混合(FOF)A,FOF
012897,中欧兴利债券C,债券型
012898,兴银中证科创创业50指数A,指数型
012899,兴银中证科创创业50指数C,指数型
012900,招商创业板指数增强A,指数型
012901,招商创业板指数增强C,指数型
012902,平安添悦债券A,债券型
012903,平安添悦债券C,债券型
012904,摩根鑫睿优选一年持有混合,混合型
012905,金鹰睿选成长六个月持有混合A,混合型
012906,金鹰睿选成长六个月持有混合C,混合型
012907,鹏扬中证科创创业50ETF联接A,指数型
012908,鹏扬中证科创创业50ETF联接C,指数型
012909,平安盈盛稳健配置三个月持有债券(FOF)A,FOF
012910,平安盈盛稳健配置三个月持有债券(FOF)C,FOF
012911,同泰沪深300量化增强A,指数型
012912,同泰沪深300量化增强C,指数型
012913,方正富邦趋势领航混合A,混合型
012914,方正富邦趋势领航混合C,混合型
012915,中欧稳利60天滚动持有短债A,债券型
012916,中欧稳利60天滚动持有短债C,债券型
012917,平安优势领航1年持有混合A,混合型
012918,平安优势领航1年持有混合C,混合型
012920,易方达全球成长精选混合(QDII)人民币A,QDII
012921,易方达全球成长精选混合(QDII)美元现汇A,QDII
012922,易方达全球成长精选混合(QDII)人民币C,QDII
012923,易方达全球成长精选混合(QDII)美元现汇C,QDII
012924,华夏新时代混合美元现汇(QDII),QDII
012925,华夏新时代混合美元现钞(QDII),QDII
012926,民生加银中证500指数增强A,指数型
012927,民生加银中证500指数增强C,指数型
012928,银华中证光伏ETF发起式联接A,指数型
012929,银华中证光伏ETF发起式联接C,指数型
012930,中庚价值先锋股票,股票型
012931,平安双季盈6个月持有债券A,债券型
012932,平安双季盈6个月持有债券C,债券型
012933,易方达稳丰90天滚动持有短债A,债券型
012934,易方达稳丰90天滚动持有短债C,债券型
012935,万家鼎鑫一年定开债发起式,债券型
012936,民生加银积极配置6个月持有混合(FOF),FOF
012937,大成惠业一年定开债发起式,债券型
012938,创金合信尊泓债券A,债券型
012939,创金合信尊泓债券C,债券型
012940,中泰星元灵活配置混合C,混合型
012941,广发添财90天滚动持有债券A,债券型
012942,广发添财90天滚动持有债券C,债券型
012943,广发稳睿六个月持有混合A,混合型
012944,广发稳睿六个月持有混合C,混合型
012945,南方宝裕混合A,混合型
012946,南方宝裕混合C,混合型
012947,百嘉百利一年定开纯债债券发起式,债券型
012948,兴全恒利一年定开债券发起式,债券型
012949,东方红招瑞甄选18个月持有混合A,混合型
012950,东方红招瑞甄选18个月持有混合C,混合型
012951,汇添富鑫享添利六个月持有混合A,混合型
012952,汇添富鑫享添利六个月持有混合C,混合型
012953,华泰柏瑞恒利混合A,混合型
012954,华泰柏瑞恒利混合C,混合型
012955,国寿安保稳盛6个月持有混合A,混合型
012956,国寿安保稳盛6个月持有混合C,混合型
012957,嘉实60天滚动持有短债A,债券型
012958,嘉实60天滚动持有短债C,债券型
012959,平安盈悦稳进回报1年持有混合(FOF)A,FOF
012960,平安盈悦稳进回报1年持有混合(FOF)C,FOF
012963,招商稳健平衡混合A,混合型
012964,招商稳健平衡混合C,混合型
012965,招商瑞泰1年持有混合A,混合型
012966,招商瑞泰1年持有混合C,混合型
012967,广发行业严选三年持有期混合A,混合型
012968,广发行业严选三年持有期混合C,混合型
012969,鹏华国证半导体芯片ETF联接A,指数型
012970,鹏华国证半导体芯片ETF联接C,指数型
012971,东吴消费成长混合A,混合型
012972,东吴消费成长混合C,混合型
012973,国泰汽车整车ETF联接A,指数型
012974,国泰汽车整车ETF联接C,指数型
012975,西部利得碳中和混合发起A,混合型
012976,西部利得碳中和混合发起C,混合型
012977,瑞达鑫红量化6个月持有混合A,混合型
012978,瑞达鑫红量化6个月持有混合C,混合型
012979,大成恒生科技ETF发起式联接A,指数型
012980,大成恒生科技ETF发起式联接C,指数型
012981,华夏创新医药龙头混合A,混合型
012982,华夏创新医药龙头混合C,混合型
012985,平安优势回报1年持有混合A,混合型
012986,平安优势回报1年持有混合C,混合型
012987,嘉合锦明混合A,混合型
012988,嘉合锦明混合C,混合型
012991,大成民享安盈一年持有混合A,混合型
012992,大成民享安盈一年持有混合C,混合型
012993,汇添富品牌力一年持有混合A,混合型
012994,汇添富品牌力一年持有混合C,混合型
012995,嘉实策略视野三年持有期混合,混合型
012997,鹏华优选回报混合C,混合型
012998,招商稳旺混合A,混合型
012999,招商稳旺混合C,混合型
013000,广发盛泽一年持有混合A,混合型
013001,广发盛泽一年持有混合C,混合型
013002,汇添富收益快钱货币C,货币型
013003,汇添富收益快钱货币D,货币型
013004,国泰价值领航股票A,股票型
013005,国泰价值领航股票C,股票型
013006,摩根景气甄选混合A,混合型
013007,摩根景气甄选混合C,混合型
013008,淳厚稳宁6个月定开债,债券型
013009,万家港股通精选混合A,混合型
013010,万家港股通精选混合C,混合型
013013,华夏中证新能源汽车ETF发起式联接A,指数型
013014,华夏中证新能源汽车ETF发起式联接C,指数型
013021,建信兴润一年持有混合,混合型
013023,平安均衡优选1年持有混合A,混合型
013024,平安均衡优选1年持有混合C,混合型
013025,富国宏观策略灵活配置混合C,混合型
013027,银华富久食品饮料精选混合(LOF)C,混合型
013033,泰信智选量化选股混合发起式A,混合型
013034,泰信智选量化选股混合发起式C,混合型
013035,富国中证军工指数(LOF)C,指数型
013036,南方旺元60天滚动持有中短债C,债券型
013037,长城大健康混合A,混合型
013038,长城大健康混合C,混合型
013041,鹏扬景浦一年持有混合A,混合型
013042,鹏扬景浦一年持有混合C,混合型
013044,富国国家安全主题混合C,混合型
013045,富国内需增长混合C,混合型
013046,富国产业升级混合C,混合型
013047,富国品质生活混合C,混合型
013048,富国中证新能源汽车指数(LOF)C,指数型
013049,兴业能源革新股票A,股票型
013050,兴业能源革新股票C,股票型
013051,汇泉臻心致远混合A,混合型
013052,汇泉臻心致远混合C,混合型
013053,天弘国证龙头家电指数A,指数型
013054,天弘国证龙头家电指数C,指数型
013059,工银平衡养老三年持有混合发起(FOF)A,FOF
013060,工银养老目标2060五年持有混合发起(FOF)A,FOF
013062,国寿安保安诚纯债一年定开债,债券型
013063,广发集益一年持有债券A,债券型
013064,广发集益一年持有债券C,债券型
013065,国泰利泽90天滚动持有中短债A,债券型
013066,国泰利泽90天滚动持有中短债C,债券型
013067,富安达中小盘六个月持有混合发起,混合型
013068,博时双月享60天滚动持有债券A,债券型
013069,博时双月享60天滚动持有债券C,债券型
013070,华夏彭博政金债1-5年A,指数型
013071,华夏彭博政金债1-5年C,指数型
013072,泰信医疗服务混合发起式A,混合型
013073,泰信医疗服务混合发起式C,混合型
013074,银河沪深300价值指数C,指数型
013075,建信鑫悦90天滚动中短债A,债券型
013076,建信鑫悦90天滚动中短债C,债券型
013077,永赢乾益债券,债券型
013078,方正富邦策略轮动混合A,混合型
013079,方正富邦策略轮动混合C,混合型
013080,中信保诚中证800医药指数(LOF)C,指数型
013081,中信保诚中证800有色指数(LOF)C,指数型
013082,中信保诚中证基建工程指数(LOF)C,指数型
013083,中信保诚中证信息安全指数(LOF)C,指数型
013084,中信保诚中证智能家居指数(LOF)C,指数型
013085,申万菱信乐同混合A,混合型
013086,申万菱信乐同混合C,混合型
013087,中加优悦一年定开债券,债券型
013088,华商嘉逸养老2040三年持有混合发起式(FOF)A,FOF
013091,摩根均衡优选混合A,混合型
013092,摩根均衡优选混合C,混合型
013095,安信远见成长混合A,混合型
013096,安信远见成长混合C,混合型
013097,财通资管双盈债券发起式A,债券型
013098,财通资管双盈债券发起式C,债券型
013099,招商稳乐中短债90天持有期债券A,债券型
013100,招商稳乐中短债90天持有期债券C,债券型
013101,华夏稳福六个月持有混合A,混合型
013102,华夏稳福六个月持有混合C,混合型
013103,博时新能源主题混合A,混合型
013104,博时新能源主题混合C,混合型
013107,华夏先进制造龙头混合A,混合型
013108,华夏先进制造龙头混合C,混合型
013109,华夏优势价值一年持有混合A,混合型
013110,华夏优势价值一年持有混合C,混合型
013111,中金安益30天滚动持有短债发起A,债券型
013112,中金安益30天滚动持有短债发起C,债券型
013113,博时博盈稳健6个月持有期混合A,混合型
013114,博时博盈稳健6个月持有期混合C,混合型
013115,鑫元金融债3个月定开,债券型
013116,华安文体健康混合C,混合型
013119,中信保诚中证500指数(LOF)C,指数型
013120,中信保诚沪深300指数(LOF)C,指数型
013121,中信保诚中证800金融指数(LOF)C,指数型
013122,中信保诚中证TMT(LOF)C,指数型
013123,汇添富精选核心优势一年持有混合A,混合型
013124,汇添富精选核心优势一年持有混合C,混合型
013125,华夏食品饮料ETF联接A,指数型
013126,华夏食品饮料ETF联接C,指数型
013127,汇添富恒生科技ETF联接发起式(QDII)A,指数型
013128,汇添富恒生科技ETF联接发起式(QDII)C,指数型
013131,西部利得沣泰债券C,债券型
013132,创金合信文娱媒体股票发起A,股票型
013133,创金合信文娱媒体股票发起C,股票型
013134,南方MSCI中国A股联接E,指数型
013136,惠升和怡一年定开债发起式,债券型
013137,摩根动力精选混合C,混合型
013138,上银中债5-10年国开行债券指数A,指数型
013139,上银恒泰稳健养老一年持有混合发起式(FOF)A,FOF
013140,中金金信债券A,债券型
013141,中信保诚弘远混合A,混合型
013142,华商乐享互联灵活配置混合C,混合型
013143,富国安诚回报12个月持有期混合A,混合型
013144,富国安诚回报12个月持有期混合C,混合型
013145,浙商汇金先进制造混合,混合型
013146,兴银汇泓一年定开债发起,债券型
013147,汇添富碳中和主题混合A,混合型
013148,汇添富碳中和主题混合C,混合型
013149,鹏华双债加利债券C,债券型
013151,长信低碳环保行业量化股票C,股票型
013152,长信消费精选量化股票C,股票型
013153,长信电子信息量化灵活配置混合C,混合型
013154,长信医疗保健混合(LOF)C,混合型
013155,添富添福汇盈稳健养老目标一年持有混合(FOF)A,FOF
013156,兴银稳安60天滚动持有债券E,债券型
013157,前海开源新经济混合C,混合型
013158,华夏安康稳健养老目标一年持有混合发起式(FOF)A,FOF
013159,国泰瑞鑫一年定开债发起式,债券型
013160,创金合信碳中和混合A,混合型
013161,创金合信碳中和混合C,混合型
013164,东兴兴盈三个月定开债A,债券型
013165,东兴兴盈三个月定开债C,债券型
013166,东兴宸祥量化混合A,混合型
013167,东兴宸祥量化混合C,混合型
013168,东方红稳添利纯债C,债券型
013169,建信彭博1-5年政金债A,指数型
013170,建信彭博1-5年政金债C,指数型
013171,华夏恒生互联网科技业ETF联接(QDII)A,指数型
013172,华夏恒生互联网科技业ETF联接(QDII)C,指数型
013173,红土创新科技创新3个月定开混合C,混合型
013174,银华华证ESG领先指数,指数型
013175,海富通碳中和混合A,混合型
013176,海富通碳中和混合C,混合型
013179,广发国证新能源车电池ETF联接A,指数型
013180,广发国证新能源车电池ETF联接C,指数型
013183,浦银安盛医疗健康混合C,混合型
013184,广发恒阳一年持有混合A,混合型
013185,广发恒阳一年持有混合C,混合型
013186,长城恒利债券A,债券型
013187,长城恒利债券C,债券型
013188,华夏能源革新股票C,股票型
013189,嘉实稳健添利一年持有混合,混合型
013190,国联景惠混合A,混合型
013191,国联景惠混合C,混合型
013192,华商嘉悦稳健养老目标一年持有混合发起(FOF)A,FOF
013193,华商稳健添利一年持有混合A,混合型
013194,华商稳健添利一年持有混合C,混合型
013195,招商中证新能源汽车指数A,指数型
013196,招商中证新能源汽车指数C,指数型
013200,南方均衡优选一年持有期混合A,混合型
013201,南方均衡优选一年持有期混合C,混合型
013202,恒生前海恒祥纯债债券A,债券型
013203,恒生前海恒祥纯债债券C,债券型
013204,恒生前海恒源天利债券A,债券型
013205,恒生前海恒源天利债券C,债券型
013206,广发汇宜一年定期开放债券A,债券型
013207,万家稳鑫30天滚动持有短债A,债券型
013208,万家稳鑫30天滚动持有短债C,债券型
013209,金鹰大视野混合A,混合型
013210,金鹰大视野混合C,混合型
013211,华富安盈一年持有期债券A,债券型
013212,华富安盈一年持有期债券C,债券型
013213,兴业嘉鸿一年定开债发起式,债券型
013214,大摩安盈稳固六个月持有债券A,债券型
013215,大摩安盈稳固六个月持有债券C,债券型
013216,财通资管鸿启90天滚动中短债A,债券型
013217,财通资管鸿启90天滚动中短债C,债券型
013220,中欧新兴价值一年持有混合A,混合型
013221,中欧新兴价值一年持有混合C,混合型
013222,博远臻享3个月定开债券A,债券型
013223,博远臻享3个月定开债券C,债券型
013224,浦银安盛港股通量化混合C,混合型
013225,景顺长城安景一年持有期混合A,混合型
013226,景顺长城安景一年持有期混合C,混合型
013227,中邮鑫享30天滚动持有短债债券A,债券型
013228,中邮鑫享30天滚动持有短债债券C,债券型
013231,浙商智多盈债券A,债券型
013232,浙商智多盈债券C,债券型
013233,华夏中证500指数智选增强A,指数型
013234,华夏中证500指数智选增强C,指数型
013235,华富富惠一年定开债券发起,债券型
013236,长信30天滚动持有债券A,债券型
013237,长信30天滚动持有债券C,债券型
013238,财通均衡优选一年持有混合A,混合型
013239,财通均衡优选一年持有混合C,混合型
013242,华银优势行业股票,股票型
013243,天弘安康颐丰一年持有混合A,混合型
013244,天弘安康颐丰一年持有混合C,混合型
013245,宏利悠然混合(FOF)A,FOF
013246,宏利养老目标2030一年持有混合(FOF)A,FOF
013247,交银瑞卓三年持有期混合,混合型
013250,红土创新智能制造混合型发起式A,混合型
013251,中信建投稳硕债券A,债券型
013252,中信建投稳硕债券C,债券型
013253,海富通养老目标日期2035(FOF)A,FOF
013254,华安优享稳健养老目标一年持有混合发起式(FOF)A,FOF
013255,兴全优选进取三个月持有(FOF)C,FOF
013257,南方通元6个月持有债券A,债券型
013258,南方通元6个月持有债券C,债券型
013259,浦银安盛新经济结构混合C,混合型
013260,太平睿享混合A,混合型
013261,太平睿享混合C,混合型
013263,金鹰年年邮享一年持有债券A,债券型
013264,金鹰年年邮享一年持有债券C,债券型
013265,鹏扬淳熙一年定开债发起式,债券型
013266,泰信智选成长灵活配置混合C,混合型
013267,天弘安康颐利混合A,混合型
013268,天弘安康颐利混合C,混合型
013269,交银瑞和三年持有期混合,混合型
013270,前海开源聚利一年持有混合A,混合型
013271,前海开源聚利一年持有混合C,混合型
013272,国泰海通1年定开债券发起式,债券型
013273,招商沪深300地产等权重指数C,指数型
013274,长城优化升级混合C,混合型
013275,富国中证煤炭指数(LOF)C,指数型
013276,富国中证全指证券公司指数(LOF)C,指数型
013277,富国创业板ETF联接C,指数型
013278,富国中证体育产业指数(LOF)C,指数型
013279,国泰优选领航一年持有(FOF),FOF
013280,宏利睿智稳健混合C,混合型
013281,国泰海通30天滚动持有中短债A,债券型
013282,国泰海通30天滚动持有中短债C,债券型
013283,中欧兴盈一年定开债券发起,债券型
013284,上银价值增长3个月持有期混合A,混合型
013285,上银价值增长3个月持有期混合C,混合型
013286,富国上证指数ETF联接C,指数型
013287,易方达优势价值一年持有混合(FOF)A,FOF
013288,易方达优势价值一年持有混合(FOF)C,FOF
013289,工银食品饮料混合A,混合型
013290,工银食品饮料混合C,混合型
013291,富国沪深300指数增强C,指数型
013292,富国中证智能汽车(LOF)C,指数型
013293,长城健康消费混合A,混合型
013294,东方红智选三年持有混合A,混合型
013295,东方红智选三年持有混合C,混合型
013296,民生加银聚优精选混合A,混合型
013297,嘉合磐固一年定开纯债债券发起式,债券型
013298,南方中证科创创业50ETF联接A,指数型
013299,南方中证科创创业50ETF联接C,指数型
013300,工银价值稳健6个月持有混合(FOF)A,FOF
013301,工银价值稳健6个月持有混合(FOF)C,FOF
013302,招商中证科创创业50ETF联接A,指数型
013303,招商中证科创创业50ETF联接C,指数型
013304,易方达中证科创创业50联接A,指数型
013305,易方达中证科创创业50联接C,指数型
013308,易方达恒生科技ETF联接(QDII)A,指数型
013309,易方达恒生科技ETF联接(QDII)C,指数型
013310,华夏科创创业50ETF联接A,指数型
013311,华夏科创创业50ETF联接C,指数型
013312,工银主题策略混合C,混合型
013313,富国中证科创创业50ETF联接A,指数型
013314,富国中证科创创业50ETF联接C,指数型
013315,嘉实中证科创创业50ETF发起联接A,指数型
013316,嘉实中证科创创业50ETF发起联接C,指数型
013317,华宝中证科创创业50ETF联接A,指数型
013318,华宝中证科创创业50ETF联接C,指数型
013319,华安中证新能源汽车ETF发起式联接A,指数型
013320,华安中证新能源汽车ETF发起式联接C,指数型
013321,博时恒盈稳健一年持有期混合A,混合型
013322,博时恒盈稳健一年持有期混合C,混合型
013323,国寿安保盛泽三年持有混合A,混合型
013324,国寿安保盛泽三年持有混合C,混合型
013325,申万菱信恒利三个月定期开放债券A,债券型
013326,万家景气驱动混合A,混合型
013327,万家景气驱动混合C,混合型
013328,嘉实全球价值股票(QDII)人民币,QDII
013329,嘉实全球价值股票(QDII)美元现汇,QDII
013330,富国中证银行指数(LOF)C,指数型
013331,富国中证1000指数增强(LOF)C,指数型
013332,富国中证500指数增强(LOF)C,指数型
013333,东兴兴瑞一年定开C,债券型
013334,鹏华价值远航6个月持有混合A,混合型
013335,鹏华价值远航6个月持有混合C,混合型
013336,天弘安悦90天滚动持有短债发起C,债券型
013337,创金合信宜久来福3个月持有混合发起(FOF)A,FOF
013338,创金合信宜久来福3个月持有混合发起(FOF)C,FOF
013339,创金合信芯片产业股票发起A,股票型
013340,创金合信芯片产业股票发起C,股票型
013341,工银核心机遇混合A,混合型
013342,工银核心机遇混合C,混合型
013343,平安盈欣稳健1年持有混合(FOF)A,FOF
013344,平安盈欣稳健1年持有混合(FOF)C,FOF
013345,富荣信息技术混合A,混合型
013346,富荣信息技术混合C,混合型
013347,工银丰盈回报灵活配置混合C,混合型
013348,创金合信大健康混合A,混合型
013349,创金合信大健康混合C,混合型
013350,光大先进服务业混合C,混合型
013351,中加聚安60天滚动持有中短债发起式A,债券型
013352,中加聚安60天滚动持有中短债发起式C,债券型
013353,鹏华上华一年持有期混合A,混合型
013354,鹏华上华一年持有期混合C,混合型
013355,工银新金融股票C,股票型
013356,大摩沪港深精选混合A,混合型
013357,大摩沪港深精选混合C,混合型
013358,上银高质量优选9个月持有混合A,混合型
013359,上银高质量优选9个月持有混合C,混合型
013360,华夏磐泰混合C,混合型
013363,大成中国优势混合(QDII)A,QDII
013364,大成中国优势混合(QDII)C,QDII
013365,汇添富产业升级混合A,混合型
013366,汇添富产业升级混合C,混合型
013367,汇添富多元价值发现混合A,混合型
013368,汇添富多元价值发现混合C,混合型
013369,汇添富自主核心科技一年持有混合A,混合型
013370,汇添富自主核心科技一年持有混合C,混合型
013373,中银证券安业债券A,债券型
013374,中银证券安业债券C,债券型
013375,平安元鑫120天滚动持有中短债A,债券型
013376,平安元鑫120天滚动持有中短债C,债券型
013377,东海启航6个月持有混合C,混合型
013378,方正富邦稳裕纯债A,债券型
013379,方正富邦稳裕纯债C,债券型
013380,景顺长城景泰纯利债券C,债券型
013381,中欧甄选3个月持有混合(FOF)A,FOF
013382,中欧甄选3个月持有混合(FOF)C,FOF
013383,恒生前海高端制造混合A,混合型
013384,恒生前海高端制造混合C,混合型
013385,信澳优势价值混合A,混合型
013386,信澳优势价值混合C,混合型
013387,长城价值领航混合A,混合型
013388,长城价值领航混合C,混合型
013389,华夏成长先锋一年持有混合A,混合型
013390,华夏成长先锋一年持有混合C,混合型
013391,招商安泰债券D,债券型
013392,广发港股通优质增长混合C,混合型
013393,信澳价值精选混合A,混合型
013394,信澳价值精选混合C,混合型
013395,华夏新能源车龙头混合发起式A,混合型
013396,华夏新能源车龙头混合发起式C,混合型
013399,大成稳益90天滚动持有债券A,债券型
013400,大成稳益90天滚动持有债券C,债券型
013401,大成稳益90天滚动持有债券E,债券型
013402,华夏恒生科技ETF发起式联接(QDII)A,指数型
013403,华夏恒生科技ETF发起式联接(QDII)C,指数型
013404,大成标普500等权重指数(QDII)A美元,指数型
013405,中航瑞旭3个月定开债A,债券型
013406,中航瑞旭3个月定开债C,债券型
013408,蜂巢丰和债券A,债券型
013409,蜂巢丰和债券C,债券型
013410,博时裕隆灵活配置混合C,混合型
013411,嘉实方舟6个月滚动持有债券发起A,债券型
013412,嘉实方舟6个月滚动持有债券发起C,债券型
013413,交银中证环境治理(LOF)C,指数型
013414,太平智远三个月定开股票发起式,股票型
013415,永赢中证全指医疗器械ETF发起联接A,指数型
013416,永赢中证全指医疗器械ETF发起联接C,指数型
013417,博时核心资产精选混合A,混合型
013418,博时核心资产精选混合C,混合型
013420,富国鑫汇养老目标日期2045五年持有期混合发起式(FOF)A,FOF
013421,富国鑫年混合(FOF)A,FOF
013422,太平智行三个月定开混合发起式,混合型
013423,宝盈安盛中短债债券A,债券型
013424,宝盈安盛中短债债券C,债券型
013425,博时标普500ETF联接美元汇(QDII)A,指数型
013426,贝莱德中国新视野混合A,混合型
013427,贝莱德中国新视野混合C,混合型
013428,东兴鑫享6个月滚动持有债券发起A,债券型
013429,东兴鑫享6个月滚动持有债券发起C,债券型
013430,交银趋势混合C,混合型
013431,华泰柏瑞景气汇选三年持有期混合A,混合型
013432,华泰柏瑞景气汇选三年持有期混合C,混合型
013435,大成景气精选六个月持有混合A,混合型
013436,大成景气精选六个月持有混合C,混合型
013439,嘉实产业优势混合A,混合型
013440,嘉实产业优势混合C,混合型
013442,建信中证1000指数增强E,指数型
013443,建信创业板ETF联接E,指数型
013444,建信上证50ETF发起联接E,指数型
013445,东财中证芯片ETF发起式联接A,指数型
013446,东财中证芯片ETF发起式联接C,指数型
013449,广发景宁债券C,债券型
013450,博时凤凰领航混合A,混合型
013451,博时凤凰领航混合C,混合型
013453,交银国证新能源指数(LOF)C,指数型
013456,长盛安逸纯债债券D,债券型
013457,华夏鼎业三个月定开债券A,债券型
013458,华夏鼎业三个月定开债券C,债券型
013459,华夏稳鑫增利80天滚动持有债券A,债券型
013460,华夏稳鑫增利80天滚动持有债券C,债券型
013461,鹏扬成长先锋混合A,混合型
013462,鹏扬成长先锋混合C,混合型
013463,大成致远优势一年持有期混合A,混合型
013464,大成致远优势一年持有期混合C,混合型
013465,博时智选量化多因子股票A,股票型
013466,博时智选量化多因子股票C,股票型
013467,华夏安盈稳健养老目标一年持有混合(FOF)A,FOF
013468,长盛盛康纯债债券D,债券型
013469,泰信低碳经济混合发起式A,混合型
013470,泰信低碳经济混合发起式C,混合型
013471,华宝中证全指农牧渔ETF发起式联接A,指数型
013472,华宝中证全指农牧渔ETF发起式联接C,指数型
013475,华宝中证智能电动汽车ETF发起式联接A,指数型
013476,华宝中证智能电动汽车ETF发起式联接C,指数型
013477,华宝中证金融科技主题ETF发起式联接A,指数型
013478,华宝中证金融科技主题ETF发起式联接C,指数型
013479,金鹰先进制造股票(LOF)C,股票型
013482,平安合轩1年定开债发起式,债券型
013483,华安医疗创新混合C,混合型
013484,长城行业轮动混合C,混合型
013485,尚正竞争优势混合发起A,混合型
013486,尚正竞争优势混合发起C,混合型
013487,华安领荣一年定开债券发起式,债券型
013488,长信多利混合C,混合型
013489,广发成长智选混合C,混合型
013490,同泰金融精选股票A,股票型
013491,同泰金融精选股票C,股票型
013492,景顺长城30天滚动持有短债A,债券型
013493,景顺长城30天滚动持有短债C,债券型
013494,华泰柏瑞锦元债券,债券型
013495,信澳产业优选一年持有混合A,混合型
013496,信澳产业优选一年持有混合C,混合型
013497,易方达裕华利率债3个月定开债,债券型
013498,银华永丰债券,债券型
013499,博时标普500ETF联接美元汇(QDII)C,指数型
013500,南方金融主题灵活配置混合C,混合型
013501,南方品质优选灵活配置混合C,混合型
013502,易方达低碳ETF联接A,指数型
013503,易方达低碳ETF联接C,指数型
013504,华安双核驱动混合C,混合型
013505,华安新丝路主题股票C,股票型
013506,华安研究精选混合C,混合型
013507,华安制造先锋混合C,混合型
013508,广发亚太中高收益债(QDII)C,QDII
013509,广发亚太中高收益债美元现汇(QDII)C,QDII
013510,国寿安保养老2030三年持有混合(FOF)A,FOF
013511,汇丰晋信低碳先锋股票C,股票型
013512,汇添富添福增长稳健养老目标一年持有混合(FOF)A,FOF
013513,长安先进制造混合A,混合型
013514,长安先进制造混合C,混合型
013515,汇添富蓝筹稳健混合C,混合型
013516,汇添富蓝筹稳健混合E,混合型
013517,易方达悦浦一年持有混合A,混合型
013518,易方达悦浦一年持有混合C,混合型
013519,易方达汇智平衡养老目标三年持有混合(FOF)A,FOF
013520,富荣中短债债券A,债券型
013521,富荣中短债债券C,债券型
013522,华富吉丰60天滚动持有中短债A,债券型
013523,华富吉丰60天滚动持有中短债C,债券型
013524,富国悦享回报12个月持有期混合A,混合型
013525,富国悦享回报12个月持有期混合C,混合型
013526,中信保诚新兴产业混合C,混合型
013527,嘉实中证细分化工产业主题ETF发起联接A,指数型
013528,嘉实中证细分化工产业主题ETF发起联接C,指数型
013529,南方富誉稳健养老一年持有混合(FOF)A,FOF
013530,弘毅远方国企转型升级混合C,混合型
013531,浙商聚潮产业成长混合C,混合型
013532,广发安宏回报混合E,混合型
013533,广发科技创新混合C,混合型
013534,鹏华沃鑫混合A,混合型
013535,鹏华沃鑫混合C,混合型
013536,鹏华稳华90天滚动持有债券A,债券型
013537,鹏华稳华90天滚动持有债券C,债券型
013538,鹏华永宁3个月定开债券,债券型
013539,嘉实悦康养老一年持有混合(FOF)A,FOF
013540,汇添富稳健睿享一年持有混合D,混合型
013543,英大安惠纯债E,债券型
013544,嘉实致远3个月定期纯债债券,债券型
013545,华夏卓信一年定开债券发起式,债券型
013546,财通资管鸿享30天滚动中短债A,债券型
013547,财通资管鸿享30天滚动中短债C,债券型
013548,招商享利增强债券A,债券型
013549,招商享利增强债券C,债券型
013550,汇添富品牌价值一年持有混合A,混合型
013551,汇添富品牌价值一年持有混合C,混合型
013552,汇添富成长领先混合A,混合型
013553,汇添富成长领先混合C,混合型
013554,信澳远见价值混合A,混合型
013555,信澳远见价值混合C,混合型
013556,信澳汇智优选一年持有期混合A,混合型
013557,信澳汇智优选一年持有期混合C,混合型
013558,长信利富债券C,债券型
013559,招商均衡回报混合A,混合型
013560,招商均衡回报混合C,混合型
013561,国联匠心优选混合A,混合型
013562,国联匠心优选混合C,混合型
013563,银华季季盈3个月滚动持有债券A,债券型
013564,银华季季盈3个月滚动持有债券B,债券型
013565,银华季季盈3个月滚动持有债券C,债券型
013566,华夏军工安全混合C,混合型
013569,天弘永利优佳混合A,混合型
013570,天弘永利优佳混合C,混合型
013571,天弘养老目标2030一年持有混合发起(FOF),FOF
013573,中邮鑫溢中短债债券A,债券型
013574,中邮鑫溢中短债债券C,债券型
013575,鹏扬品质精选混合A,混合型
013576,鹏扬品质精选混合C,混合型
013577,华安众悦60天滚动持有短债A,债券型
013578,华安众悦60天滚动持有短债C,债券型
013579,鹏扬丰利一年持有债券A,债券型
013580,鹏扬丰利一年持有债券C,债券型
013585,天弘齐享债券发起A,债券型
013586,天弘齐享债券发起C,债券型
013587,英大纯债债券E,债券型
013588,工银稳健瑞盈一年持有债券A,债券型
013589,工银稳健瑞盈一年持有债券C,债券型
013590,南方比较优势混合A,混合型
013591,南方比较优势混合C,混合型
013592,南方中债1-3年国开行债券指数E,指数型
013593,南方中债3-5年农发行债券指数E,指数型
013594,南方中债7-10年国开行债券指数E,指数型
013595,永赢稳健增利18个月持有混合E,混合型
013596,招商中证煤炭等权指数(LOF)C,指数型
013597,招商中证全指证券公司指数(LOF)C,指数型
013600,九泰锐富事件驱动混合发起式(LOF)C,混合型
013601,国泰中证光伏产业ETF发起联接A,指数型
013602,国泰中证光伏产业ETF发起联接C,指数型
013603,易方达均衡优选一年持有混合A,混合型
013604,易方达均衡优选一年持有混合C,混合型
013607,广发睿恒进取一年持有期混合A,混合型
013608,广发睿恒进取一年持有期混合C,混合型
013609,光大中债1-5年政金债D,指数型
013610,中信保诚前瞻优势混合,混合型
013611,工银民瑞一年持有混合A,混合型
013612,工银民瑞一年持有混合C,混合型
013613,宝盈国家安全沪港深股票C,股票型
013614,泰信鑫瑞债券发起式A,债券型
013615,泰信鑫瑞债券发起式C,债券型
013616,广发睿智两年持有期混合发起式A,混合型
013617,广发睿智两年持有期混合发起式C,混合型
013618,华安大安全主题混合C,混合型
013619,华安动态灵活配置混合C,混合型
013620,华安媒体互联网混合C,混合型
013621,华安智能生活混合C,混合型
013622,华安智能装备主题股票C,股票型
013623,湘财周期轮动一年持有混合,混合型
013624,嘉实价值创造三年持有期混合A,混合型
013625,嘉实价值创造三年持有期混合C,混合型
013628,广发集悦债券A,债券型
013629,广发集悦债券C,债券型
013630,嘉实均衡臻选一年持有混合A,混合型
013631,嘉实均衡臻选一年持有混合C,混合型
013632,富国利享回报12个月持有混合A,混合型
013633,富国利享回报12个月持有混合C,混合型
013634,申万菱信双利混合A,混合型
013635,申万菱信双利混合C,混合型
013636,国投瑞银策略回报混合A,混合型
013637,国投瑞银策略回报混合C,混合型
013638,华安逆向策略混合C,混合型
013639,光大中证500指数增强A,指数型
013640,光大中证500指数增强C,指数型
013641,博道成长智航股票A,股票型
013642,博道成长智航股票C,股票型
013643,汇添富优质精选一年持有混合(FOF)A,FOF
013644,汇添富优质精选一年持有混合(FOF)C,FOF
013645,景顺长城景泰鼎利一年定开纯债A,债券型
013646,景顺长城景泰鼎利一年定开纯债C,债券型
013647,汇添富经典价值成长一年持有混合(FOF),FOF
013648,长信稳丰债券A,债券型
013649,长信稳丰债券C,债券型
013650,华安乾煜债券发起式A,债券型
013653,中银上清所0-5年农发行债券指数,指数型
013654,永赢信利碳中和主题一年定开债,债券型
013655,华安策略优选混合C,混合型
013656,博时臻选纯债债券C,债券型
013657,同泰同欣混合A,混合型
013658,同泰同欣混合C,混合型
013661,华安研究领航混合A,混合型
013662,华安研究领航混合C,混合型
013663,富国安福30天滚动持有短债发起A,债券型
013664,富国安福30天滚动持有短债发起C,债券型
013665,银河成长优选一年持有混合A,混合型
013666,银河成长优选一年持有混合C,混合型
013667,中加瑞鸿一年定开债发起,债券型
013668,永赢慧盈一年持有债券发起(FOF)A,FOF
013669,永赢慧盈一年持有债券发起(FOF)C,FOF
013670,国联安恒泰3个月定开债,债券型
013672,国联安恒悦90天持有债券A,债券型
013673,国联安恒悦90天持有债券C,债券型
013674,长城价值甄选一年持有混合A,混合型
013675,长城价值甄选一年持有混合C,混合型
013676,兴银兴慧一年持有混合A,混合型
013677,兴银兴慧一年持有混合C,混合型
013678,富国信享回报12个月持有混合A,混合型
013679,富国信享回报12个月持有混合C,混合型
013680,华安品质甄选混合A,混合型
013681,华安品质甄选混合C,混合型
013686,华安安信消费混合C,混合型
013687,平安成长龙头1年持有混合A,混合型
013688,平安成长龙头1年持有混合C,混合型
013689,湘财久盛39个月定期开放债券A,债券型
013690,湘财久盛39个月定期开放债券C,债券型
013691,兴华安恒纯债A,债券型
013692,兴华安恒纯债C,债券型
013693,博道盛兴一年持有期混合,混合型
013694,弘毅远方久盈混合A,混合型
013695,弘毅远方久盈混合C,混合型
013696,广发安裕稳健养老一年持有混合(FOF)A,FOF
013699,永赢安盈90天滚动持有债券发起A,债券型
013700,永赢安盈90天滚动持有债券发起C,债券型
013703,招商添福1年定开债,债券型
013706,同泰泰和三个月定开债A,债券型
013707,同泰泰和三个月定开债C,债券型
013711,广发成长新动能混合C,混合型
013712,方正富邦鑫益一年定开混合A,混合型
013713,方正富邦鑫益一年定开混合C,混合型
013714,方正富邦泰利12个月持有混合A,混合型
013715,方正富邦泰利12个月持有混合C,混合型
013716,国联恒利纯债A,债券型
013717,国联恒利纯债C,债券型
013718,兴银稳益30天持有期债券A,债券型
013719,兴银稳益30天持有期债券C,债券型
013720,新华增怡债券E,债券型
013721,信澳景气优选混合A,混合型
013722,信澳景气优选混合C,混合型
013723,上银聚顺益一年定开债券发起式,债券型
013724,信澳鑫益债券A,债券型
013725,信澳鑫益债券C,债券型
013726,惠升惠诚稳健一年持有混合A,混合型
013727,惠升惠诚稳健一年持有混合C,混合型
013728,创金合信恒宁30天滚动持有短债债券A,债券型
013729,创金合信恒宁30天滚动持有短债债券C,债券型
013730,方正富邦稳恒3个月定开债,债券型
013733,红塔红土盛丰混合A,混合型
013734,红塔红土盛丰混合C,混合型
013737,嘉实短债债券A,债券型
013738,嘉实短债债券C,债券型
013741,万家聚优稳健养老目标一年持有混合(FOF)A,FOF
013742,兴业聚源混合C,混合型
013743,泰信汇利三个月定开债券A,债券型
013744,泰信汇利三个月定开债券C,债券型
013745,浦银安盛双月鑫60天滚动持有短债A,债券型
013746,浦银安盛双月鑫60天滚动持有短债C,债券型
013747,兴业聚丰混合C,混合型
013748,兴业聚盈混合C,混合型
013751,中信建投稳益90天滚动持有中短债A,债券型
013752,中信建投稳益90天滚动持有中短债C,债券型
013753,招商稳福短债14天滚动持有债A,债券型
013754,招商稳福短债14天滚动持有债C,债券型
013755,中银证券内需增长混合A,混合型
013756,中银证券内需增长混合C,混合型
013757,泰信均衡价值混合A,混合型
013758,泰信均衡价值混合C,混合型
013761,中欧星选一年持有混合(FOF)A,FOF
013762,中欧星选一年持有混合(FOF)C,FOF
013763,中欧星耀优选3个月持有混合(FOF)A,FOF
013764,中欧星耀优选3个月持有混合(FOF)C,FOF
013765,平安恒泰1年持有混合A,混合型
013766,平安恒泰1年持有混合C,混合型
013767,平安价值回报混合A,混合型
013768,平安价值回报混合C,混合型
013769,博时稳益9个月持有混合A,混合型
013770,博时稳益9个月持有混合C,混合型
013771,中加龙头精选混合A,混合型
013772,中加龙头精选混合C,混合型
013773,国泰睿元一年定期开放债券发起式,债券型
013774,易方达趋势优选混合A,混合型
013775,易方达趋势优选混合C,混合型
013776,中泰兴为价值精选混合A,混合型
013777,中泰兴为价值精选混合C,混合型
013778,交银兴享一年持有期混合(FOF)A,FOF
013779,交银兴享一年持有期混合(FOF)C,FOF
013780,华夏鼎丰债券,债券型
013781,浙商汇金卓越配置一年持有混合(FOF)A,FOF
013782,浙商汇金卓越配置一年持有混合(FOF)B,FOF
013783,兴银竞争优势混合A,混合型
013784,兴银竞争优势混合C,混合型
013785,东方红优质甄选一年持有混合C,混合型
013786,兴全积极配置混合(FOF-LOF)C,FOF
013787,交银智选星光混合(FOF-LOF)C,FOF
013788,华泰柏瑞信用增利债(LOF)B,债券型
013790,大成稳安60天滚动持有债券A,债券型
013791,大成稳安60天滚动持有债券C,债券型
013792,大成稳安60天滚动持有债券E,债券型
013793,富国智浦精选12个月持有混合(FOF)A,FOF
013794,富国智浦精选12个月持有混合(FOF)C,FOF
013795,富国智申精选3个月持有混合(FOF)A,FOF
013796,富国智申精选3个月持有混合(FOF)E,FOF
013797,博时优质鑫选一年持有期混合A,混合型
013798,博时优质鑫选一年持有期混合C,混合型
013799,财通安裕30天持有期中短债A,债券型
013800,财通安裕30天持有期中短债C,债券型
013801,财通安裕30天持有期中短债E,债券型
013804,财通资管鸿越3个月滚动持有债券A,债券型
013805,财通资管鸿越3个月滚动持有债券B,债券型
013806,财通资管鸿越3个月滚动持有债券C,债券型
013807,财通资管鸿越3个月滚动持有债券E,债券型
013808,易方达稳悦120天滚动持有短债债券A,债券型
013809,易方达稳悦120天滚动持有短债债券C,债券型
013810,广发科创50ETF发起式联接A,指数型
013811,广发科创50ETF发起式联接C,指数型
013812,景顺长城景气进取混合A,混合型
013813,景顺长城景气进取混合C,混合型
013814,汇添富稳鑫120天滚动持有债券A,债券型
013815,汇添富稳鑫120天滚动持有债券C,债券型
013816,汇添富中证光伏产业指数增强发起式A,指数型
013817,汇添富中证光伏产业指数增强发起式C,指数型
013820,华安顺穗债券,债券型
013821,南方定利一年定开债券,债券型
013822,南方月月享30天滚动持有债券发起A,债券型
013823,南方月月享30天滚动持有债券发起C,债券型
013824,汇丰晋信慧悦混合,混合型
013825,广发优选配置混合(FOF-LOF)C,FOF
013826,天弘永丰稳健养老目标一年持有混合(FOF)A,FOF
013827,华泰柏瑞鸿益30天滚动持有短债A,债券型
013828,华泰柏瑞鸿益30天滚动持有短债C,债券型
013830,中欧瑾尚混合A,混合型
013831,中欧瑾尚混合C,混合型
013832,中欧汇选混合(FOF-LOF)C,FOF
013835,中加优享纯债债券C,债券型
013836,博时时代消费混合A,混合型
013837,博时时代消费混合C,混合型
013838,中银恒嘉60天滚动持有短债A,债券型
013839,中银恒嘉60天滚动持有短债C,债券型
013840,银华集成电路混合A,混合型
013841,银华集成电路混合C,混合型
013842,银华新锐成长混合A,混合型
013843,银华新锐成长混合C,混合型
013844,中信建投睿选6个月持有混合(FOF)A,FOF
013845,中信建投睿选6个月持有混合(FOF)C,FOF
013846,上银鑫恒混合C,混合型
013847,华泰柏瑞匠心汇选混合A,混合型
013848,华泰柏瑞匠心汇选混合C,混合型
013849,同泰优选配置3个月持有混合(FOF)A,FOF
013850,同泰优选配置3个月持有混合(FOF)C,FOF
013851,中信建投低碳成长混合A,混合型
013852,中信建投低碳成长混合C,混合型
013853,大成匠心卓越三年持有混合A,混合型
013854,大成匠心卓越三年持有混合C,混合型
013855,嘉实品质发现混合A,混合型
013856,嘉实品质发现混合C,混合型
013857,信澳优享债券A,债券型
013858,信澳优享债券C,债券型
013859,宝盈品质甄选混合A,混合型
013860,宝盈品质甄选混合C,混合型
013861,泓德产业升级混合A,混合型
013862,泓德产业升级混合C,混合型
013863,财通多利债券C,债券型
013864,平安元泓30天滚动持有短债A,债券型
013865,平安元泓30天滚动持有短债C,债券型
013866,中信建投景明一年定开债券发起式,债券型
013867,汇安优势企业精选混合A,混合型
013868,汇安优势企业精选混合C,混合型
013871,招商能源转型混合A,混合型
013872,招商能源转型混合C,混合型
013875,鑫元合享纯债D,债券型
013878,圆信永丰中证500指数增强发起A,指数型
013879,圆信永丰中证500指数增强发起C,指数型
013880,广发招享混合C,混合型
013881,长信中证500指数增强C,指数型
013882,交银品质升级混合C,混合型
013883,交银启明混合C,混合型
013884,交银主题优选混合C,混合型
013885,交银阿尔法核心混合C,混合型
013886,华商新能源汽车混合A,混合型
013887,华商新能源汽车混合C,混合型
013888,天弘沪港深新消费品牌指数A,指数型
013889,天弘沪港深新消费品牌指数C,指数型
013890,国泰睿毅三年持有期混合A,混合型
013891,国泰睿毅三年持有期混合C,混合型
013892,上银科技驱动双周定期可赎回混合C,混合型
013893,国联安上证科创50ETF联接A,指数型
013894,国联安上证科创50ETF联接C,指数型
013895,宝盈成长精选混合A,混合型
013896,宝盈成长精选混合C,混合型
013899,摩根全景优势股票A,股票型
013900,摩根全景优势股票C,股票型
013901,华安众享180天持有期中短债A,债券型
013902,华安众享180天持有期中短债C,债券型
013904,景顺长城养老2035三年持有混合(FOF)A,FOF
013909,银华尊禧稳健养老一年持有混合发起式(FOF)A,FOF
013910,兴业兴睿两年持有混合A,混合型
013911,兴业兴睿两年持有混合C,混合型
013912,中欧招益稳健一年持有混合A,混合型
013913,中欧招益稳健一年持有混合C,混合型
013914,大成红利优选一年持有混合发起A,混合型
013915,大成红利优选一年持有混合发起C,混合型
013916,国联成长先锋一年持有混合A,混合型
013917,国联成长先锋一年持有混合C,混合型
013918,申万菱信量化小盘股票(LOF)C,股票型
013919,建信中小盘先锋股票C,股票型
013922,华夏中证1000ETF发起式联接A,指数型
013923,华夏中证1000ETF发起式联接C,指数型
013928,银华尊和养老2045三年持有混合发起式(FOF)A,FOF
013929,中银证券恒瑞9个月持有混合A,混合型
013930,中银证券恒瑞9个月持有混合C,混合型
013931,博时富恒一年定开债发起式,债券型
013932,富国智鑫行业精选股票(FOF-LOF)C,FOF
013933,工银睿智进取股票(FOF-LOF)C,FOF
013934,长江红利回报混合发起式A,混合型
013935,长江红利回报混合发起式C,混合型
013936,广发睿升混合A,混合型
013937,广发睿升混合C,混合型
013938,天弘安康颐养混合E,混合型
013939,汇泉策略优选混合C,混合型
013940,东吴医疗服务股票A,股票型
013941,东吴医疗服务股票C,股票型
013942,华宝中证稀有金属指数增强发起A,指数型
013943,华宝中证稀有金属指数增强发起C,指数型
013944,招商智星稳健配置混合(FOF-LOF)C,FOF
013945,交银中证海外中国互联网指数(LOF)C,指数型
013946,创金合信尊智纯债债券C,债券型
013949,交银科锐科技创新混合C,混合型
013950,交银先锋混合C,混合型
013951,创金合信尊隆纯债C,债券型
013952,工银瑞和3个月定开债券A,债券型
013953,工银瑞和3个月定开债券C,债券型
013954,广发积极优势混合(FOF-LOF)C,FOF
013955,广发中小盘精选混合C,混合型
013956,华商医药消费精选混合A,混合型
013957,华商医药消费精选混合C,混合型
013958,华商鑫选回报一年持有混合A,混合型
013959,华商鑫选回报一年持有混合C,混合型
013960,万家新机遇成长一年持有期混合发起式A,混合型
013961,万家新机遇成长一年持有期混合发起式C,混合型
013962,华夏创新视野一年持有混合A,混合型
013963,华夏创新视野一年持有混合C,混合型
013964,达诚定海双月享60天滚动持有短债A,债券型
013965,达诚定海双月享60天滚动持有短债C,债券型
013966,西部利得双瑞一年定开债券发起,债券型
013967,广发恒享一年持有期混合A,混合型
013968,广发恒享一年持有期混合C,混合型
013969,华夏永利一年持有混合A,混合型
013970,华夏永利一年持有混合C,混合型
013971,长江尊利债券C,债券型
013972,长江致惠30天滚动持有短债发起A,债券型
013973,长江致惠30天滚动持有短债发起C,债券型
013974,国投瑞银恒誉90天持有期中短债A,债券型
013975,国投瑞银恒誉90天持有期中短债C,债券型
013976,财通资管鸿佳60天滚动中短债A,债券型
013977,财通资管鸿佳60天滚动中短债C,债券型
013978,惠升和赢纯债3个月定开A,债券型
013979,惠升和赢纯债3个月定开C,债券型
013980,光大恒鑫混合A,混合型
013981,光大恒鑫混合C,混合型
013982,嘉合磐立一年定开纯债债券发起式,债券型
013983,中金稳健增长混合A,混合型
013984,中金稳健增长混合C,混合型
013985,融通稳健增利6个月持有混合A,混合型
013986,融通稳健增利6个月持有混合C,混合型
013987,浦银安盛CFETS0-5年期央企债券指数发起式A,指数型
013988,浦银安盛CFETS0-5年期央企债券指数发起式C,指数型
013991,中欧港股通精选一年持有混合A,混合型
013992,中欧港股通精选一年持有混合C,混合型
013993,中欧光熠一年持有混合A,混合型
013994,中欧光熠一年持有混合C,混合型
013995,嘉实融惠混合A,混合型
013996,嘉实融惠混合C,混合型
013997,广发增强债券A,债券型
013998,中欧瑾添混合A,混合型
013999,中欧瑾添混合C,混合型
014000,中欧丰利债券A,债券型
014001,中欧丰利债券C,债券型
014002,浦银安盛全球智能科技(QDII)C,QDII
014003,浦银安盛增长动力混合C,混合型
014004,博时富璟纯债一年定开债,债券型
014005,鑫元鸿利D,债券型
014006,中银养老目标日期2050五年持有混合发起(FOF)A,FOF
014007,华安制造升级一年持有混合A,混合型
014008,华安制造升级一年持有混合C,混合型
014011,浦银安盛价值成长混合C,混合型
014012,蜂巢丰吉纯债A,债券型
014013,蜂巢丰吉纯债C,债券型
014016,中信建投品质优选一年持有A,混合型
014017,中信建投品质优选一年持有C,混合型
014020,诺德量化先锋一年持有混合A,混合型
014021,诺德量化先锋一年持有混合C,混合型
014023,宏利景气领航两年持有混合,混合型
014024,华富卓越成长一年持有期混合A,混合型
014025,华富卓越成长一年持有期混合C,混合型
014026,易方达优选星汇六个月持有混合(FOF)A,FOF
014027,易方达优选星汇六个月持有混合(FOF)C,FOF
014028,招商中证银行指数C,指数型
014029,浦银安盛红利精选混合C,混合型
014030,大摩健康产业混合C,混合型
014031,南方发展机遇一年持有混合A,混合型
014032,南方发展机遇一年持有混合C,混合型
014035,长城悦享增利债券C,债券型
014036,博时成长回报混合A,混合型
014037,博时成长回报混合C,混合型
014038,交银启诚混合A,混合型
014039,交银启诚混合C,混合型
014040,民生加银金融优选混合A,混合型
014041,民生加银金融优选混合C,混合型
014042,银华心诚灵活配置混合C,混合型
014043,银华心怡灵活配置混合C,混合型
014044,银华富利精选混合C,混合型
014045,银华积极成长混合C,混合型
014046,交银医药创新股票C,股票型
014047,银华盛世精选灵活配置混合发起式C,混合型
014048,银华鑫盛灵活配置混合(LOF)C,混合型
014049,中银远见成长混合A,混合型
014050,中银远见成长混合C,混合型
014051,平安安盈灵活配置混合C,混合型
014052,银华港股通精选股票发起式C,股票型
014053,太平睿庆混合A,混合型
014054,太平睿庆混合C,混合型
014055,太平恒兴纯债,债券型
014056,太平丰润一年定开债发起式,债券型
014057,富国金安均衡精选混合A,混合型
014058,富国金安均衡精选混合C,混合型
014059,富国安慧短债债券A,债券型
014060,富国安慧短债债券C,债券型
014061,浦银安盛新兴产业混合C,混合型
014062,景顺长城专精特新量化优选股票A,股票型
014063,景顺长城专精特新量化优选股票C,股票型
014064,银华农业产业股票发起式C,股票型
014067,国泰稳健收益一年持有混合(FOF),FOF
014068,工银瑞信悦享混合A,混合型
014069,工银瑞信悦享混合C,混合型
014070,汇添富均衡增长三个月持有混合(FOF)A,FOF
014071,汇添富均衡增长三个月持有混合(FOF)C,FOF
014072,汇安裕同纯债债券A,债券型
014073,汇安裕同纯债债券C,债券型
014074,嘉实内需精选混合A,混合型
014075,嘉实内需精选混合C,混合型
014076,华商鸿源三个月定开纯债债券,债券型
014079,华夏行业配置股票(FOF-LOF)C,FOF
014080,交银启汇混合C,混合型
014081,平安中债1-3年国开债指数A,指数型
014082,平安中债1-3年国开债指数C,指数型
014083,浙商汇金月享30天滚动持有中短债A,债券型
014084,浙商汇金月享30天滚动持有中短债C,债券型
014085,浙商聚潮新思维混合C,混合型
014086,兴全恒悦180天持有债券A,债券型
014087,兴全恒悦180天持有债券C,债券型
014088,永赢稳健增强债券A,债券型
014089,永赢稳健增强债券C,债券型
014092,华夏优选配置股票(FOF)C,FOF
014093,汇添富添福睿享稳健养老目标一年持有混合(FOF)A,FOF
014094,南方誉盈一年持有混合A,混合型
014095,南方誉盈一年持有混合C,混合型
014096,交银经济新动力混合C,混合型
014097,鹏扬利鑫60天滚动持有债券A,债券型
014098,鹏扬利鑫60天滚动持有债券C,债券型
014101,鹏扬中债3-5年国开债指数A,指数型
014102,鹏扬中债3-5年国开债指数C,指数型
014103,富安达成长价值一年持有期混合A,混合型
014104,富安达成长价值一年持有期混合C,混合型
014105,长城信利一年定开债券发起式,债券型
014106,融通成长30灵活配置混合C,混合型
014107,博时品质生活混合A,混合型
014108,博时品质生活混合C,混合型
014109,融通内需驱动混合C,混合型
014110,嘉实中证稀有金属主题ETF发起联接A,指数型
014111,嘉实中证稀有金属主题ETF发起联接C,指数型
014112,嘉实对冲套利定期混合C,混合型
014113,上银未来生活灵活配置混合C,混合型
014114,广发沪港深医药混合A,混合型
014115,广发沪港深医药混合C,混合型
014116,上银慧恒收益增强债券C,债券型
014117,国泰创新药ETF联接A,指数型
014118,国泰创新药ETF联接C,指数型
014119,金鹰时代先锋混合A,混合型
014120,金鹰时代先锋混合C,混合型
014121,大成品质医疗股票A,股票型
014122,大成品质医疗股票C,股票型
014125,华夏中证1000指数增强A,指数型
014126,华夏中证1000指数增强C,指数型
014127,融通核心价值混合C,QDII
014130,融通中证云计算与大数据主题指数(LOF)C,指数型
014131,华泰柏瑞聚优智选一年持有期混合A,混合型
014132,华泰柏瑞聚优智选一年持有期混合C,混合型
014133,工银中证500六个月持有指数增强A,指数型
014134,工银中证500六个月持有指数增强C,指数型
014135,中欧金安量化混合A,混合型
014136,中欧金安量化混合C,混合型
014137,中泰安睿债券A,债券型
014138,中泰安睿债券C,债券型
014139,易方达高质量增长量化精选股票A,股票型
014140,易方达高质量增长量化精选股票C,股票型
014141,大成新能源混合发起式A,混合型
014142,大成新能源混合发起式C,混合型
014143,银河创新成长混合C,混合型
014144,长信先进装备三个月持有混合A,混合型
014145,长信先进装备三个月持有混合C,混合型
014148,景顺长城安鼎一年持有期混合A,混合型
014149,景顺长城安鼎一年持有期混合C,混合型
014150,新华鑫益灵活配置混合A,混合型
014151,国富鑫享价值混合A,混合型
014152,国富鑫享价值混合C,混合型
014153,天弘华证沪深港长期竞争力指数A,指数型
014154,天弘华证沪深港长期竞争力指数C,指数型
014155,国泰海通中证500指数增强A,指数型
014156,国泰海通中证500指数增强C,指数型
014157,国泰海通创新医药混合发起A,混合型
014158,博时浦惠一年持有期混合A,混合型
014159,博时浦惠一年持有期混合C,混合型
014160,易方达悦融一年持有混合A,混合型
014161,易方达悦融一年持有混合C,混合型
014162,万家人工智能混合C,混合型
014163,富国港股通量化精选股票C,股票型
014164,富国融享18个月定开混合C,混合型
014165,华安沪深300增强策略ETF发起式联接A,指数型
014166,华安沪深300增强策略ETF发起式联接C,指数型
014167,永赢华嘉信用债C,债券型
014168,华安慧心楚选配置三年持有混合(FOF)A,FOF
014169,华安慧心楚选配置三年持有混合(FOF)C,FOF
014170,富国MSCI中国A股国际通指数增强C,指数型
014171,富国新兴成长量化精选混合(LOF)C,混合型
014172,富国中证工业4.0指数(LOF)C,指数型
014173,富国中证移动互联网指数(LOF)C,指数型
014174,富国中证国有企业改革指数(LOF)C,指数型
014175,工银价值成长混合A,混合型
014176,工银价值成长混合C,混合型
014177,华安景气驱动一年持有混合A,混合型
014178,华安景气驱动一年持有混合C,混合型
014179,中银证券远见价值混合A,混合型
014180,中银证券远见价值混合C,混合型
014181,富国大盘价值量化精选混合C,混合型
014184,诺德安承利率债,债券型
014185,招商专精特新股票A,股票型
014186,招商专精特新股票C,股票型
014187,华夏量化优选股票A,股票型
014188,华夏量化优选股票C,股票型
014189,南方专精特新混合A,混合型
014190,南方专精特新混合C,混合型
014191,广发先进制造股票发起式A,股票型
014192,广发先进制造股票发起式C,股票型
014193,汇添富中证芯片产业指数增强发起式A,指数型
014194,汇添富中证芯片产业指数增强发起式C,指数型
014195,泰信添利30天持有债券发起式A,债券型
014196,泰信添利30天持有债券发起式C,债券型
014197,国泰行业轮动股票(FOF-LOF)C,FOF
014198,华夏智胜先锋股票C,股票型
014199,建信沃信一年持有混合A,混合型
014200,建信沃信一年持有混合C,混合型
014201,天弘中证1000指数增强A,指数型
014202,天弘中证1000指数增强C,指数型
014203,鹏扬产业趋势一年持有混合A,混合型
014204,鹏扬产业趋势一年持有混合C,混合型
014207,华安产业精选混合A,混合型
014208,华安产业精选混合C,混合型
014209,民生加银恒祥债券,债券型
014210,国投瑞银竞争优势混合A,混合型
014211,国投瑞银竞争优势混合C,混合型
014214,光大核心资产混合A,混合型
014215,光大核心资产混合C,混合型
014216,嘉实绝对收益策略定期混合C,混合型
014217,国泰利享中短债债券E,债券型
014218,汇添富中证科创创业50指数增强发起式A,指数型
014219,汇添富中证科创创业50指数增强发起式C,指数型
014220,恒越医疗健康精选混合A,混合型
014221,恒越医疗健康精选混合C,混合型
014222,汇添富核心优选六个月持有混合(FOF)A,FOF
014223,汇添富核心优选六个月持有混合(FOF)C,FOF
014224,大成聚优成长混合A,混合型
014225,大成聚优成长混合C,混合型
014228,浦银安盛品质优选混合A,混合型
014229,浦银安盛品质优选混合C,混合型
014230,国泰瑞丰纯债债券,债券型
014231,国寿安保安锦纯债一年定开债,债券型
014232,博时专精特新主题混合A,混合型
014233,博时专精特新主题混合C,混合型
014234,永赢轩益债券,债券型
014235,淳厚时代优选混合A,混合型
014236,淳厚时代优选混合C,混合型
014237,东财中证新能源指数增强A,指数型
014238,东财中证新能源指数增强C,指数型
014239,国泰产业精选混合C,混合型
014240,农银金鸿短债债券A,债券型
014241,农银均衡收益混合,混合型
014242,农银汇理悦利债券,债券型
014243,富国新材料新能源混合C,混合型
014244,鹏扬竞争力先锋一年持有混合A,混合型
014245,鹏扬竞争力先锋一年持有混合C,混合型
014248,兴业一年持有债券A,债券型
014249,兴业一年持有债券C,债券型
014250,建信鑫怡90天滚动持有中短债债券A,债券型
014251,建信鑫怡90天滚动持有中短债债券C,债券型
014254,信澳智远三年持有期混合A,混合型
014255,信澳智远三年持有期混合C,混合型
014256,富国中证娱乐主题指数增强(LOF)C,指数型
014257,国联恒泽纯债A,债券型
014258,国联恒泽纯债C,债券型
014259,百嘉百兴纯债债券A,债券型
014260,万家新机遇龙头企业混合C,混合型
014261,摩根沃享远见一年持有期混合A,混合型
014262,摩根沃享远见一年持有期混合C,混合型
014263,鑫元长三角混合A,混合型
014264,鑫元长三角混合C,混合型
014265,新华鼎利债券E,债券型
014266,创金合信汇鑫一年定开债券发起,债券型
014267,华商竞争力优选混合A,混合型
014268,华商竞争力优选混合C,混合型
014269,嘉实北交所精选两年定期混合A,混合型
014270,嘉实北交所精选两年定期混合C,混合型
014271,大成北交所两年定开混合A,混合型
014272,大成北交所两年定开混合C,混合型
014273,广发北交所精选两年定开混合A,混合型
014274,广发北交所精选两年定开混合C,混合型
014275,易方达北交所精选两年定开混合A,混合型
014276,易方达北交所精选两年定开混合C,混合型
014277,万家北交所慧选两年定开混合A,混合型
014278,万家北交所慧选两年定开混合C,混合型
014279,汇添富北交所创新精选两年定开混合A,混合型
014280,汇添富北交所创新精选两年定开混合C,混合型
014281,农银金鸿短债债券C,债券型
014282,中信保诚成长动力混合C,混合型
014283,华夏北交所精选两年定开混合发起式,混合型
014284,鑫元皓利一年定期开放债券,债券型
014287,泰康新锐成长混合A,混合型
014290,南方晨利一年定开债券发起,债券型
014291,东方红民享甄选一年持有混合,混合型
014292,嘉实产业领先混合A,混合型
014293,嘉实产业领先混合C,混合型
014294,南方北交所精选两年定开混合发起,混合型
014295,农银汇理金穗优选6个月持有期混合(FOF)A,FOF
014296,农银汇理金穗优选6个月持有期混合(FOF)C,FOF
014297,摩根月月盈30天滚动持有发起式短债债券A,债券型
014298,摩根月月盈30天滚动持有发起式短债债券C,债券型
014299,宏利先进制造股票A,股票型
014300,宏利先进制造股票C,股票型
014305,华泰柏瑞中证500指数增强A,指数型
014306,华泰柏瑞中证500指数增强C,指数型
014307,嘉实多元动力混合A,混合型
014308,嘉实多元动力混合C,混合型
014311,大成优质精选混合A,混合型
014312,大成优质精选混合C,混合型
014313,鹏华创新增长一年持有期混合A,混合型
014314,鹏华创新增长一年持有期混合C,混合型
014315,鹏华双季享180天持有债券A,债券型
014316,鹏华双季享180天持有债券C,债券型
014317,广发价值领航一年持有混合A,混合型
014318,广发价值领航一年持有混合C,混合型
014319,德邦半导体产业混合发起式A,混合型
014320,德邦半导体产业混合发起式C,混合型
014325,国联安核心趋势一年持有混合A,混合型
014326,国联安核心趋势一年持有混合C,混合型
014327,格林新兴产业混合A,混合型
014328,格林新兴产业混合C,混合型
014329,国联优势产业混合A,混合型
014330,国联优势产业混合C,混合型
014331,华泰柏瑞中证稀土产业ETF发起式联接A,指数型
014332,华泰柏瑞中证稀土产业ETF发起式联接C,指数型
014333,工银优势领航混合A,混合型
014334,工银优势领航混合C,混合型
014335,中信保诚周期轮动混合(LOF)C,混合型
014336,金鹰元丰债券C,债券型
014339,长江智能制造混合发起式A,混合型
014340,长江智能制造混合发起式C,混合型
014341,摩根时代睿选股票A,股票型
014342,摩根时代睿选股票C,股票型
014343,泰康丰盛纯债一年定开发起,债券型
014344,鹏华中证500指数增强A,指数型
014345,鹏华中证500指数增强C,指数型
014346,银华消费主题混合C,混合型
014347,富国趋势优先混合A,混合型
014348,富国趋势优先混合C,混合型
014349,银华鑫锐灵活配置混合(LOF)C,混合型
014350,华商卓越成长一年持有混合A,混合型
014351,华商卓越成长一年持有混合C,混合型
014352,东方创新成长混合A,混合型
014353,东方创新成长混合C,混合型
014354,东方欣冉九个月持有期混合A,混合型
014355,东方欣冉九个月持有期混合C,混合型
014356,长信企业成长三年持有混合A,混合型
014357,长信企业成长三年持有混合C,混合型
014360,红塔红土稳健添利混合A,混合型
014361,红塔红土稳健添利混合C,混合型
014362,睿远稳进配置两年持有混合A,混合型
014363,睿远稳进配置两年持有混合C,混合型
014364,银华沪港深增长股票C,股票型
014365,建信优享养老三年持有混合(FOF)A,FOF
014366,建信普泽养老目标日期2050五年持有期混合发起(FOF)A,FOF
014367,招商添悦纯债D,债券型
014372,浙商沪深300指数增强(LOF)C,指数型
014373,浙商全景消费混合C,混合型
014374,景顺长城隽丰平衡养老三年持有混合(FOF)A,FOF
014375,永赢瑞弘12个月持有期债券A,债券型
014376,东吴新能源汽车股票A,股票型
014377,东吴新能源汽车股票C,股票型
014378,创金合信尊睿债券A,债券型
014379,创金合信尊睿债券C,债券型
014380,建信中国制造2025股票C,股票型
014381,长城久源灵活配置混合C,混合型
014382,博时国企改革股票C,股票型
014383,申万菱信集利三个月定开债,债券型
014384,国投瑞银顺腾一年定开债发起式,债券型
014385,华富安业一年持有债券A,债券型
014386,华富安业一年持有债券C,债券型
014387,光大尊利纯债一年定开债发起式,债券型
014388,渤海汇金兴宸一年定开债券发起,债券型
014389,华安产业动力6个月持有混合A,混合型
014390,华安产业动力6个月持有混合C,混合型
014391,华安添信债券,债券型
014392,嘉实致乾纯债债券,债券型
014397,中银恒悦180天持有债券A,债券型
014398,中银恒悦180天持有债券C,债券型
014399,中银民利一年持有期债券A,债券型
014400,中银民利一年持有期债券C,债券型
014401,富国核心趋势混合A,混合型
014402,富国核心趋势混合C,混合型
014404,中欧多元价值三年持有混合A,混合型
014405,中欧多元价值三年持有混合C,混合型
014406,富国中证新华社民族品牌工程ETF联接A,指数型
014407,富国中证新华社民族品牌工程ETF联接C,指数型
014408,创金合信兴选产业趋势混合A,混合型
014409,创金合信兴选产业趋势混合C,混合型
014410,华夏时代领航两年持有混合A,混合型
014411,华夏时代领航两年持有混合C,混合型
014412,招商核心竞争力混合A,混合型
014413,招商核心竞争力混合C,混合型
014414,招商中证畜牧养殖ETF联接A,指数型
014415,招商中证畜牧养殖ETF联接C,指数型
014416,泰康研究精选股票发起A,股票型
014417,泰康研究精选股票发起C,股票型
014418,西部利得CES芯片指数增强A,指数型
014419,西部利得CES芯片指数增强C,指数型
014420,中欧成长领航一年持有混合A,混合型
014421,中欧成长领航一年持有混合C,混合型
014422,弘毅远方消费升级混合C,混合型
014423,汇丰晋信研究精选混合,混合型
014424,博时恒生医疗保健ETF发起式联接(QDII)A,指数型
014425,博时恒生医疗保健ETF发起式联接(QDII)C,指数型
014426,惠升中证同业存单AAA指数7天持有,指数型
014427,富国中证同业存单AAA指数7天持有,指数型
014428,中航中证同业存单AAA指数7天持有,指数型
014429,华富中证同业存单AAA指数7天持有,指数型
014430,南方中证同业存单AAA指数7天持有,指数型
014435,中航瑞夏一年定开债发起A,债券型
014436,中航瑞夏一年定开债发起C,债券型
014437,鹏华中证同业存单AAA指数7天持有,指数型
014438,博时恒生科技ETF发起式联接(QDII)A,指数型
014439,博时恒生科技ETF发起式联接(QDII)C,指数型
014440,博时恒鑫稳健一年持有混合A,混合型
014441,博时恒鑫稳健一年持有混合C,混合型
014443,汇丰晋信丰盈债券A,债券型
014444,汇丰晋信丰盈债券C,债券型
014446,鹏华稳瑞中短债A,债券型
014447,大成惠源一年定开债发起式,债券型
014448,安信永宁一年定开债发起式,债券型
014449,富国融丰两年定期开放混合A,混合型
014450,富国融丰两年定期开放混合C,混合型
014451,天弘新享一年定开债券发起,债券型
014452,天弘惠享一年定开债券发起,债券型
014453,中银新动力股票C,股票型
014454,中银双息回报混合C,混合型
014455,中银成长优选股票C,股票型
014456,招商稳恒中短债60天持有债券A,债券型
014457,招商稳恒中短债60天持有债券C,债券型
014458,南方中债0-2年国开行债券指数E,指数型
014459,南方中债1-5年国开行债券指数E,指数型
014460,平安品质优选混合A,混合型
014461,平安品质优选混合C,混合型
014462,光大汇佳混合A,混合型
014463,光大汇佳混合C,混合型
014464,交银裕道纯债一年定期开放债券发起A,债券型
014465,长盛安鑫中短债D,债券型
014466,工银行业优选混合A,混合型
014467,工银行业优选混合C,混合型
014468,平安元和90天滚动持有短债A,债券型
014469,平安元和90天滚动持有短债C,债券型
014470,富安达健康人生混合C,混合型
014471,富安达新兴成长混合C,混合型
014472,景顺长城远见成长混合A,混合型
014473,景顺长城远见成长混合C,混合型
014474,中欧安悦一年定开债券发起,债券型
014475,华富富鑫一年定期开放债券型发起式,债券型
014476,山证资管90天滚动持有短债A,债券型
014477,山证资管90天滚动持有短债C,债券型
014478,中加低碳经济六个月持有混合A,混合型
014479,中加低碳经济六个月持有混合C,混合型
014480,华夏鼎优债券A,债券型
014481,华夏鼎优债券C,债券型
014482,华夏融盛可持续一年持有混合A,混合型
014483,华夏融盛可持续一年持有混合C,混合型
014484,汇添富中债1-3年隐含评级AA+及以上信用债指数发起式A,指数型
014485,汇添富中债1-3年隐含评级AA+及以上信用债指数发起式C,指数型
014486,汇添富淳享一年定开债券发起式A,债券型
014487,汇添富淳享一年定开债券发起式C,债券型
014488,国投瑞银产业升级两年持有混合A,混合型
014489,国投瑞银产业升级两年持有混合C,混合型
014490,浙商双月鑫60天滚动持有中短债A,债券型
014491,浙商双月鑫60天滚动持有中短债C,债券型
014492,浙商汇金兴利增强债券A,债券型
014493,浙商汇金兴利增强债券C,债券型
014494,万家鑫丰纯债E,债券型
014497,诺安研究优选混合C,混合型
014498,诺安鸿鑫混合C,混合型
014499,南方转型增长混合C,混合型
014502,泰信汇盈债券A,债券型
014503,泰信汇盈债券C,债券型
014504,鹏扬淳开债券D,债券型
014505,中银收益混合C,混合型
014506,博时成长臻选混合A,混合型
014507,博时成长臻选混合C,混合型
014508,汇添富先进制造混合A,混合型
014509,汇添富先进制造混合C,混合型
014510,圆信永丰聚兴一年定开债发起,债券型
014511,英大安盈30天滚动持有债券发起式A,债券型
014512,英大安盈30天滚动持有债券发起式C,债券型
014513,金鹰远见优选混合A,混合型
014514,金鹰远见优选混合C,混合型
014517,华夏30天滚动短债发起式A,债券型
014518,华夏30天滚动短债发起式C,债券型
014519,博时恒生高股息率ETF发起式联接A,指数型
014520,博时恒生高股息率ETF发起式联接C,指数型
014521,诺安利鑫灵活配置混合C,混合型
014522,汇添富低碳投资一年持有混合A,混合型
014523,汇添富低碳投资一年持有混合C,混合型
014526,汇添富中盘潜力增长一年持有混合A,混合型
014527,汇添富中盘潜力增长一年持有混合C,混合型
014528,汇添富MSCI中国A50互联互通ETF联接A,指数型
014529,汇添富MSCI中国A50互联互通ETF联接C,指数型
014530,华夏MSCI中国A50互联互通ETF发起式联接A,指数型
014531,华夏MSCI中国A50互联互通ETF发起式联接C,指数型
014532,易方达MSCI中国A50互联互通ETF联接A,指数型
014533,易方达MSCI中国A50互联互通ETF联接C,指数型
014534,南方MSCI中国A50互联互通ETF联接A,指数型
014535,南方MSCI中国A50互联互通ETF联接C,指数型
014536,诺安高端制造股票C,股票型
014537,中银中国混合(LOF)C,混合型
014538,长城研究精选混合C,混合型
014539,华安优势精选混合A,混合型
014540,华安优势精选混合C,混合型
014541,华安新能源主题混合A,混合型
014542,华安新能源主题混合C,混合型
014543,汇添富中证沪港深云计算产业ETF联接A,指数型
014544,汇添富中证沪港深云计算产业ETF联接C,指数型
014545,浦银兴耀优选一年持有混合A,混合型
014546,浦银兴耀优选一年持有混合C,混合型
014549,交银数据产业灵活配置混合C,混合型
014550,诺安益鑫灵活配置混合C,混合型
014551,诺安新动力灵活配置混合C,混合型
014552,中航瑞华ESG一年定开债发起A,债券型
014553,中航瑞华ESG一年定开债发起C,债券型
014558,华商品质慧选混合A,混合型
014559,华商品质慧选混合C,混合型
014560,东方汽车产业趋势混合A,混合型
014561,东方汽车产业趋势混合C,混合型
014562,易方达品质动能三年持有混合A,混合型
014563,易方达品质动能三年持有混合C,混合型
014564,天弘创新药精选50ETF联接A,指数型
014565,天弘创新药精选50ETF联接C,指数型
014566,国泰海通善融稳健一年持有混合(FOF)A,FOF
014567,国泰海通善融稳健一年持有混合(FOF)C,FOF
014568,华夏聚盛优选一年持有混合(FOF)A,FOF
014569,华夏聚盛优选一年持有混合(FOF)C,FOF
014570,东吴鼎泰纯债债券C,债券型
014571,东吴安享量化混合C,混合型
014572,长信银利精选混合C,混合型
014573,东方红锦弘甄选两年持有混合,混合型
014574,鑫元清洁能源混合发起式A,混合型
014575,鑫元清洁能源混合发起式C,混合型
014576,农银汇理瑞丰6个月持有混合,混合型
014579,华泰柏瑞恒泽混合A,混合型
014580,华泰柏瑞恒泽混合C,混合型
014581,东吴阿尔法灵活配置混合C,混合型
014582,浦银安盛兴荣稳健一年持有混合(FOF)A,FOF
014583,浦银安盛兴荣稳健一年持有混合(FOF)C,FOF
014585,银华心兴三年持有混合A,混合型
014586,银华心兴三年持有混合C,混合型
014587,华安中证500指数增强A,指数型
014588,华安中证500指数增强C,指数型
014589,招商成长先导股票A,股票型
014590,招商成长先导股票C,股票型
014591,广发瑞誉一年持有期混合A,混合型
014592,广发瑞誉一年持有期混合C,混合型
014593,西部利得聚优一年持有期混合,混合型
014594,汇添富稳福60天滚动持有中短债A,债券型
014595,汇添富稳福60天滚动持有中短债C,债券型
014596,汇添富稳福60天滚动持有中短债E,债券型
014597,华泰柏瑞富利混合C,混合型
014598,永赢合享混合发起A,混合型
014599,永赢合享混合发起C,混合型
014600,博时回报严选混合A,混合型
014601,博时回报严选混合C,混合型
014602,嘉实中证医疗指数发起式A,指数型
014603,嘉实中证医疗指数发起式C,指数型
014604,嘉实中证光伏产业ETF发起联接A,指数型
014605,嘉实中证光伏产业ETF发起联接C,指数型
014606,招商高端装备混合A,混合型
014607,招商高端装备混合C,混合型
014610,鹏华兴鑫宝货币C,货币型
014611,富国核心科技12个月持有混合A,混合型
014612,富国核心科技12个月持有混合C,混合型
014615,尚正正鑫混合发起A,混合型
014616,尚正正鑫混合发起C,混合型
014617,易方达如意安和一年持有混合(FOF)A,FOF
014618,易方达如意安和一年持有混合(FOF)C,FOF
014619,财通资管稳兴增益六个月持有期混合A,混合型
014620,财通资管稳兴增益六个月持有期混合C,混合型
014621,安信楚盈一年持有混合A,混合型
014622,安信楚盈一年持有混合C,混合型
014623,中银MSCI中国A50互联互通指数增强A,指数型
014624,中银MSCI中国A50互联互通指数增强C,指数型
014625,财通资管稳兴丰益六个月持有期混合A,混合型
014626,财通资管稳兴丰益六个月持有期混合C,混合型
014627,财通多策略福瑞混合发起式(LOF)C,混合型
014628,财通福盛混合发起(LOF)C,混合型
014634,景顺长城ESG量化股票A,股票型
014635,景顺长城ESG量化股票C,股票型
014636,国联安中短债债券A,债券型
014637,国联安中短债债券C,债券型
014638,银华安鑫短债债券D,债券型
014639,兴全合衡三年持有混合A,混合型
014640,兴全合衡三年持有混合C,混合型
014641,摩根行业轮动混合C,混合型
014642,摩根新兴动力混合C,混合型
014643,浦银安盛盛瑞纯债债券A,债券型
014644,浦银安盛盛瑞纯债债券C,债券型
014645,平安盈禧均衡配置1年持有混合(FOF)A,FOF
014646,平安盈禧均衡配置1年持有混合(FOF)C,FOF
014647,融通先进制造混合A,混合型
014648,融通先进制造混合C,混合型
014651,大成专精特新混合A,混合型
014652,大成专精特新混合C,混合型
014653,建信卓越成长一年持有混合A,混合型
014654,建信卓越成长一年持有混合C,混合型
014655,国联益海30天滚动持有短债A,债券型
014656,国联益海30天滚动持有短债C,债券型
014657,中欧融享增益一年持有期混合A,混合型
014658,中欧融享增益一年持有期混合C,混合型
014661,天弘黄金ETF联接A,指数型
014662,天弘黄金ETF联接C,指数型
014663,富国创新发展两年定开混合A,混合型
014664,富国创新发展两年定开混合C,混合型
014665,广发悦享一年持有混合(FOF),FOF
014666,工银优质发展混合A,混合型
014667,工银优质发展混合C,混合型
014668,银华专精特新量化优选股票发起A,股票型
014669,银华专精特新量化优选股票发起C,股票型
014670,银华安盈短债债券D,债券型
014671,富国裕利债券A,债券型
014672,富国裕利债券C,债券型
014673,富国中证港股通互联网ETF发起式联接A,指数型
014674,富国中证港股通互联网ETF发起式联接C,指数型
014675,惠升和顺恒利3个月定开债券A,债券型
014676,惠升和顺恒利3个月定开债券C,债券型
014677,中信保诚至远动力混合E,混合型
014678,永赢添添悦6个月持有混合A,混合型
014679,永赢添添悦6个月持有混合C,混合型
014680,交银优享一年持有混合(FOF)A,FOF
014681,交银优享一年持有混合(FOF)C,FOF
014682,富国智浦稳进12个月持有混合(FOF)A,FOF
014683,富国智浦稳进12个月持有混合(FOF)C,FOF
014686,招商核心装备混合A,混合型
014687,招商核心装备混合C,混合型
014688,招商招景纯债D,债券型
014691,中加量化研选混合A,混合型
014692,中加量化研选混合C,混合型
014693,万家兴恒回报一年持有期混合A,混合型
014694,万家兴恒回报一年持有期混合C,混合型
014697,南方誉稳一年持有混合A,混合型
014698,南方誉稳一年持有混合C,混合型
014699,东方高端制造混合A,混合型
014700,东方高端制造混合C,混合型
014701,中欧量化动能混合A,混合型
014702,中欧量化动能混合C,混合型
014703,博时时代领航混合A,混合型
014704,博时时代领航混合C,混合型
014705,国泰海通君得利短债C,债券型
014706,华富匠心明选一年持有混合A,混合型
014707,华富匠心明选一年持有混合C,混合型
014708,天弘臻选健康混合A,混合型
014709,天弘臻选健康混合C,混合型
014710,平安惠韵纯债A,债券型
014711,平安惠韵纯债C,债券型
014712,恒生前海恒裕债券A,债券型
014713,恒生前海恒裕债券C,债券型
014714,工银瑞兴一年定开纯债债券发起式,债券型
014716,东兴兴源债券A,债券型
014717,东兴兴源债券C,债券型
014718,富国天旭均衡混合A,混合型
014719,富国天旭均衡混合C,混合型
014720,长江聚利债券型C,债券型
014721,富国碳中和一年定开债发起式,债券型
014722,易方达汇欣平衡养老三年持有混合(FOF)A,FOF
014723,嘉合磐弘一年定开纯债债券发起,债券型
014724,东方量化多策略混合C,混合型
014725,广发成长动力三年持有混合A,混合型
014726,广发成长动力三年持有混合C,混合型
014727,易方达成长动力混合A,混合型
014728,易方达成长动力混合C,混合型
014729,前海开源新兴产业混合C,混合型
014730,华富荣盛一年持有期混合A,混合型
014731,华富荣盛一年持有期混合C,混合型
014732,德邦锐升债券A,债券型
014733,德邦锐升债券C,债券型
014734,广发睿合混合A,混合型
014735,广发睿合混合C,混合型
014736,创金合信专精特新股票发起A,股票型
014737,创金合信专精特新股票发起C,股票型
014738,广发恒祥债券A,债券型
014739,广发恒祥债券C,债券型
014740,财通资管鸿商中短债A,债券型
014741,财通资管鸿商中短债C,债券型
014742,恒生前海恒源嘉利债券A,债券型
014743,恒生前海恒源嘉利债券C,债券型
014746,贝莱德港股通远景视野混合A,混合型
014747,贝莱德港股通远景视野混合C,混合型
014748,西部利得季季稳90天滚动持有债券A,债券型
014749,西部利得季季稳90天滚动持有债券C,债券型
014752,长信稳健增长一年持有混合A,混合型
014753,长信稳健增长一年持有混合C,混合型
014754,华安景气优选混合A,混合型
014755,华安景气优选混合C,混合型
014756,鹏华成长领航两年持有期混合A,混合型
014757,鹏华成长领航两年持有期混合C,混合型
014758,民生加银医药健康股票C,股票型
014759,中欧琪福混合A,混合型
014760,中欧琪福混合C,混合型
014765,中欧碳中和混合发起A,混合型
014766,中欧碳中和混合发起C,混合型
014767,景顺长城华城稳健6个月持有期混合A,混合型
014768,景顺长城华城稳健6个月持有期混合C,混合型
014769,财通资管双福9个月持有债券发起式A,债券型
014770,财通资管双福9个月持有债券发起式C,债券型
014771,中泰红利优选一年持有混合发起,混合型
014772,中泰红利价值一年持有混合发起,混合型
014773,华安品质领先混合A,混合型
014774,华安品质领先混合C,混合型
014775,招商安本增利债券A,债券型
014776,富国中证芯片产业ETF发起式联接A,指数型
014777,富国中证芯片产业ETF发起式联接C,指数型
014778,国寿安保安和纯债债券,债券型
014779,尚正臻利债券A,债券型
014780,尚正臻利债券C,债券型
014781,建信兴衡优选一年持有混合A,混合型
014782,建信兴衡优选一年持有混合C,混合型
014783,招商远见成长混合A,混合型
014784,招商远见成长混合C,混合型
014785,华安添顺债券,债券型
014788,长城产业趋势混合A,混合型
014789,长城产业趋势混合C,混合型
014792,华泰柏瑞匠心臻选混合A,混合型
014793,华泰柏瑞匠心臻选混合C,混合型
014794,富国远见优选混合A,混合型
014795,富国远见优选混合C,混合型
014797,富国融悦12个月持有期混合A,混合型
014798,富国融悦12个月持有期混合C,混合型
014799,工银招瑞一年持有混合A,混合型
014800,工银招瑞一年持有混合C,混合型
014801,红土创新丰源中短债A,债券型
014802,红土创新丰源中短债C,债券型
014803,汇安添利18个月持有混合A,混合型
014804,汇安添利18个月持有混合C,混合型
014805,国金量化精选混合A,混合型
014806,国金量化精选混合C,混合型
014807,宏利景气智选18个月持有混合A,混合型
014808,宏利景气智选18个月持有混合C,混合型
014809,华安沣瑞一年持有混合A,混合型
014810,华安沣瑞一年持有混合C,混合型
014811,平安兴奕成长1年持有混合A,混合型
014812,平安兴奕成长1年持有混合C,混合型
014813,浙商大数据智选消费混合C,混合型
014814,格林泓皓纯债,债券型
014815,财通资管鸿慧中短债发起A,债券型
014816,财通资管鸿慧中短债发起C,债券型
014817,财通资管鸿慧中短债发起E,债券型
014818,国金新兴价值混合A,混合型
014819,国金新兴价值混合C,混合型
014822,中泰锦泉汇金货币,货币型
014823,长信稳兴三个月定开债券A,债券型
014824,长信稳兴三个月定开债券C,债券型
014825,汇泉兴至未来一年持有混合A,混合型
014826,汇泉兴至未来一年持有混合C,混合型
014827,汇泉启元未来混合发起式A,混合型
014828,汇泉启元未来混合发起式C,混合型
014829,诺德新能源汽车混合A,混合型
014830,诺德新能源汽车混合C,混合型
014831,兴银中证1000指数增强A,指数型
014832,兴银中证1000指数增强C,指数型
014833,汇添富盈鑫混合C,混合型
014834,汇添富盈鑫混合D,混合型
014836,汇添富创新活力混合C,混合型
014837,汇添富创新活力混合D,混合型
014838,兴银碳中和主题混合A,混合型
014839,兴银碳中和主题混合C,混合型
014840,招商裕华混合,混合型
014841,东方阿尔法医疗健康混合发起A,混合型
014842,东方阿尔法医疗健康混合发起C,混合型
014845,中银新趋势灵活配置混合C,混合型
014846,博时恒乐债券A,债券型
014847,博时恒乐债券C,债券型
014848,宏利闽利一年定开债券发起式,债券型
014849,建信健康民生混合C,混合型
014850,长信稳健成长混合A,混合型
014851,长信稳健成长混合C,混合型
014852,嘉实添惠一年持有期混合A,混合型
014853,嘉实添惠一年持有期混合C,混合型
014854,嘉实中证半导体指数增强发起式A,指数型
014855,嘉实中证半导体指数增强发起式C,指数型
014856,建信鑫享短债债券A,债券型
014857,建信鑫享短债债券C,债券型
014858,建信鑫享短债债券F,债券型
014859,大成慧心优选一年持有混合A,混合型
014860,大成慧心优选一年持有混合C,混合型
014863,建信信息产业股票C,股票型
014864,建信食品饮料行业股票C,股票型
014865,南方富祥稳健养老目标一年持有混合(FOF)A,FOF
014867,大摩优悦安和混合C,混合型
014868,大摩灵动优选债券C,债券型
014869,大摩内需增长混合C,混合型
014870,方正富邦稳丰一年定开债券发起,债券型
014871,大摩科技领先混合C,混合型
014872,嘉实品质蓝筹一年持有混合A,混合型
014873,嘉实品质蓝筹一年持有混合C,混合型
014874,惠升惠远回报混合A,混合型
014875,惠升惠远回报混合C,混合型
014876,长城瑞利纯债债券A,债券型
014877,长城瑞利纯债债券C,债券型
014878,华安价值驱动一年持有混合A,混合型
014879,华安价值驱动一年持有混合C,混合型
014880,天弘中证机器人ETF发起联接A,指数型
014881,天弘中证机器人ETF发起联接C,指数型
014882,鑫元悦享60天滚动持有中短债A,债券型
014883,鑫元悦享60天滚动持有中短债C,债券型
014884,兴银合鑫债券,债券型
014885,长盛匠心研究混合A,混合型
014886,长盛匠心研究混合C,混合型
014887,招商安福1年定开债发起式,债券型
014892,永赢添添欣12个月持有混合A,混合型
014893,永赢添添欣12个月持有混合C,混合型
014896,浙商兴盈6个月定开债券A,债券型
014897,浙商兴盈6个月定开债券C,债券型
014898,国泰民享稳健养老目标一年持有期混合发起式(FOF)A,FOF
014900,兴全兴裕混合A,混合型
014901,兴全兴裕混合C,混合型
014904,易方达悦稳一年持有混合A,混合型
014905,易方达悦稳一年持有混合C,混合型
014910,东方红短债债券A,债券型
014911,东方红短债债券C,债券型
014912,南方信元债券A,债券型
014913,博时研究回报混合A,混合型
014914,博时研究回报混合C,混合型
014915,财通匠心优选一年持有混合A,混合型
014916,财通匠心优选一年持有混合C,混合型
014917,汇丰晋信时代先锋混合A,混合型
014918,汇丰晋信时代先锋混合C,混合型
014919,银华心选一年持有期混合A,混合型
014920,银华心选一年持有期混合C,混合型
014922,华夏ESG可持续投资一年持有混合A,混合型
014923,华夏ESG可持续投资一年持有混合C,混合型
014924,天弘优利短债发起A,债券型
014925,天弘优利短债发起C,债券型
014926,景顺长城安瑞混合C,混合型
014929,民生加银创新成长混合C,混合型
014930,富国高端制造行业股票C,股票型
014931,富国天源沪港深平衡混合C,混合型
014932,摩根医疗健康股票C,股票型
014933,南方医药保健灵活配置混合C,混合型
014934,南方浩益进取聚申3个月持有混合(FOF)A,FOF
014935,南方浩益进取聚申3个月持有混合(FOF)C,FOF
014936,长江智选3个月持有混合(FOF)C,FOF
014937,摩根核心精选股票C,股票型
014938,同泰产业升级混合A,混合型
014939,同泰产业升级混合C,混合型
014942,鹏华中证细分化工产业主题ETF联接A,指数型
014943,鹏华中证细分化工产业主题ETF联接C,指数型
014944,蜂巢润和六个月持有期混合A,混合型
014945,蜂巢润和六个月持有期混合C,混合型
014946,南方高质量优选混合A,混合型
014947,南方高质量优选混合C,混合型
014948,融通新能源灵活配置混合C,混合型
014949,交银恒益灵活配置混合C,混合型
014950,汇安润阳三年持有期混合A,混合型
014951,汇安润阳三年持有期混合C,混合型
014952,国泰睿鸿一年定开债发起,债券型
014953,信澳至诚精选混合C,混合型
014954,信澳研究优选混合C,混合型
014955,国联安添益增长债券A,债券型
014956,国联安添益增长债券C,债券型
014957,华富消费成长股票A,股票型
014958,华富消费成长股票C,股票型
014959,华泰柏瑞益兴三个月定开债券,债券型
014960,国泰融安多策略灵活配置混合C,混合型
014961,国联兴鸿优选混合A,混合型
014962,国联兴鸿优选混合C,混合型
014963,交银先进制造混合C,混合型
014964,摩根科技前沿混合C,混合型
014965,国投瑞银顺和一年定开债发起式,债券型
014966,永赢坤益债券,债券型
014967,建信潜力新蓝筹股票C,股票型
014968,中信建投景润3个月定开债A,债券型
014969,中信建投景润3个月定开债C,债券型
014970,华安低碳生活混合C,混合型
014971,华安红利精选混合C,混合型
014972,华安沪港深外延增长灵活配置混合C,混合型
014973,景顺长城景泰悦利三个月定开债A,债券型
014974,景顺长城景泰悦利三个月定开债C,债券型
014975,华安科技动力混合C,混合型
014976,华安升级主题混合C,混合型
014977,华安生态优先混合C,混合型
014978,华安纳斯达克100ETF联接(QDII)C,指数型
014979,华安上证180ETF联接C,指数型
014980,华安上证50ETF联接C,指数型
014982,华安标普全球石油指数(LOF)C,指数型
014983,华安中证银行ETF联接C,指数型
014984,华安中证全指证券公司ETF联接C,指数型
014985,华安创业板50指数C,指数型
014986,东方核心动力混合C,混合型
014987,华安产业趋势混合A,混合型
014988,华安产业趋势混合C,混合型
014989,国泰新经济灵活配置混合C,混合型
014990,华安幸福生活混合C,混合型
014991,嘉合磐恒债券A,债券型
014992,嘉合磐恒债券C,债券型
014993,广发景宏债券A,债券型
014994,国泰金融ETF联接C,指数型
014995,中欧量化先锋混合A,混合型
014996,中欧量化先锋混合C,混合型
014997,国泰国证新能源汽车指数C,指数型
014998,国泰民福策略价值混合C,混合型
014999,华泰保兴吉年盈混合A,混合型
015000,华泰保兴吉年盈混合C,混合型
015001,工银物流产业股票C,股票型
015002,工银生态环境股票C,股票型
015003,中邮尊佑一年定开债,债券型
015004,中邮能源革新混合型发起A,混合型
015005,中邮能源革新混合型发起C,混合型
015006,中欧量化动力混合A,混合型
015007,中欧量化动力混合C,混合型
015008,汇安永利30天持有期短债A,债券型
015009,汇安永利30天持有期短债C,债券型
015010,嘉合锦鑫混合A,混合型
015011,嘉合锦鑫混合C,混合型
015012,浦银安盛安弘回报一年持有混合A,混合型
015013,浦银安盛安弘回报一年持有混合C,混合型
015016,华安德国(DAX)联接(QDII)C,指数型
015017,国泰融丰外延增长混合(LOF)C,混合型
015018,西部利得双兴一年定开债券发起,债券型
015019,蜂巢丰颐债券A,债券型
015020,蜂巢丰颐债券C,债券型
015021,平安日鑫C,货币型
015022,万家安恒纯债3个月持有债券型A,债券型
015023,万家安恒纯债3个月持有债券型C,债券型
015026,鹏华增华混合A,混合型
015027,鹏华增华混合C,混合型
015030,博时远见回报混合A,混合型
015031,博时远见回报混合C,混合型
015032,国联医药消费混合A,混合型
015033,国联医药消费混合C,混合型
015034,泰信优势领航混合A,混合型
015035,银华核心动力精选混合A,混合型
015036,银华核心动力精选混合C,混合型
015037,天弘MSCI中国A50互联互通指数A,指数型
015038,天弘MSCI中国A50互联互通指数C,指数型
015039,长信金利趋势混合C,混合型
015040,国泰国证食品饮料行业(LOF)C,指数型
015041,西部利得新富混合C,混合型
015042,国泰国证房地产行业指数C,指数型
015043,西部利得时代动力混合发起A,混合型
015044,西部利得时代动力混合发起C,混合型
015045,大成惠信一年定开债发起式,债券型
015046,前海开源中航军工指数C,指数型
015047,富安达稳健配置6个月持有期混合,混合型
015048,建信新能源行业股票C,股票型
015049,招商添安1年定开债,债券型
015052,东方红医疗升级股票发起A,股票型
015053,东方红医疗升级股票发起C,股票型
015054,摩根尚睿混合(FOF)C,FOF
015056,百嘉百盛混合,混合型
015057,摩根核心优选混合C,混合型
015058,华夏高端制造混合C,混合型
015059,华夏产业升级混合C,混合型
015060,华夏节能环保股票C,股票型
015061,中信建投沪深300指数增强A,指数型
015062,中信建投沪深300指数增强C,指数型
015063,华润元大润丰纯债债券A,债券型
015064,华润元大润丰纯债债券C,债券型
015065,华夏乐享健康混合C,混合型
015066,华夏逸享健康混合C,混合型
015067,华夏永康添福混合C,混合型
015069,华宝安宜六个月持有债券A,债券型
015070,华宝安宜六个月持有债券C,债券型
015071,鑫元专精特新混合A,混合型
015072,鑫元专精特新混合C,混合型
015073,华夏复兴混合C,混合型
015074,摩根转型动力混合C,混合型
015075,摩根卓越制造股票C,股票型
015076,中加恒享三个月定开债券,债券型
015077,摩根成长先锋混合C,混合型
015078,平安灵活配置混合C,混合型
015079,永赢成长远航一年持有混合A,混合型
015080,永赢成长远航一年持有混合C,混合型
015081,兴业90天滚动持有中短债A,债券型
015082,兴业90天滚动持有中短债C,债券型
015083,易方达优势驱动一年持有混合(FOF)A,FOF
015084,易方达优势驱动一年持有混合(FOF)C,FOF
015087,易方达优势先锋一年持有混合(FOF)A,FOF
015088,易方达优势先锋一年持有混合(FOF)C,FOF
015089,中银景福回报混合C,混合型
015090,易方达优势长兴三个月持有混合(FOF)A,FOF
015091,易方达优势长兴三个月持有混合(FOF)C,FOF
015092,汇安远见成长混合A,混合型
015093,汇安远见成长混合C,混合型
015094,华商300智选混合A,混合型
015095,华商300智选混合C,混合型
015096,东财数字经济混合发起式A,混合型
015097,东财数字经济混合发起式C,混合型
015098,中欧鑫享鼎益一年持有混合A,混合型
015099,中欧鑫享鼎益一年持有混合C,混合型
015100,华泰柏瑞低碳经济智选混合A,混合型
015101,华泰柏瑞低碳经济智选混合C,混合型
015102,东方红ESG可持续投资混合A,混合型
015103,东方红ESG可持续投资混合C,混合型
015104,博道研究恒选混合A,混合型
015105,博道研究恒选混合C,混合型
015106,百嘉百顺纯债债券A,债券型
015107,百嘉百顺纯债债券C,债券型
015108,中泰安益利率债A,债券型
015109,中泰安益利率债C,债券型
015110,惠升领先优选混合A,混合型
015111,惠升领先优选混合C,混合型
015114,汇添富高端制造股票C,股票型
015115,汇添富高端制造股票D,股票型
015116,汇添富大盘核心资产混合C,混合型
015117,汇添富大盘核心资产混合D,混合型
015118,汇添富沪港深大盘价值混合C,混合型
015119,汇添富沪港深大盘价值混合D,混合型
015120,中银沃享一年定开债发起式,债券型
015121,汇添富医疗服务灵活配置混合C,混合型
015122,汇添富医疗服务灵活配置混合D,混合型
015123,汇添富国企创新股票C,股票型
015124,汇添富国企创新股票D,股票型
015125,易方达悦鑫一年持有混合A,混合型
015126,易方达悦鑫一年持有混合C,混合型
015127,长城产业成长混合A,混合型
015128,长城产业成长混合C,混合型
015131,鹏扬稳健优选一年持有混合(FOF)A,FOF
015132,鹏扬稳健优选一年持有混合(FOF)C,FOF
015133,华安鼎安优选一年持有混合A,混合型
015134,华安鼎安优选一年持有混合C,混合型
015135,工银专精特新混合A,混合型
015136,工银专精特新混合C,混合型
015137,国富均衡增长混合A,混合型
015138,国富均衡增长混合C,混合型
015139,泰康医疗健康股票发起A,股票型
015140,泰康医疗健康股票发起C,股票型
015141,华泰紫金周周购6个月滚动债A,债券型
015142,华泰紫金周周购6个月滚动债C,债券型
015143,中欧智能制造混合A,混合型
015144,中欧智能制造混合C,混合型
015145,同泰新能源1年持有股票A,股票型
015146,同泰新能源1年持有股票C,股票型
015147,华夏兴融混合(LOF)C,混合型
015148,华安中证1000指数增强A,指数型
015149,华安中证1000指数增强C,指数型
015150,恒越匠心优选一年持有混合A,混合型
015151,恒越匠心优选一年持有混合C,混合型
015152,东吴嘉禾优势精选混合C,混合型
015153,东吴安鑫量化混合C,混合型
015154,东吴安盈量化混合C,混合型
015155,浦银稳健回报6个月持有债(FOF)A,FOF
015156,浦银稳健回报6个月持有债(FOF)C,FOF
015157,申万菱信行业轮动股票C,股票型
015158,申万菱信价值精选混合C,混合型
015159,申万菱信智能驱动股票C,股票型
015160,南方宝嘉混合A,混合型
015161,南方宝嘉混合C,混合型
015164,鑫元晟利一年定开债券发起式,债券型
015166,华泰保兴长三角金融债一年定开债券,债券型
015167,申万菱信可转债债券C,债券型
015168,平安盈瑞六个月持有债券(FOF)A,FOF
015169,平安盈瑞六个月持有债券(FOF)C,FOF
015170,摩根核心成长股票C,股票型
015171,申万菱信医药先锋股票C,股票型
015172,摩根安全战略股票C,股票型
015173,申万菱信竞争优势混合C,混合型
015174,摩根双核平衡混合C,混合型
015175,申万菱信稳益宝债券C,债券型
015176,申万菱信中证申万医药生物指数(LOF)C,指数型
015177,申万菱信深证成份指数(LOF)C,指数型
015178,申万菱信中证申万证券行业指数(LOF)C,指数型
015179,汇添富美丽30混合C,混合型
015180,汇添富美丽30混合D,混合型
015181,汇添富逆向投资混合C,混合型
015182,汇添富逆向投资混合D,混合型
015183,汇添富文体娱乐混合C,混合型
015184,汇添富文体娱乐混合D,混合型
015187,汇添富消费升级混合C,混合型
015188,汇添富消费升级混合D,混合型
015190,汇添富行业整合混合C,混合型
015191,汇添富行业整合混合D,混合型
015192,汇添富社会责任混合C,混合型
015193,汇添富社会责任混合D,混合型
015194,汇添富新兴消费股票C,股票型
015195,汇添富新兴消费股票D,股票型
015196,汇添富智能制造股票C,股票型
015197,汇添富智能制造股票D,股票型
015198,汇添富移动互联股票C,股票型
015199,汇添富移动互联股票D,股票型
015202,汇添富全球移动互联混合(QDII)人民币C,QDII
015203,汇添富全球移动互联混合(QDII)人民币D,QDII
015204,银华全球新能源车量化优选股票(QDII)A,QDII
015205,银华全球新能源车量化优选股票(QDII)C,QDII
015206,招商安裕灵活配置混合D,混合型
015207,万家鑫瑞纯债D,债券型
015208,信澳健康中国混合C,混合型
015209,华夏鼎成一年定开债券发起式,债券型
015210,前海开源沪港深农业混合C,混合型
015211,招商安鼎平衡1年持有期混合A,混合型
015212,招商安鼎平衡1年持有期混合C,混合型
015217,鹏扬成长领航混合A,混合型
015218,鹏扬成长领航混合C,混合型
015219,鹏扬产业智选一年持有混合A,混合型
015220,鹏扬产业智选一年持有混合C,混合型
015221,汇添富积极回报一年持有混合(FOF)A,FOF
015222,汇添富积极回报一年持有混合(FOF)C,FOF
015223,汇添富进取成长混合A,混合型
015224,汇添富进取成长混合C,混合型
015227,华夏创新研选混合A,混合型
015228,华夏创新研选混合C,混合型
015229,华夏低碳经济一年持有混合A,混合型
015230,华夏低碳经济一年持有混合C,混合型
015231,富国智选稳进3个月持有混合(FOF)A,FOF
015232,富国智选稳进3个月持有混合(FOF)C,FOF
015233,银华富裕主题混合C,混合型
015235,国寿安保稳泽两年持有混合A,混合型
015236,国寿安保稳泽两年持有混合C,混合型
015237,东财均衡配置三个月持有混合发起式(FOF)A,FOF
015238,东财均衡配置三个月持有混合发起式(FOF)C,FOF
015239,山证资管裕享增强债券发起式A,债券型
015240,山证资管裕享增强债券发起式C,债券型
015241,汇添富鑫添利6个月持有混合(FOF)A,FOF
015242,汇添富鑫添利6个月持有混合(FOF)C,FOF
015243,东兴连裕6个月滚动持有债A,债券型
015244,东兴连裕6个月滚动持有债C,债券型
015245,南华丰汇混合A,混合型
015248,国泰海通60天滚动持有中短债A,债券型
015249,国泰海通60天滚动持有中短债C,债券型
015254,申万菱信消费增长混合C,混合型
015255,农银金耀3个月定开债券,债券型
015256,鹏华畅享债券A,债券型
015257,鹏华畅享债券C,债券型
015258,鹏华稳享一年持有期混合A,混合型
015259,鹏华稳享一年持有期混合C,混合型
015260,鹏华永鑫一年定开债,债券型
015261,易方达如意兴安一年持有混合(FOF)A,FOF
015262,易方达如意兴安一年持有混合(FOF)C,FOF
015263,淳厚稳荣一年定开债发起,债券型
015264,中泰星汇平衡三个月持有混合(FOF)A,FOF
015265,中泰星汇平衡三个月持有混合(FOF)C,FOF
015266,中邮睿泽一年持有债券A,债券型
015267,中邮睿泽一年持有债券C,债券型
015268,招商瑞联1年持有混合A,混合型
015269,招商瑞联1年持有混合C,混合型
015270,南方养老目标2050五年持有混合发起(FOF)A,FOF
015271,财通多策略升级混合(LOF)C,混合型
015272,博时恒益稳健一年持有期混合A,混合型
015273,博时恒益稳健一年持有期混合C,混合型
015274,英大安益中短债A,债券型
015275,英大安益中短债C,债券型
015278,东财沪深300A,指数型
015279,东财沪深300C,指数型
015282,华安恒生科技ETF发起式联接(QDII)A,指数型
015283,华安恒生科技ETF发起式联接(QDII)C,指数型
015284,圆信永丰兴益三个月定开债A,债券型
015285,国投瑞银产业转型一年持有混合A,混合型
015286,国投瑞银产业转型一年持有混合C,混合型
015287,永赢优质生活混合A,混合型
015288,永赢优质生活混合C,混合型
015289,格林高股息优选混合A,混合型
015290,格林高股息优选混合C,混合型
015291,金元顺安产业臻选混合A,混合型
015292,金元顺安产业臻选混合C,混合型
015293,金鹰时代领航一年持有混合A,混合型
015294,金鹰时代领航一年持有混合C,混合型
015297,华夏聚泓优选一年持有混合(FOF)A,FOF
015298,华夏聚泓优选一年持有混合(FOF)C,FOF
015299,华夏纳斯达克100ETF发起式联接(QDII)A,指数型
015300,华夏纳斯达克100ETF发起式联接(QDII)C,指数型
015301,博时双季乐六个月持有期债券A,债券型
015302,博时双季乐六个月持有期债券C,债券型
015303,鹏扬丰融价值先锋一年持有混合A,混合型
015304,鹏扬丰融价值先锋一年持有混合C,混合型
015305,银华鑫峰混合A,混合型
015306,银华鑫峰混合C,混合型
015307,华泰紫金智享一年定开债券发起,债券型
015309,国投瑞银境煊灵活配置混合E,混合型
015310,华泰柏瑞恒生科技ETF联接(QDII)A,指数型
015311,华泰柏瑞恒生科技ETF联接(QDII)C,指数型
015312,国金及第中短债债券B,债券型
015315,富国汇享三个月定开债A,债券型
015316,富国汇享三个月定开债C,债券型
015318,南方浩誉稳健18个月持有混合(FOF)A,FOF
015319,南方浩誉稳健18个月持有混合(FOF)C,FOF
015320,长江新兴产业混合A,混合型
015321,长江新兴产业混合C,混合型
015322,广发鑫享灵活配置混合C,混合型
015323,广发集源债券E,债券型
015326,交银慧选睿信一年持有混合(FOF)A,FOF
015327,交银慧选睿信一年持有混合(FOF)C,FOF
015330,财通资管睿达一年定开债发起,债券型
015331,恒生前海恒利纯债A,债券型
015332,恒生前海恒利纯债C,债券型
015333,天弘合利债券发起A,债券型
015334,天弘合利债券发起C,债券型
015335,上银慧信利三个月定开债,债券型
015336,嘉实中证芯片产业指数发起式A,指数型
015337,嘉实中证芯片产业指数发起式C,指数型
015340,同泰泰享中短债A,债券型
015341,同泰泰享中短债C,债券型
015342,同泰泰享中短债E,债券型
015343,长安优势行业混合A,混合型
015344,长安优势行业混合C,混合型
015346,摩根健康品质生活混合C,混合型
015349,招商招恒纯债D,债券型
015350,银河季季盈90天滚动持有短债A,债券型
015351,银河季季盈90天滚动持有短债C,债券型
015356,西部利得新润混合C,混合型
015357,摩根慧享成长混合A,混合型
015358,摩根慧享成长混合C,混合型
015359,摩根博睿均衡一年持有混合(FOF)A,FOF
015360,摩根博睿均衡一年持有混合(FOF)C,FOF
015361,西部利得新盈混合C,混合型
015362,汇添富鑫裕一年定开债发起式A,债券型
015363,汇添富鑫裕一年定开债发起式C,债券型
015364,汇丰晋信价值先锋股票C,股票型
015365,中银动态策略混合C,混合型
015368,国泰海通领航成长一年持有混合发起A,混合型
015369,国泰海通领航成长一年持有混合发起C,混合型
015370,华泰柏瑞季季红债券C,债券型
015371,中加聚享增盈债券A,债券型
015372,中加聚享增盈债券C,债券型
015373,浙商智选新兴产业混合A,混合型
015374,浙商智选新兴产业混合C,混合型
015375,泰信汇鑫三个月定开债A,债券型
015376,泰信汇鑫三个月定开债C,债券型
015377,兴全优选稳健六个月持有债券(FOF)A,FOF
015378,兴全优选稳健六个月持有债券(FOF)C,FOF
015379,国泰瞬利货币D,货币型
015380,国泰瞬利货币E,货币型
015381,东方兴瑞趋势领航混合A,混合型
015382,东方兴瑞趋势领航混合C,混合型
015383,长城久富混合(LOF)C,混合型
015384,万家瑞隆混合C,混合型
015385,华商智能生活灵活配置混合C,混合型
015386,中银主题策略混合C,混合型
015387,中欧沪深300指数增强A,指数型
015388,中欧沪深300指数增强C,指数型
015389,宝盈转型动力混合C,混合型
015390,万家瑞兴灵活配置混合C,混合型
015393,泰康安泓纯债一年定开债,债券型
015394,交银科技创新灵活配置混合C,混合型
015395,招商体育文化休闲股票C,股票型
015396,南方潜力新蓝筹混合C,混合型
015397,博时富鸿金融债3个月定开债A,债券型
015398,招商安润灵活配置混合C,混合型
015400,弘毅远方甄选混合A,混合型
015401,弘毅远方甄选混合C,混合型
015402,长江丰瑞3个月持有期债券A,债券型
015403,长江丰瑞3个月持有期债券C,债券型
015404,嘉实90天滚动持有短债A,债券型
015405,嘉实90天滚动持有短债C,债券型
015406,国寿安保稳信混合E,混合型
015407,国寿安保稳弘混合E,混合型
015408,景顺长城成长趋势股票A,股票型
015409,景顺长城成长趋势股票C,股票型
015410,中信建投景安债券A,债券型
015411,中信建投景安债券C,债券型
015412,西部利得数字产业混合A,混合型
015413,西部利得数字产业混合C,混合型
015414,华宝宝隆债券A,债券型
015415,华宝宝隆债券C,债券型
015418,银华华利均衡优选一年持有混合(FOF),FOF
015419,工银安盈货币C,货币型
015420,工银安盈货币D,货币型
015421,南方浩鑫稳健优选6个月持有混合(FOF)A,FOF
015422,南方浩鑫稳健优选6个月持有混合(FOF)C,FOF
015423,浦银安盛普裕一年定开债券,债券型
015426,东吴月月享30天持有短债A,债券型
015427,东吴月月享30天持有短债C,债券型
015433,金元顺安泓泽债券,债券型
015434,金元顺安鼎泰债券A,债券型
015435,金元顺安鼎泰债券C,债券型
015436,建信优化配置混合C,混合型
015437,太平安元债券A,债券型
015438,中银荣享债券,债券型
015439,长盛安逸纯债债券E,债券型
015440,信澳智选先锋一年持有期混合A,混合型
015441,信澳智选先锋一年持有期混合C,混合型
015442,建信福泽安泰混合(FOF)C,FOF
015445,申万菱信绿色纯债债券发起式A,债券型
015446,申万菱信绿色纯债债券发起式C,债券型
015447,安信华享纯债A,债券型
015448,安信华享纯债C,债券型
015449,太平安元债券C,债券型
015450,华泰柏瑞多策略混合C,混合型
015451,兴华安丰纯债A,债券型
015452,兴华安丰纯债C,债券型
015453,中欧中证500指数增强A,指数型
015454,中欧中证500指数增强C,指数型
015455,信澳周期动力混合C,混合型
015456,信澳领先增长混合C,混合型
015458,天弘周期策略混合C,混合型
015459,天弘精选混合C,混合型
015460,天弘优质成长企业C,混合型
015461,天弘互联网混合C,混合型
015462,天弘云端生活优选混合C,混合型
015463,天弘永定价值成长混合C,混合型
015464,兴全兴益债券A,债券型
015465,兴全兴益债券C,债券型
015466,太平中证1000指数增强A,指数型
015467,太平中证1000指数增强C,指数型
015468,嘉实农业产业股票C,股票型
015469,永赢湖北国企债一年定开发起,债券型
015470,华安添锦债券,债券型
015471,万家鑫橙纯债A,债券型
015472,万家鑫橙纯债C,债券型
015473,工银瑞恒3个月定开债券A,债券型
015474,工银瑞恒3个月定开债券C,债券型
015475,天弘文化新兴产业股票C,股票型
015476,广发景阳纯债,债券型
015477,国联融盛双盈债券A,债券型
015478,国联融盛双盈债券C,债券型
015479,国联益泓90天滚动持有债券A,债券型
015480,国联益泓90天滚动持有债券C,债券型
015481,中欧睿见混合C,混合型
015482,汇安裕泰纯债债券A,债券型
015483,汇安裕泰纯债债券C,债券型
015484,前海开源中证大农业指数增强C,指数型
015485,平安策略优选1年持有混合A,混合型
015486,平安策略优选1年持有混合C,混合型
015487,蜂巢丰泰三个月定开债A,债券型
015488,蜂巢丰泰三个月定开债C,债券型
015489,申万菱信稳鑫30天滚动持有短债债券A,债券型
015490,申万菱信稳鑫30天滚动持有短债债券C,债券型
015491,博时科创主题灵活配置混合(LOF)C,混合型
015492,中航瑞发3个月定开债A,债券型
015493,中航瑞发3个月定开债C,债券型
015494,尚正臻惠一年定开债发起,债券型
015495,景顺长城中证1000指数增强A,指数型
015496,景顺长城中证1000指数增强C,指数型
015499,东海祥苏短债E,债券型
015500,山证资管裕辰债券发起式,债券型
015501,中银恒嘉60天滚动持有短债E,债券型
015502,中欧中短债债券发起A,债券型
015503,中欧中短债债券发起C,债券型
015504,华夏兴夏价值一年持有混合发起式A,混合型
015505,中邮专精特新一年持有混合A,混合型
015506,中邮专精特新一年持有混合C,混合型
015507,兴业中证500指数增强A,指数型
015508,兴业中证500指数增强C,指数型
015509,平安养老目标日期2030一年持有混合(FOF)A,FOF
015510,平安价值领航混合A,混合型
015511,平安价值领航混合C,混合型
015514,方正富邦鑫诚12个月持有混合A,混合型
015515,方正富邦鑫诚12个月持有混合C,混合型
015516,建信鑫恒120天滚动持有中短债债券A,债券型
015517,建信鑫恒120天滚动持有中短债债券C,债券型
015518,华夏纳斯达克100ETF发起式联接(QDII)A美元现汇,指数型
015519,安信远见稳进一年持有混合A,混合型
015520,安信远见稳进一年持有混合C,混合型
015521,建信兴晟优选一年持有混合A,混合型
015522,建信兴晟优选一年持有混合C,混合型
015523,华商鸿盛纯债债券,债券型
015524,天弘多元增利债券A,债券型
015525,天弘多元增利债券C,债券型
015526,大成动态量化配置策略混合C,混合型
015527,弘毅远方汽车产业升级混合A,混合型
015528,弘毅远方汽车产业升级混合C,混合型
015529,华泰柏瑞锦瑞债券E,债券型
015530,鹏华稳福中短债债券A,债券型
015531,鹏华稳福中短债债券C,债券型
015532,鹏华稳福中短债债券E,债券型
015533,红塔红土瑞鑫纯债债券A,债券型
015534,红塔红土瑞鑫纯债债券C,债券型
015537,红塔红土新能源主题精选股票A,股票型
015538,红塔红土新能源主题精选股票C,股票型
015539,富国元利债券A,债券型
015540,富国元利债券C,债券型
015542,东兴兴福一年定开债券C,债券型
015543,百嘉百益债券A,债券型
015544,百嘉百益债券C,债券型
015545,大成标普500等权重指数(QDII)C美元,指数型
015546,大成恒生指数(QDII-LOF)C,指数型
015547,华商核心成长一年持有混合A,混合型
015548,华商核心成长一年持有混合C,混合型
015551,宏利昇利一年定开债券发起式,债券型
015552,中加安盈一年定开债发起,债券型
015553,融通价值成长混合A,混合型
015554,融通价值成长混合C,混合型
015557,银华日利C,货币型
015558,万家中证红利ETF联接C,指数型
015559,长江启航混合发起式A,混合型
015560,长江启航混合发起式C,混合型
015561,长城双动力混合C,混合型
015562,长城医疗保健混合C,混合型
015563,天弘丰利债券(LOF)C,债券型
015564,大成弘远回报一年持有混合A,混合型
015565,大成弘远回报一年持有混合C,混合型
015566,万家精选混合C,混合型
015569,招商招裕纯债D,债券型
015570,创金合信医药优选3个月持有混合A,混合型
015571,创金合信医药优选3个月持有混合C,混合型
015572,国投瑞银瑞源灵活配置混合C,混合型
015573,华宝收益增长混合C,混合型
015576,宏利绩优混合C,混合型
015577,国联安上证商品ETF联接C,指数型
015578,南方宝祥混合A,混合型
015579,南方宝祥混合C,混合型
015580,中金金誉债券,债券型
015581,国寿安保泰然纯债债券,债券型
015582,国泰量化策略收益混合C,混合型
015583,招商安悦1年持有期债券A,债券型
015584,招商安悦1年持有期债券C,债券型
015585,国泰优势行业混合C,混合型
015586,东方匠心优选混合A,混合型
015587,东方匠心优选混合C,混合型
015588,国泰大农业股票C,股票型
015589,国泰金马稳健混合C,混合型
015590,长城聚利纯债A,债券型
015591,长城聚利纯债C,债券型
015592,国泰事件驱动策略混合C,混合型
015593,国泰金鑫股票C,股票型
015594,国泰区位优势混合C,混合型
015595,交银臻选回报混合C,混合型
015596,国泰国证有色金属行业指数(LOF)C,指数型
015597,方正富邦稳泓3个月定开债券,债券型
015598,国泰中证申万证券行业指数(LOF)C,指数型
015599,国泰国证航天军工指数(LOF)C,指数型
015600,国泰创业板指数(LOF)C,指数型
015601,宏利行业精选混合C,混合型
015603,国泰海通君得盛债券C,债券型
015604,华安动力领航混合A,混合型
015605,华安动力领航混合C,混合型
015606,广发集祥债券A,债券型
015607,广发集祥债券C,债券型
015608,信澳转型创新股票C,股票型
015609,鹏华安盈宝货币C,货币型
015610,万家匠心致远一年持有期混合A,混合型
015611,万家匠心致远一年持有期混合C,混合型
015612,东方红短债债券E,债券型
015613,华宝多策略增长C,混合型
015614,华宝价值发现混合C,混合型
015615,天弘丰益债券发起A,债券型
015616,天弘丰益债券发起C,债券型
015619,宏利红利先锋混合C,混合型
015620,英大安悦纯债债券A,债券型
015621,英大安悦纯债债券C,债券型
015622,平安合禧1年定开发起,债券型
015624,国投瑞银顺晖一年定开债发起,债券型
015625,平安添润债券A,债券型
015626,平安添润债券C,债券型
015627,圆信永丰弘阳股票A,股票型
015628,圆信永丰弘阳股票C,股票型
015629,招商添兴6个月定开债A,债券型
015630,申万菱信乐融一年持有混合A,混合型
015631,申万菱信乐融一年持有混合C,混合型
015632,大成惠瑞一年定开债券发起式,债券型
015633,中金景气驱动混合发起A,混合型
015634,中金景气驱动混合发起C,混合型
015635,汇安价值先锋混合A,混合型
015636,汇安价值先锋混合C,混合型
015637,摩根阿尔法混合C,混合型
015638,摩根成长动力混合C,混合型
015640,金鹰产业整合混合C,混合型
015641,银华数字经济股票发起式A,股票型
015642,银华数字经济股票发起式C,股票型
015643,招商中证同业存单AAA指数7天持有,指数型
015644,华夏中证同业存单AAA指数7天持有,指数型
015645,平安中证同业存单AAA指数7天持有,指数型
015646,中金中证同业存单AAA指数7天持有发起,指数型
015647,淳厚中证同业存单AAA指数7天持有,指数型
015648,兴银中证同业存单AAA指数7天持有,指数型
015649,华泰紫金货币增利A,货币型
015650,华泰紫金货币增利B,货币型
015651,华泰紫金货币增利E,货币型
015652,国投瑞银瑞利混合(LOF)C,混合型
015653,鹏华永平6个月定开债券,债券型
015654,交银稳鑫短债债券D,债券型
015657,富荣研究优选混合A,混合型
015658,富荣研究优选混合C,混合型
015659,中信建投景晟债券A,债券型
015660,中信建投景晟债券C,债券型
015661,天弘同利债券(LOF)D,债券型
015663,易米开鑫价值优选混合A,混合型
015664,易米开鑫价值优选混合C,混合型
015665,银河和美生活混合C,混合型
015666,银河医药混合C,混合型
015667,银河文体娱乐混合C,混合型
015668,银河消费混合C,混合型
015669,银河蓝筹混合C,混合型
015670,银河行业混合C,混合型
015671,前海开源沪深300指数C,指数型
015672,中加丰裕纯债债券C,债券型
015673,鹏华创业板指数(LOF)C,指数型
015674,鹏华中证800地产指数(LOF)C,指数型
015675,鹏华中证传媒指数(LOF)C,指数型
015676,鹏华中证移动互联网指数(LOF)C,指数型
015677,鹏华中证一带一路主题指数(LOF)C,指数型
015678,鹏华中证高铁产业指数(LOF)C,指数型
015679,景顺长城沪深300指数增强C,指数型
015682,华夏福源养老2045三年持有混合发起式(FOF)A,FOF
015683,景顺长城科技创新混合C,混合型
015684,银华盛利混合发起式C,混合型
015685,鹏华中证环保产业指数(LOF)C,指数型
015686,富国新兴产业股票C,股票型
015687,银华乐享混合C,混合型
015688,九泰泰富灵活配置混合(LOF)C,混合型
015689,富国价值增长混合C,混合型
015690,富国中小盘精选混合C,混合型
015691,富国长期成长混合C,混合型
015692,富国通胀通缩主题轮动混合C,混合型
015693,鹏华中证800证券保险指数(LOF)C,指数型
015696,农银绿色能源混合,混合型
015697,华夏磐润两年定开混合A,混合型
015698,华夏磐润两年定开混合C,混合型
015699,平安均衡成长2年持有混合A,混合型
015700,平安均衡成长2年持有混合C,混合型
015701,华夏鼎誉三个月定开债券A,债券型
015702,华夏鼎誉三个月定开债券C,债券型
015703,易米开泰混合A,混合型
015704,易米开泰混合C,混合型
015705,万家现金宝货币E,货币型
015706,诺德安元纯债债券,债券型
015709,摩根中国优势混合C,混合型
015712,泰康丰泰一年定开债券发起,债券型
015713,格林聚鑫增强债券A,债券型
015714,格林聚鑫增强债券C,债券型
015715,富国成长动力混合C,混合型
015716,华夏稳享增利6个月滚动持有债A,债券型
015717,华夏稳享增利6个月滚动持有债C,债券型
015718,财通资管均衡臻选混合A,混合型
015719,财通资管均衡臻选混合C,混合型
015720,平安元悦60天滚动持有短债A,债券型
015721,平安元悦60天滚动持有短债C,债券型
015722,长城中小盘成长混合C,混合型
015723,长城久悦债券C,债券型
015724,英大碳中和混合A,混合型
015725,英大碳中和混合C,混合型
015726,银河致远养老目标日期2045三年持有混合发起式(FOF),FOF
015727,中泰双利债券A,债券型
015728,中泰双利债券C,债券型
015729,朱雀碳中和三年持有混合发起,混合型
015730,东海鑫宁利率债三个月定开债,债券型
015731,景顺长城核心竞争力混合C,混合型
015732,尚正新能源产业混合A,混合型
015733,尚正新能源产业混合C,混合型
015734,红塔红土信息产业精选股票发起式A,股票型
015735,红塔红土信息产业精选股票发起式C,股票型
015736,长盛盛裕纯债D,债券型
015739,国泰中证港股通科技ETF发起联接A,指数型
015740,国泰中证港股通科技ETF发起联接C,指数型
015745,上银鑫卓混合C,混合型
015746,博时四月享120天持有期债券A,债券型
015747,博时四月享120天持有期债券C,债券型
015748,上银可转债精选债券C,债券型
015749,博时优享回报混合A,混合型
015750,博时优享回报混合C,混合型
015751,景顺长城品质长青混合C,混合型
015752,景顺长城核心招景混合C,混合型
015753,上银鑫达灵活配置混合C,混合型
015754,上银内需增长股票C,股票型
015755,景顺长城绩优成长混合C,混合型
015756,景顺长城景气成长混合C,混合型
015768,长信内需成长混合C,混合型
015769,天弘低碳经济混合A,混合型
015770,天弘低碳经济混合C,混合型
015771,银华绿色低碳债券,债券型
015772,银华互联网主题灵活配置混合C,混合型
015773,招商移动互联网产业股票基金C,股票型
015774,长信多利混合E,混合型
015775,景顺长城品质成长混合C,混合型
015778,浙商汇金金算盘货币,货币型
015779,景顺长城价值边际灵活配置混合C,混合型
015780,大成ESG责任投资混合发起式A,混合型
015781,大成ESG责任投资混合发起式C,混合型
015782,创金合信稳健添利债券A,债券型
015783,创金合信稳健添利债券C,债券型
015784,中信建投中证1000指数增强A,指数型
015785,中信建投中证1000指数增强C,指数型
015786,诺安货币C,货币型
015787,鹏扬中证数字经济主题ETF发起联接A,指数型
015788,鹏扬中证数字经济主题ETF发起联接C,指数型
015789,永赢高端装备智选混合发起A,混合型
015790,永赢高端装备智选混合发起C,混合型
015791,天弘中债1-3年国开债指数发起C,指数型
015792,金鹰稳进配置六个月持有混合发起(FOF)A,FOF
015793,金鹰稳进配置六个月持有混合发起(FOF)C,FOF
015794,天弘创业板指数增强A,指数型
015795,天弘创业板指数增强C,指数型
015802,鹏华稳健恒利债券A,债券型
015803,鹏华稳健恒利债券C,债券型
015804,华安添魁债券,债券型
015805,景顺长城景颐尊利债券A,债券型
015806,景顺长城景颐尊利债券C,债券型
015807,中银宏观策略混合C,混合型
015808,汇添富中证电池主题ETF发起式联接D,指数型
015809,国泰海通君添利中短债发起A,债券型
015810,国泰海通君添利中短债发起C,债券型
015811,兴全恒泰一年定开债券发起式,债券型
015815,浦银稳鑫120天滚动持有中短债A,债券型
015816,浦银稳鑫120天滚动持有中短债C,债券型
015817,财通资管瑞享12个月定开混合C,混合型
015818,财通资管睿盈债券A,债券型
015819,财通资管睿盈债券C,债券型
015822,易方达中证同业存单AAA指数7天持有,指数型
015823,银华中证同业存单AAA指数7天持有,指数型
015824,博时月月乐同业存单30天持有混合,混合型
015825,国泰中证同业存单AAA指数7天持有,指数型
015826,广发中证同业存单AAA指数7天持有,指数型
015827,中欧中证同业存单AAA指数7天持有,指数型
015828,永赢新能源智选混合发起A,混合型
015829,永赢新能源智选混合发起C,混合型
015830,平安惠复纯债A,债券型
015831,平安惠复纯债C,债券型
015832,永赢宏泰短债A,债券型
015833,永赢宏泰短债C,债券型
015834,汇添富鑫和纯债A,债券型
015835,汇添富鑫和纯债C,债券型
015836,浙商汇金聚瑞债券A,债券型
015837,浙商汇金聚瑞债券C,债券型
015838,广发招利混合A,混合型
015839,广发招利混合C,混合型
015840,惠升中债1-5年政策性金融债A,指数型
015841,惠升中债1-5年政策性金融债C,指数型
015842,国投瑞银专精特新量化选股混合A,混合型
015843,国投瑞银专精特新量化选股混合C,混合型
015844,红土创新丰泽中短债A,债券型
015845,红土创新丰泽中短债C,债券型
015848,天弘合益债券发起D,债券型
015849,富国创新企业灵活配置混合(LOF)C,混合型
015850,农银行业轮动混合C,混合型
015851,南华瑞诚一年定开债发起,债券型
015852,华泰柏瑞益安三个月定开债券,债券型
015853,汇添富稳安三个月持有债券A,债券型
015854,汇添富稳安三个月持有债券C,债券型
015855,汇添富稳安三个月持有债券E,债券型
015856,格林碳中和主题混合A,混合型
015857,格林碳中和主题混合C,混合型
015858,浦银安盛盛嘉一年定开债券发起式,债券型
015859,宝盈国证证券龙头指数发起A,指数型
015860,宝盈国证证券龙头指数发起C,指数型
015861,嘉实中证同业存单AAA指数7天持有期,指数型
015862,景顺长城中证同业存单AAA指数7天持有,指数型
015863,华泰柏瑞中证同业存单AAA指数7天持有期,指数型
015864,华宝中证同业存单AAA指数7天持有,指数型
015865,中信建投景泰债券A,债券型
015866,中信建投景泰债券C,债券型
015867,国泰海通中证1000指数增强A,指数型
015868,国泰海通中证1000指数增强C,指数型
015869,中银誉享一年定开债发起,债券型
015873,工银国证新能源车电池ETF发起式联接A,指数型
015874,工银国证新能源车电池ETF发起式联接C,指数型
015875,汇添富中证同业存单AAA指数7天持有期,指数型
015876,富国中证消费电子主题ETF发起式联接A,指数型
015877,富国中证消费电子主题ETF发起式联接C,指数型
015878,富国中证农业主题ETF联接A,指数型
015879,富国中证农业主题ETF联接C,指数型
015880,中欧小盘成长混合A,混合型
015881,中欧小盘成长混合C,混合型
015882,平安盈泽1年持有债券(FOF)A,FOF
015883,平安盈泽1年持有债券(FOF)C,FOF
015884,中欧港股数字经济混合发起(QDII)A,QDII
015885,中欧港股数字经济混合发起(QDII)C,QDII
015887,国投瑞银行业睿选混合A,混合型
015888,国投瑞银行业睿选混合C,混合型
015891,富国上证50基本面精选股票发起式A,股票型
015892,富国上证50基本面精选股票发起式C,股票型
015893,广发景益债券A,债券型
015894,平安中证消费电子主题ETF发起式联接A,指数型
015895,平安中证消费电子主题ETF发起式联接C,指数型
015896,天弘中证细分化工产业主题ETF联接A,指数型
015897,天弘中证细分化工产业主题ETF联接C,指数型
015898,大成元合双利债券发起式A,债券型
015899,大成元合双利债券发起式C,债券型
015900,东方阿尔法兴科一年持有混合A,混合型
015901,东方阿尔法兴科一年持有混合C,混合型
015902,博时优质精选混合A,混合型
015903,博时优质精选混合C,混合型
015904,广发新能源精选股票A,股票型
015905,广发新能源精选股票C,股票型
015906,兴业沪深300ETF发起联接A,指数型
015907,兴业沪深300ETF发起联接C,指数型
015908,方正富邦鸿远债券A,债券型
015909,方正富邦鸿远债券C,债券型
015910,鑫元裕丰债,债券型
015911,兴业致远混合A,混合型
015912,兴业致远混合C,混合型
015913,华夏鼎安一年定开债券发起式,债券型
015915,永赢医药创新智选混合发起A,混合型
015916,永赢医药创新智选混合发起C,混合型
015917,兴业30天滚动持有中短债A,债券型
015918,兴业30天滚动持有中短债C,债券型
015923,申万菱信稳鑫90天滚动持有中短债债券A,债券型
015924,申万菱信稳鑫90天滚动持有中短债债券C,债券型
015925,万家鑫融纯债债券A,债券型
015926,万家鑫融纯债债券C,债券型
015927,西部利得绿色能源混合A,混合型
015928,西部利得绿色能源混合C,混合型
015929,蜂巢丰裕债券A,债券型
015930,蜂巢丰裕债券C,债券型
015931,金鹰恒润债券发起式A,债券型
015932,金鹰恒润债券发起式C,债券型
015933,中泰安悦6个月定开债A,债券型
015934,中泰安悦6个月定开债C,债券型
015935,广发景华纯债C,债券型
015936,中信保诚弘远混合C,混合型
015937,中信保诚鼎利混合(LOF)C,混合型
015938,平安盈福6个月持有债券(FOF)A,FOF
015939,平安盈福6个月持有债券(FOF)C,FOF
015940,华夏聚信一年持有混合(FOF)A,FOF
015941,华夏聚信一年持有混合(FOF)C,FOF
015942,上银慧享利30天滚动持有中短债发起A,债券型
015943,上银慧享利30天滚动持有中短债发起C,债券型
015944,中银中证同业存单AAA指数7天持有期,指数型
015945,易方达国防军工混合C,混合型
015946,兴业国企改革混合C,混合型
015947,兴业研究精选混合C,混合型
015948,南方光元债券A,债券型
015949,上银聚恒益一年定开债发起,债券型
015950,华夏蓝筹混合(LOF)C,混合型
015953,信澳鑫享债券A,债券型
015954,信澳鑫享债券C,债券型
015955,万家中证同业存单AAA指数7天持有,指数型
015956,国联安中证同业存单AAA指数7天持有期,指数型
015957,财通资管双安债券A,债券型
015958,财通资管双安债券C,债券型
015959,太平嘉和三个月定开债发起,债券型
015960,创金合信中证同业存单AAA指数7天持有,指数型
015961,太平恒信6个月定开债,债券型
015962,国联添安稳健养老目标一年持有混合(FOF)A,FOF
015963,汇安品质优选混合A,混合型
015964,汇安品质优选混合C,混合型
015965,长城安心回报混合C,混合型
015967,永赢半导体产业智选混合发起A,混合型
015968,永赢半导体产业智选混合发起C,混合型
015969,博时富尊一年定开债发起式,债券型
015970,华泰柏瑞景气驱动混合A,混合型
015971,华泰柏瑞景气驱动混合C,混合型
015972,中航航行宝货币B,货币型
015973,工银恒嘉一年持有混合A,混合型
015974,工银恒嘉一年持有混合C,混合型
015976,光大数字经济主题混合A,混合型
015977,光大数字经济主题混合C,混合型
015978,安信恒鑫增强债券A,债券型
015979,安信恒鑫增强债券C,债券型
015980,光大高端装备混合A,混合型
015981,光大高端装备混合C,混合型
015984,金鹰碳中和混合发起式A,混合型
015985,金鹰碳中和混合发起式C,混合型
015986,中海新兴成长六个月持有期混合,混合型
015987,万家远见先锋一年持有期混合A,混合型
015988,万家远见先锋一年持有期混合C,混合型
015989,华安碳中和混合A,混合型
015990,华安碳中和混合C,混合型
015991,长城鑫利30天滚动持有中短债A,债券型
015992,长城鑫利30天滚动持有中短债C,债券型
015993,博时中证光伏产业ETF联接A,指数型
015994,博时中证光伏产业ETF联接C,指数型
015995,汇安裕盈纯债债券A,债券型
015996,汇安裕盈纯债债券C,债券型
015997,大成中证电池主题ETF发起式联接A,指数型
015998,大成中证电池主题ETF发起式联接C,指数型
015999,中欧预见稳健养老目标一年持有混合(FOF)A,FOF
016002,博时保证金货币ETFC,货币型
016003,广发集远债券A,债券型
016004,广发集远债券C,债券型
016005,红土创新添利债券A,债券型
016006,红土创新添利债券C,债券型
016007,招商中证消费电子主题ETF联接A,指数型
016008,招商中证消费电子主题ETF联接C,指数型
016009,中加博盈一年定开债发起,债券型
016010,兴银中证科创创业50指数E,指数型
016011,西部利得沣享债券A,债券型
016012,西部利得沣享债券C,债券型
016015,博远利兴纯债一年定开债发起,债券型
016016,长盛恒盛利率债A,债券型
016017,长盛恒盛利率债C,债券型
016018,银河康乐股票C,股票型
016019,招商中证电池主题ETF联接A,指数型
016020,招商中证电池主题ETF联接C,指数型
016021,华安优嘉精选混合A,混合型
016022,华安优嘉精选混合C,混合型
016023,兴业添益6个月定开债券,债券型
016024,工银稳健丰瑞90天持有短债A,债券型
016025,工银稳健丰瑞90天持有短债C,债券型
016026,渤海汇金汇鑫益3个月定开债发起,债券型
016027,兴华安悦纯债A,债券型
016028,兴华安悦纯债C,债券型
016029,湘财成长优选一年持有混合A,混合型
016030,湘财成长优选一年持有混合C,混合型
016031,民生加银瑞华绿债一年定开发起,债券型
016032,光大尊颐纯债一年债券发起,债券型
016034,建信鑫福60天持有中短债债券A,债券型
016035,建信鑫福60天持有中短债债券C,债券型
016036,汇添富鑫添盈一年持有混合(FOF)A,FOF
016037,汇添富鑫添盈一年持有混合(FOF)C,FOF
016038,汇添富丰润中短债C,债券型
016039,汇添富丰润中短债E,债券型
016040,华安新动力灵活配置混合C,混合型
016041,华安新机遇灵活配置混合C,混合型
016042,华安稳健回报混合C,混合型
016043,东财中证证券30ETF发起式联接A,指数型
016044,东财中证证券30ETF发起式联接C,指数型
016045,华商研究回报一年持有混合A,混合型
016046,华商研究回报一年持有混合C,混合型
016047,鹏扬利鑫60天滚动持有债券E,债券型
016048,华商新量化混合C,混合型
016049,华商甄选回报混合C,混合型
016050,华商高端装备制造股票C,股票型
016051,华商万众创新混合C,混合型
016052,华商改革创新股票C,股票型
016055,博时纳斯达克100ETF发起式联接(QDII)A人民币,指数型
016056,博时纳斯达克100ETF发起式联接(QDII)A美元现汇,指数型
016057,博时纳斯达克100ETF发起式联接(QDII)C人民币,指数型
016058,博时纳斯达克100ETF发起式联接(QDII)C美元现汇,指数型
016059,长城久鼎混合C,混合型
016060,大成健康产业混合C,混合型
016061,长城环保主题混合C,混合型
016062,大成多策略混合(LOF)C,混合型
016063,华安中证同业存单AAA指数7天持有发起式,指数型
016064,建信智远先锋混合A,混合型
016065,建信智远先锋混合C,混合型
016066,英大中证同业存单AAA指数7天持有,指数型
016067,鹏华新能源汽车混合A,混合型
016068,鹏华新能源汽车混合C,混合型
016069,华商研究精选灵活配置C,混合型
016070,华商新常态混合C,混合型
016071,华安智联混合(LOF)C,混合型
016072,财通弘利纯债债券,债券型
016073,创金合信软件产业股票发起A,股票型
016074,创金合信软件产业股票发起C,股票型
016075,华夏智造升级混合A,混合型
016076,华夏智造升级混合C,混合型
016077,华夏中证农业主题ETF发起联接A,指数型
016078,华夏中证农业主题ETF发起联接C,指数型
016079,华夏福泽养老目标2035三年持有混合发起式(FOF)A,FOF
016080,财通资管通达稳健3个月持有债券发起(FOF)A,FOF
016081,财通资管通达稳健3个月持有债券发起(FOF)C,FOF
016082,工银中证同业存单AAA指数7天持有,指数型
016083,中加中证同业存单AAA指数7天持有,指数型
016084,中银慧泽平衡3个月持有混合发起(FOF)A,FOF
016085,中银慧泽平衡3个月持有混合发起(FOF)C,FOF
016088,金鹰添悦60天滚动持有短债A,债券型
016089,金鹰添悦60天滚动持有短债C,债券型
016090,中泰玉衡价值优选混合C,混合型
016091,汇泉匠心智选一年持有混合A,混合型
016092,汇泉匠心智选一年持有混合C,混合型
016093,华泰紫金添鑫30天滚动中短债发起A,债券型
016094,华泰紫金添鑫30天滚动中短债发起C,债券型
016096,汇添富和聚宝货币C,货币型
016097,东吴兴弘一年持有混合A,混合型
016098,东吴兴弘一年持有混合C,混合型
016099,华安成长创新混合C,混合型
016105,申万菱信兴乐优选混合A,混合型
016106,申万菱信兴乐优选混合C,混合型
016107,红土创新丰源中短债B,债券型
016108,安信臻享三个月定开债券,债券型
016109,南方振元债券发起A,债券型
016110,南方振元债券发起C,债券型
016111,鹏华丰尊债券,债券型
016112,国投瑞银顺熙一年定开债发起式,债券型
016116,国联安恒盛3个月定开债券,债券型
016117,贝莱德先进制造一年持有混合A,混合型
016118,贝莱德先进制造一年持有混合C,混合型
016119,华富时代锐选混合A,混合型
016120,华富时代锐选混合C,混合型
016122,华富中证科创创业50指数增强A,指数型
016123,华富中证科创创业50指数增强C,指数型
016124,汇泉安盈回报债券A,债券型
016125,汇泉安盈回报债券C,债券型
016126,景顺长城景泰永利纯债债券A,债券型
016127,景顺长城景泰永利纯债债券C,债券型
016128,景顺长城中证红利低波动100ETF发起联接A,指数型
016129,景顺长城中证红利低波动100ETF发起联接C,指数型
016130,国泰海通品质生活混合发起A,混合型
016131,国泰海通品质生活混合发起C,混合型
016132,国泰海通善兴平衡养老目标三年持有混合发起(FOF),FOF
016134,嘉实沪深300指数研究增强C,指数型
016135,嘉实优势成长混合C,混合型
016136,中银证券慧泽稳健3个月持有期混合发起(FOF)A,FOF
016137,中银证券慧泽稳健3个月持有期混合发起(FOF)C,FOF
016140,汇添富稳瑞30天滚动持有中短债A,债券型
016141,汇添富稳瑞30天滚动持有中短债C,债券型
016142,华安沣悦债券A,债券型
016143,华安沣悦债券C,债券型
016144,工银瑞诚一年定开债券A,债券型
016145,工银瑞诚一年定开债券C,债券型
016146,工银安裕积极一年持有混合(FOF)A,FOF
016147,工银安裕积极一年持有混合(FOF)C,FOF
016148,融通通灿债券A,债券型
016149,中银季季享90天滚动持有中短债债券发起A,债券型
016150,中银季季享90天滚动持有中短债债券发起C,债券型
016151,国融稳泰纯债债券A,债券型
016152,国融稳泰纯债债券C,债券型
016153,中银慧泽稳健3个月持有混合发起(FOF)A,FOF
016154,中银慧泽稳健3个月持有混合发起(FOF)C,FOF
016157,汇添富数字经济核心产业一年持有期混合A,混合型
016158,汇添富数字经济核心产业一年持有期混合C,混合型
016159,汇添富数字经济核心产业一年持有期混合D,混合型
016160,天弘安恒60天滚动持有短债C,债券型
016161,天弘永利优享债券A,债券型
016162,天弘永利优享债券C,债券型
016163,万家欣远混合A,混合型
016164,万家欣远混合C,混合型
016165,汇添富优势企业精选混合A,混合型
016166,万家颐远均衡一年持有混合发起A,混合型
016167,万家颐远均衡一年持有混合发起C,混合型
016168,嘉实丰和灵活配置混合C,混合型
016169,嘉实价值优势混合C,混合型
016170,中欧盈选平衡6个月持有混合(FOF)A,FOF
016171,中欧盈选平衡6个月持有混合(FOF)C,FOF
016172,鹏扬利泽债券D,债券型
016173,汇添富优势企业精选混合C,混合型
016174,汇丰晋信策略优选混合A,混合型
016175,汇丰晋信策略优选混合C,混合型
016177,东财稳健配置六个月持有(FOF)A,FOF
016178,东财稳健配置六个月持有(FOF)C,FOF
016179,华安新活力灵活配置混合C,混合型
016180,宝盈聚鑫一年定期开放债券发起式,债券型
016181,华安添祥6个月持有混合C,混合型
016182,华安安进灵活配置混合发起式C,混合型
016183,华安安华灵活配置混合C,混合型
016184,长城鼎利一年定开债券发起式,债券型
016185,广发电力ETF联接A,指数型
016186,广发电力ETF联接C,指数型
016189,国联恒通纯债A,债券型
016190,国联恒通纯债C,债券型
016191,永赢安悦60天持有中短债债券A,债券型
016192,永赢安悦60天持有中短债债券C,债券型
016193,恒生前海恒悦纯债A,债券型
016194,恒生前海恒悦纯债C,债券型
016198,大成科创主题混合(LOF)C,混合型
016199,汇添富全球汽车产业升级混合(QDII)人民币A,QDII
016200,汇添富全球汽车产业升级混合(QDII)美元现汇,QDII
016201,汇添富全球汽车产业升级混合(QDII)美元现钞,QDII
016202,汇添富全球汽车产业升级混合(QDII)人民币C,QDII
016203,嘉合胶东经济圈中高等级信用债一年定开发起式,债券型
016204,东方沪深300指数增强A,指数型
016205,东方沪深300指数增强C,指数型
016206,信澳汇享三个月定开债券A,债券型
016207,信澳汇享三个月定开债券C,债券型
016208,华泰柏瑞锦汇债券,债券型
016209,申万菱信中证军工指数(LOF)C,指数型
016210,摩根瑞享纯债债券A,债券型
016211,摩根瑞享纯债债券C,债券型
016212,中银证券安添3个月定开债A,债券型
016213,中银证券安添3个月定开债C,债券型
016214,富安达长盈灵活配置混合C,混合型
016217,中银证券慧泽平衡3个月持有混合发起(FOF)A,FOF
016218,中银证券慧泽平衡3个月持有混合发起(FOF)C,FOF
016219,华夏聚锐优选三个月持有混合(FOF)A,FOF
016220,华夏聚锐优选三个月持有混合(FOF)C,FOF
016221,华夏聚恒优选三个月持有混合(FOF)A,FOF
016222,华夏聚恒优选三个月持有混合(FOF)C,FOF
016223,中欧货币E,货币型
016224,中欧骏泰货币A,货币型
016227,华商安远稳进一年持有混合(FOF)A,FOF
016228,华商安远稳进一年持有混合(FOF)C,FOF
016234,财通景气行业混合C,混合型
016235,浦银安盛普诚纯债债券A,债券型
016236,浦银安盛普诚纯债债券C,债券型
016237,华夏数字经济龙头混合发起式A,混合型
016238,华夏数字经济龙头混合发起式C,混合型
016239,泰信添鑫中短债债券A,债券型
016240,泰信添鑫中短债债券C,债券型
016241,嘉实稳泽纯债债券C,债券型
016243,广发成长领航一年持有混合A,混合型
016244,广发成长领航一年持有混合C,混合型
016245,易方达汇康稳健养老目标一年持有混合(FOF)A,FOF
016246,天弘新价值混合C,混合型
016247,天弘裕享一年定开债发起,债券型
016248,银华创新动力优选混合A,混合型
016249,银华创新动力优选混合C,混合型
016250,华夏远见成长一年持有混合A,混合型
016251,华夏远见成长一年持有混合C,混合型
016252,华夏景气成长一年持有混合发起式A,混合型
016253,华夏景气成长一年持有混合发起式C,混合型
016254,中信保诚精萃成长混合C,混合型
016255,中信保诚优胜精选混合C,混合型
016256,中信保诚中小盘混合C,混合型
016257,华宝动力组合混合C,混合型
016258,中信保诚创新成长混合C,混合型
016259,鑫元安鑫回报混合C,混合型
016260,汇添富中债1-5年政策性金融债指数A,指数型
016261,汇添富中债1-5年政策性金融债指数C,指数型
016262,银华智荟内在价值灵活配置混合发起C,混合型
016263,银华高端制造业混合C,混合型
016264,嘉实新起航混合C,混合型
016265,中信建投趋势领航两年持有混合A,混合型
016266,中信建投趋势领航两年持有混合C,混合型
016267,建信中证500指数量化增强发起A,指数型
016268,建信中证500指数量化增强发起C,指数型
016269,建信改革红利股票C,股票型
016270,博时富鑫纯债C,债券型
016272,华泰保兴吉年红混合发起A,混合型
016273,华泰保兴吉年红混合发起C,混合型
016274,华泰保兴鑫成优选混合A,混合型
016275,华泰保兴鑫成优选混合C,混合型
016276,招商中证800指数增强A,指数型
016277,招商中证800指数增强C,指数型
016278,广发美国房地产指数人民币(QDII)C,指数型
016279,广发美国房地产指数美元现汇(QDII)C,指数型
016280,广发全球医疗保健指数人民币(QDII)C,指数型
016281,广发全球医疗保健美元现汇(QDII)C,指数型
016282,建信内生动力混合C,混合型
016283,华泰柏瑞积极优选股票C,股票型
016285,汇丰晋信龙头优势混合A,混合型
016286,汇丰晋信龙头优势混合C,混合型
016287,大成消费机遇混合A,混合型
016288,大成消费机遇混合C,混合型
016289,华安沪港深通精选灵活配置混合C,混合型
016290,华安国企改革主题灵活配置混合C,混合型
016291,华安大国新经济股票C,股票型
016292,华安物联网主题股票C,股票型
016293,华安核心优选混合C,混合型
016294,华安宏利混合C,混合型
016295,新华利率债债券E,债券型
016296,英大通佑一年定开债,债券型
016297,中欧丰泰港股通混合A,混合型
016298,中欧丰泰港股通混合C,混合型
016299,浦银季季盈90天滚动持有中短债A,债券型
016300,浦银季季盈90天滚动持有中短债C,债券型
016301,兴业180天持有期债券A,债券型
016302,兴业180天持有期债券C,债券型
016303,中信建投北交所精选两年定开混合A,混合型
016304,中信建投北交所精选两年定开混合C,混合型
016305,农银专精特新混合A,混合型
016306,农银专精特新混合C,混合型
016307,景顺长城北交所精选两年定开混合A,混合型
016308,景顺长城北交所精选两年定开混合C,混合型
016311,中欧优质企业混合A,混合型
016312,中欧优质企业混合C,混合型
016313,富国研究精选灵活配置混合C,混合型
016314,同泰泰裕三个月定开债A,债券型
016315,同泰泰裕三个月定开债C,债券型
016316,同泰积极配置3个月持有股票(FOF)A,FOF
016317,同泰积极配置3个月持有股票(FOF)C,FOF
016318,东方臻裕债券A,债券型
016319,东方臻裕债券C,债券型
016320,红塔红土瑞恒纯债债券A,债券型
016321,红塔红土瑞恒纯债债券C,债券型
016322,嘉实安益混合A,混合型
016325,泰康北交所精选两年定开混合发起A,混合型
016326,泰康北交所精选两年定开混合发起C,混合型
016327,农银双利回报债券A,债券型
016328,农银双利回报债券C,债券型
016329,鹏华创兴增利债券A,债券型
016330,鹏华创兴增利债券C,债券型
016331,鹏华创兴增利债券D,债券型
016332,长城产业臻选混合A,混合型
016333,长城产业臻选混合C,混合型
016335,汇丰晋信动态策略混合C,混合型
016338,财通资管通达稳利3个月持有期债券发起式(FOF)A,FOF
016339,财通资管通达稳利3个月持有期债券发起式(FOF)C,FOF
016340,银河价值成长混合A,混合型
016341,银河价值成长混合C,混合型
016342,南方耀元债券A,债券型
016343,招商中证银行指数E,指数型
016344,易方达裕惠定开混合C,混合型
016345,长安行业成长混合A,混合型
016346,长安行业成长混合C,混合型
016347,招商中证煤炭等权指数(LOF)E,指数型
016348,德邦锐兴债券E,债券型
016350,招商碳中和主题混合A,混合型
016351,招商碳中和主题混合C,混合型
016352,建信高端医疗股票C,股票型
016353,兴银合泰债券A,债券型
016354,兴银合泰债券C,债券型
016355,华夏国证疫苗与生物科技指数发起A,指数型
016356,华夏国证疫苗与生物科技指数发起C,指数型
016357,易方达中证长江保护主题ETF联接发起式A,指数型
016358,易方达中证长江保护主题ETF联接发起式C,指数型
016359,恒生前海恒源丰利债券A,债券型
016360,恒生前海恒源丰利债券C,债券型
016361,工银货币B,货币型
016362,建信中证同业存单AAA指数7天持有,指数型
016363,招商中证红利ETF联接E,指数型
016366,东方红中证同业存单AAA指数7天持有,指数型
016367,嘉实多利收益债券C,债券型
016368,博时稳健优选三个月持有混合(FOF)A,FOF
016369,博时稳健优选三个月持有混合(FOF)C,FOF
016370,信澳业绩驱动混合A,混合型
016371,信澳业绩驱动混合C,混合型
016372,信澳匠心严选一年持有混合A,混合型
016373,信澳匠心严选一年持有混合C,混合型
016374,华泰柏瑞新金融地产混合C,混合型
016375,招商裕泰混合,混合型
016376,易米和丰债券A,债券型
016377,易米和丰债券C,债券型
016378,太平消费升级一年持有A,混合型
016379,太平消费升级一年持有C,混合型
016384,永赢消费鑫选6个月持有混合A,混合型
016385,永赢消费鑫选6个月持有混合C,混合型
016386,永赢低碳环保智选混合发起A,混合型
016387,永赢低碳环保智选混合发起C,混合型
016388,汇安均衡成长混合A,混合型
016389,汇安均衡成长混合C,混合型
016390,易米研究精选混合发起A,混合型
016391,易米研究精选混合发起C,混合型
016394,天弘睿享3个月持有混合发起(FOF)A,FOF
016395,天弘睿享3个月持有混合发起(FOF)C,FOF
016396,交银稳益短债债券A,债券型
016397,交银稳益短债债券C,债券型
016398,九泰锐益混合(LOF)C,混合型
016399,九泰久睿量化股票C,股票型
016400,摩根智选30混合C,混合型
016401,摩根大盘蓝筹股票C,股票型
016402,摩根内需动力混合C,混合型
016403,财通多利债券E,债券型
016404,大成景泽中短债债券A,债券型
016405,大成景泽中短债债券C,债券型
016406,格林泓旭利率债,债券型
016407,中泰稳固30天持有中短债A,债券型
016408,中泰稳固30天持有中短债C,债券型
016409,永赢中证同业存单AAA指数7天持有,指数型
016410,鹏扬中证同业存单AAA指数7天持有,指数型
016411,招商添文1年定开债发起,债券型
016412,兴合安平六个月持有债券A,债券型
016413,兴合安平六个月持有债券C,债券型
016414,万家鑫耀纯债A,债券型
016415,万家鑫耀纯债C,债券型
016416,南方稳鑫6个月持有债券A,债券型
016417,南方稳鑫6个月持有债券C,债券型
016418,摩根创新商业模式混合C,混合型
016419,国泰安璟债券A,债券型
016420,国泰安璟债券C,债券型
016421,万家惠利债券A,债券型
016422,万家惠利债券C,债券型
016424,广发集汇债券A,债券型
016425,广发集汇债券C,债券型
016426,国泰信瑞纯债债券,债券型
016427,汇添富丰利短债D,债券型
016428,汇添富稳利60天短债D,债券型
016429,华夏快线货币A,货币型
016430,华夏快线货币B,货币型
016431,中海丰盈三个月定期开放债券,债券型
016432,财通资管睿兴债券A,债券型
016433,财通资管睿兴债券C,债券型
016438,鑫元惠丰纯债债券A,债券型
016439,鑫元惠丰纯债债券C,债券型
016440,华夏中证红利质量ETF发起式联接A,指数型
016441,华夏中证红利质量ETF发起式联接C,指数型
016442,中信建投景益债券A,债券型
016443,中信建投景益债券C,债券型
016444,中泰研究精选6个月持有股票A,股票型
016445,中泰研究精选6个月持有股票C,股票型
016446,财通资管现金聚财货币,货币型
016447,平安双盈添益债券A,债券型
016448,平安双盈添益债券C,债券型
016449,南方新材料股票发起A,股票型
016450,南方新材料股票发起C,股票型
016451,博远增睿纯债债券A,债券型
016452,南方纳斯达克100指数发起(QDII)A,指数型
016453,南方纳斯达克100指数发起(QDII)C,指数型
016454,诺安均衡优选一年持有混合A,混合型
016455,诺安均衡优选一年持有混合C,混合型
016456,蜂巢中债1-5年政策性金融债A,指数型
016457,蜂巢中债1-5年政策性金融债C,指数型
016460,兴全优选平衡三个月持有混合(FOF)C,FOF
016461,华宝核心优势混合C,混合型
016462,华宝生态中国混合C,混合型
016463,华宝万物互联混合C,混合型
016464,兴全合瑞混合A,混合型
016465,兴全合瑞混合C,混合型
016466,国泰海通量化选股混合发起A,混合型
016467,国泰海通量化选股混合发起C,混合型
016468,华安鼎丰债券发起式C,债券型
016470,广发生物科技指数人民币(QDII)C,指数型
016471,广发生物科技指数美元(QDII)C,指数型
016472,天弘增益回报债券发起式D,债券型
016473,景顺长城景丰货币E,货币型
016474,交银稳固收益债券C,债券型
016475,大成新兴活力混合A,混合型
016476,大成新兴活力混合C,混合型
016477,光大专精特新混合A,混合型
016478,光大专精特新混合C,混合型
016479,易方达裕丰回报债券C,债券型
016481,兴全恒信债券A,债券型
016482,兴全恒信债券C,债券型
016483,国泰利盈60天滚动持有中短债A,债券型
016484,国泰利盈60天滚动持有中短债C,债券型
016485,中欧成长先锋混合A,混合型
016486,中欧成长先锋混合C,混合型
016490,华安慧萃组合精选3个月持有混合(FOF)C,FOF
016491,华安事件驱动量化混合C,混合型
016492,南方均衡成长混合A,混合型
016493,南方均衡成长混合C,混合型
016494,农银新能源主题C,混合型
016495,景顺长城中证港股通科技ETF发起联接A,指数型
016496,景顺长城中证港股通科技ETF发起联接C,指数型
016497,建信鑫享短债债券D,债券型
016498,易方达MSCI中国A50互联互通量化增强A,指数型
016499,易方达MSCI中国A50互联互通量化增强C,指数型
016500,华夏半导体龙头混合发起A,混合型
016501,华夏半导体龙头混合发起C,混合型
016502,永赢新兴消费智选混合发起A,混合型
016503,永赢新兴消费智选混合发起C,混合型
016504,广发核心竞争力混合A,混合型
016505,广发核心竞争力混合C,混合型
016506,太平绿色纯债一年定开债发起,债券型
016507,长城数字经济混合A,混合型
016508,长城数字经济混合C,混合型
016510,嘉实年年红一年持有债券发起A,债券型
016511,嘉实年年红一年持有债券发起C,债券型
016512,嘉实长三角ESG纯债债券,债券型
016513,招商安嘉债券,债券型
016514,创金合信信用红利债券E,债券型
016515,申万菱信智能生活量化选股混合型发起式A,混合型
016516,申万菱信智能生活量化选股混合型发起式C,混合型
016517,华泰紫金创新成长混合发起A,混合型
016518,华泰紫金创新成长混合发起C,混合型
016519,华安新回报混合C,混合型
016520,中银稳进策略混合C,混合型
016523,华安科技创新混合C,混合型
016524,招商均衡成长混合A,混合型
016525,招商均衡成长混合C,混合型
016526,招商鑫诚短债A,债券型
016527,招商鑫诚短债C,债券型
016528,广发稳宏一年持有混合A,混合型
016529,广发稳宏一年持有混合C,混合型
016530,鹏华碳中和主题混合A,混合型
016531,鹏华碳中和主题混合C,混合型
016532,嘉实纳斯达克100ETF发起联接(QDII)A人民币,指数型
016533,嘉实纳斯达克100ETF发起联接(QDII)C人民币,指数型
016534,嘉实纳斯达克100ETF发起联接(QDII)A美元现汇,指数型
016535,嘉实纳斯达克100ETF发起联接(QDII)C美元现汇,指数型
016536,中加颐享纯债债券C,债券型
016537,上银慧鑫利债券,债券型
016538,国泰聚瑞纯债债券C,债券型
016539,国泰丰盈纯债债券C,债券型
016540,中加颐鑫纯债债券C,债券型
016541,交银启衡混合A,混合型
016542,交银启衡混合C,混合型
016545,交银稳进回报六个月持有期混合A,混合型
016546,交银稳进回报六个月持有期混合C,混合型
016547,大成盛享一年持有混合A,混合型
016548,大成盛享一年持有混合C,混合型
016549,永赢消费龙头智选混合发起A,混合型
016550,永赢消费龙头智选混合发起C,混合型
016551,诺德策略回报股票A,股票型
016552,诺德策略回报股票C,股票型
016553,南方鑫悦15个月持有混合A,混合型
016554,南方鑫悦15个月持有混合C,混合型
016556,万家量化睿选混合C,混合型
016557,长盛安鑫中短债E,债券型
016558,安信洞见成长混合A,混合型
016559,安信洞见成长混合C,混合型
016560,永赢启源混合发起A,混合型
016561,永赢启源混合发起C,混合型
016562,鹏华精选成长混合C,混合型
016563,金鹰红利价值混合C,混合型
016564,华安安顺灵活配置混合C,混合型
016565,中银活期宝货币B,货币型
016566,嘉实中证电池主题ETF发起联接A,指数型
016567,嘉实中证电池主题ETF发起联接C,指数型
016568,嘉实碳中和主题混合A,混合型
016569,嘉实碳中和主题混合C,混合型
016570,嘉实价值丰润混合A,混合型
016571,嘉实价值丰润混合C,混合型
016572,招商中证银行AH价格优选ETF发起式联接A,指数型
016573,招商中证银行AH价格优选ETF发起式联接C,指数型
016574,泓德添利货币C,货币型
016575,国泰合融纯债债券C,债券型
016576,民生加银瑞丰一年定开债券发起,债券型
016579,长安宏观策略混合C,混合型
016580,万家双利债券C,债券型
016581,嘉实上海金ETF发起联接A,指数型
016582,嘉实上海金ETF发起联接C,指数型
016583,汇添富鑫润纯债A,债券型
016584,汇添富鑫润纯债C,债券型
016585,富国汇泽一年定开债A,债券型
016586,富国汇泽一年定开债C,债券型
016587,浦银安盛中证同业存单AAA指数7天持有,指数型
016588,富国融甄混合A,混合型
016589,富国融甄混合C,混合型
016590,富国汽车智选混合A,混合型
016591,富国汽车智选混合C,混合型
016592,长城远见成长混合A,混合型
016593,长城远见成长混合C,混合型
016594,易方达安心回馈混合C,混合型
016595,方正富邦稳禧一年定开债券发起,债券型
016596,民生加银月月乐30天持有短债A,债券型
016597,民生加银月月乐30天持有短债C,债券型
016598,万家鑫安纯债债券E,债券型
016599,富国睿利定开混合发起C,混合型
016600,万家品质生活混合C,混合型
016601,兴业睿信一年定开债券发起式,债券型
016603,国泰农惠定期开放债券C,债券型
016604,国泰嘉睿纯债债券C,债券型
016605,财通资管臻享成长混合A,混合型
016606,财通资管臻享成长混合C,混合型
016607,中金安盈90天持有中短债A,债券型
016608,中金安盈90天持有中短债C,债券型
016609,鹏华丰启债券,债券型
016610,富国稳健添盈债券A,债券型
016611,富国稳健添盈债券C,债券型
016612,长盛盛远债券A,债券型
016613,长盛盛远债券C,债券型
016614,中欧尊悦一年定开债券发起,债券型
016615,国泰润泰纯债债券C,债券型
016616,国泰估值优势混合(LOF)C,混合型
016617,国泰价值优选灵活配置混合(LOF)C,混合型
016618,国融添益增强债券A,债券型
016619,国融添益增强债券C,债券型
016620,万家颐和灵活配置混合C,混合型
016621,平安盈诚积极配置6个月持有混合(FOF)A,FOF
016622,平安盈诚积极配置6个月持有混合(FOF)C,FOF
016623,银华卓信成长精选混合A,混合型
016624,银华卓信成长精选混合C,混合型
016625,长城中证同业存单AAA指数7天持有,指数型
016626,汇添富创新成长混合A,混合型
016627,汇添富创新成长混合C,混合型
016628,广发添财60天持有债券A,债券型
016629,广发添财60天持有债券C,债券型
016630,易方达中证1000ETF联接A,指数型
016631,易方达中证1000ETF联接C,指数型
016632,华泰柏瑞行业优选6个月持有期混合A,混合型
016633,富国中证1000ETF联接A,指数型
016634,富国中证1000ETF联接C,指数型
016635,国联安气候变化混合A,混合型
016636,汇添富稳安三个月持有债券B,债券型
016637,博道和瑞多元稳健6个月持有混合A,混合型
016638,博道和瑞多元稳健6个月持有混合C,混合型
016639,南方达元债券A,债券型
016640,南方达元债券C,债券型
016641,华商稳健泓利一年持有期混合A,混合型
016642,华商稳健泓利一年持有期混合C,混合型
016643,南方中证1000ETF发起联接E,指数型
016644,国泰瑞悦3个月持有债券(FOF),FOF
016645,富国恒享回报12个月持有混合A,混合型
016646,富国恒享回报12个月持有混合C,混合型
016649,广发养老目标2045三年持有混合发起式(FOF)A,FOF
016650,易方达优势风华六个月持有混合(FOF),FOF
016653,华泰柏瑞行业优选6个月持有期混合C,混合型
016654,鹏扬景泽一年持有混合A,混合型
016655,鹏扬景泽一年持有混合C,混合型
016656,汇丰晋信丰宁三个月定开债券A,债券型
016657,汇丰晋信丰宁三个月定开债券C,债券型
016658,兴华安裕利率债A,债券型
016659,兴华安裕利率债C,债券型
016660,招商和惠养老目标日期2045五年持有期混合发起式(FOF)A,FOF
016661,华商鸿丰纯债,债券型
016662,平安元福短债发起式A,债券型
016663,平安元福短债发起式C,债券型
016664,天弘全球高端制造混合(QDII)A,QDII
016665,天弘全球高端制造混合(QDII)C,QDII
016666,英大延福养老目标2040三年持有混合发起(FOF)A,FOF
016667,景顺长城全球半导体芯片股票A(QDII-LOF)(美元现汇),QDII
016668,景顺长城全球半导体芯片股票C(QDII-LOF)(人民币),QDII
016669,招商和享均衡养老三年持有期混合(FOF)A,FOF
016670,博时恒耀债券A,债券型
016671,博时恒耀债券C,债券型
016672,汇安嘉裕纯债债券C,债券型
016673,华安鼎津一年定开债发起式,债券型
016674,永赢安泰中短债A,债券型
016675,永赢安泰中短债C,债券型
016676,南方君誉混合A,混合型
016677,南方君誉混合C,混合型
016678,贝莱德浦悦丰利混合A,混合型
016679,贝莱德浦悦丰利混合C,混合型
016680,中金中证500ESG指数增强A,指数型
016681,中金中证500ESG指数增强C,指数型
016682,天弘广盈六个月持有混合A,混合型
016683,天弘广盈六个月持有混合C,混合型
016684,国联中证同业存单AAA指数7天持有,指数型
016687,创金合信中债长三角中高等级信用债指数A,指数型
016688,创金合信中债长三角中高等级信用债指数C,指数型
016689,中银淳享一年定开债券发起式,债券型
016690,鹏华沪深300指数增强C,指数型
016691,华安众盈中短债发起式A,债券型
016692,华安众盈中短债发起式C,债券型
016693,渤海汇金30天滚动持有中短债发起A,债券型
016694,渤海汇金30天滚动持有中短债发起C,债券型
016695,天弘招利短债A,债券型
016696,天弘招利短债C,债券型
016699,易方达丰和债券C,债券型
016701,银华海外数字经济量化选股混合发起式(QDII)A,QDII
016702,银华海外数字经济量化选股混合发起式(QDII)C,QDII
016703,兴业品质睿选混合发起式A,混合型
016704,兴业品质睿选混合发起式C,混合型
016707,华夏有色金属ETF联接A,指数型
016708,华夏有色金属ETF联接C,指数型
016709,泉果旭源三年持有期混合A,混合型
016710,泉果旭源三年持有期混合C,混合型
016711,贝莱德欣悦丰利债券A,债券型
016712,贝莱德欣悦丰利债券C,债券型
016713,长信均衡策略一年持有混合A,混合型
016714,长信均衡策略一年持有混合C,混合型
016715,建信渤泰债券A,债券型
016716,建信渤泰债券C,债券型
016717,中银中短债债券A,债券型
016718,中银中短债债券C,债券型
016719,富国稳健双盈债券发起式A,债券型
016720,富国稳健双盈债券发起式C,债券型
016721,前海开源高端装备制造混合C,混合型
016722,国泰海通安弘六个月定开债券,债券型
016723,广发安腾稳健6个月持有混合(FOF)A,FOF
016724,广发安腾稳健6个月持有混合(FOF)C,FOF
016725,农银品质农业股票A,股票型
016726,农银品质农业股票C,股票型
016727,鑫元嘉利一年定开债发起式,债券型
016728,华安乾煜债券发起式C,债券型
016729,长信中证科创创业50指数增强A,指数型
016730,长信中证科创创业50指数增强C,指数型
016731,南方浩升稳健优选6个月持有混合(FOF)A,FOF
016732,南方浩升稳健优选6个月持有混合(FOF)C,FOF
016734,安信永泽一年定开债券发起式,债券型
016737,嘉实领航聚优积极配置6个月持有混合(FOF)A,FOF
016738,嘉实领航聚优积极配置6个月持有混合(FOF)C,FOF
016739,嘉实领航聚利稳健配置6个月持有期混合发起(FOF)C,FOF
016742,华安大中华升级股票(QDII)C,QDII
016743,长城永利债券A,债券型
016744,长城永利债券C,债券型
016745,大摩18个月定开债A,债券型
016746,浦银安盛光耀优选混合A,混合型
016747,浦银安盛光耀优选混合C,混合型
016748,申万菱信稳鑫60天滚动持有中短债债券A,债券型
016749,申万菱信稳鑫60天滚动持有中短债债券C,债券型
016750,申万菱信安泰永利利率债一年定开债发起式,债券型
016751,博时精选混合C,混合型
016752,中信建投景信债券A,债券型
016753,中信建投景信债券C,债券型
016754,方正富邦均衡精选混合A,混合型
016755,方正富邦均衡精选混合C,混合型
016758,东吴中证同业存单AAA指数7天持有,指数型
016759,东吴添利三个月定开债券A,债券型
016760,东吴添利三个月定开债券C,债券型
016761,嘉合锦荣混合A,混合型
016762,嘉合锦荣混合C,混合型
016765,百嘉百盈纯债债券,债券型
016766,中欧行业景气一年持有混合A,混合型
016767,中欧行业景气一年持有混合C,混合型
016768,华安盈瑞稳健优选6个月持有混合(FOF)A,FOF
016769,华安盈瑞稳健优选6个月持有混合(FOF)C,FOF
016770,华安盈安稳健优选3个月持有债券(FOF)A,FOF
016771,华安盈安稳健优选3个月持有债券(FOF)C,FOF
016772,诺德兴新趋势混合A,混合型
016773,诺德兴新趋势混合C,混合型
016774,中信建投红利智选混合A,混合型
016775,中信建投红利智选混合C,混合型
016776,嘉实中证1000指数增强发起A,指数型
016777,嘉实中证1000指数增强发起C,指数型
016778,长城收益宝货币C,货币型
016779,招商安华债券D,债券型
016780,国投瑞银锐意改革混合C,混合型
016781,湘财研究精选一年持有期混合A,混合型
016782,湘财研究精选一年持有期混合C,混合型
016783,平安养老目标日期2050三年持有发起式(FOF),FOF
016785,鹏华中证1000指数增强A,指数型
016786,鹏华中证1000指数增强C,指数型
016787,万家家享中短债D,债券型
016788,万家国证2000ETF发起联接A,指数型
016789,万家国证2000ETF发起联接C,指数型
016790,招商鑫利中短债债券A,债券型
016791,招商鑫利中短债债券C,债券型
016792,浙商汇金聚兴一年定开债券发起式,债券型
016793,大成惠昭一年定开债发起,债券型
016794,华安沣裕债券A,债券型
016795,华安沣裕债券C,债券型
016796,长安鑫富领先混合C,混合型
016797,嘉实双利债券A,债券型
016798,嘉实双利债券C,债券型
016799,建信鑫和30天持有期债券A,债券型
016800,建信鑫和30天持有期债券C,债券型
016801,创金合信怡久回报债券A,债券型
016802,创金合信怡久回报债券C,债券型
016803,摩根双息平衡混合C,混合型
016804,格林聚享增强债券A,债券型
016805,格林聚享增强债券C,债券型
016806,华宝安融六个月持有期债券A,债券型
016807,华宝安融六个月持有期债券C,债券型
016808,嘉合磐益纯债A,债券型
016809,嘉合磐益纯债C,债券型
016810,信澳博见成长一年定期开放混合A,混合型
016811,信澳博见成长一年定期开放混合C,混合型
016812,长信稳航30天持有中短债债券A,债券型
016813,长信稳航30天持有中短债债券C,债券型
016814,国联中证煤炭指数C,指数型
016815,国联国证钢铁指数C,指数型
016816,兴业120天滚动持有债券A,债券型
016817,兴业120天滚动持有债券C,债券型
016818,鹏华睿进一年持有期混合A,混合型
016819,鹏华睿进一年持有期混合C,混合型
016820,长信先优债券C,债券型
016823,天弘全球新能源汽车股票(QDII-LOF)C,QDII
016826,安信稳健启航一年持有混合A,混合型
016827,安信稳健启航一年持有混合C,混合型
016830,广发恒裕一年持有期混合A,混合型
016831,广发恒裕一年持有期混合C,混合型
016832,东方红锦惠甄选18个月持有混合A,混合型
016833,东方红锦惠甄选18个月持有混合C,混合型
016834,东方红共赢甄选一年持有混合A,混合型
016835,东方红共赢甄选一年持有混合C,混合型
016836,国泰中证基建ETF发起联接A,指数型
016837,国泰中证基建ETF发起联接C,指数型
016838,国新国证鑫颐中短债A,债券型
016839,国新国证鑫颐中短债C,债券型
016840,博道惠泰优选混合A,混合型
016841,博道惠泰优选混合C,混合型
016842,嘉实中证全指证券公司ETF发起联接A,指数型
016843,嘉实中证全指证券公司ETF发起联接C,指数型
016844,红土创新稳益6个月持有期混合A,混合型
016845,红土创新稳益6个月持有期混合C,混合型
016847,中欧高端装备股票发起A,股票型
016848,中欧高端装备股票发起C,股票型
016849,建信优享进取养老目标五年持有期混合发起(FOF)A,FOF
016850,中欧颐利债券A,债券型
016851,中欧颐利债券C,债券型
016852,大成中证同业存单AAA指数7天持有,指数型
016853,浙商双月鑫60天滚动持有中短债E,债券型
016854,汇添富中证500指数增强C,指数型
016855,汇添富稳福60天滚动持有中短债B,债券型
016856,银河景气行业混合A,混合型
016857,银河景气行业混合C,混合型
016858,国金量化多因子股票C,股票型
016859,中加中债-新综合债券指数发起,指数型
016860,民生加银中证同业存单AAA指数7天持有,指数型
016863,华安招裕一年持有混合A,混合型
016864,华安招裕一年持有混合C,混合型
016865,华泰紫金中证500指数增强发起A,指数型
016866,华泰紫金中证500指数增强发起C,指数型
016869,景顺长城稳健增益债券A,债券型
016870,景顺长城稳健增益债券C,债券型
016871,华富吉富30天滚动持有中短债A,债券型
016872,华富吉富30天滚动持有中短债C,债券型
016873,广发远见智选混合A,混合型
016874,广发远见智选混合C,混合型
016875,交银稳安30天滚动持有债券A,债券型
016876,交银稳安30天滚动持有债券C,债券型
016877,长信稳恒债券A,债券型
016878,长信稳恒债券C,债券型
016879,招商中证上海环交所碳中和ETF发起式联接A,指数型
016880,招商中证上海环交所碳中和ETF发起式联接C,指数型
016881,山证资管裕景30天持有期债券发起式A,债券型
016882,山证资管裕景30天持有期债券发起式C,债券型
016883,山证资管裕鑫180天持有期债券发起式A,债券型
016884,山证资管裕鑫180天持有期债券发起式C,债券型
016885,山证资管裕泽债券发起式A,债券型
016886,山证资管裕泽债券发起式C,债券型
016887,富国中证上海环交所碳中和ETF联接A,指数型
016888,富国中证上海环交所碳中和ETF联接C,指数型
016889,鹏华稳健增利债券A,债券型
016890,鹏华稳健增利债券C,债券型
016891,鹏华中证中药ETF联接A,指数型
016892,鹏华中证中药ETF联接C,指数型
016895,中银卓越成长混合A,混合型
016896,中银卓越成长混合C,混合型
016897,广发中证上海环交所碳中和ETF发起式联接A,指数型
016898,广发中证上海环交所碳中和ETF发起式联接C,指数型
016899,易方达中证上海环交所碳中和ETF联接A,指数型
016900,易方达中证上海环交所碳中和ETF联接C,指数型
016901,工银四季收益债券C,债券型
016902,鑫元欣悦混合A,混合型
016903,鑫元欣悦混合C,混合型
016904,华夏安益短债债券A,债券型
016905,华夏安益短债债券C,债券型
016906,景顺长城品质投资混合C,混合型
016907,国泰海通善吾养老目标2045五年持有混合发起(FOF)A,FOF
016914,博时富泽金融债A,债券型
016915,中金华证清洁能源指数发起A,指数型
016916,中金华证清洁能源指数发起C,指数型
016917,南方中证上海环交所碳中和ETF联接A,指数型
016918,南方中证上海环交所碳中和ETF联接C,指数型
016919,摩根智慧互联股票C,股票型
016920,摩根整合驱动混合C,混合型
016921,摩根香港精选港股通混合C,混合型
016922,英大延福养老目标2055三年持有混合发起(FOF),FOF
016923,金鹰添兴一年定开债券发起式,债券型
016924,广发百发大数据价值混合C,混合型
016925,华夏鼎辉债券A,债券型
016926,华夏鼎辉债券C,债券型
016927,诺德惠享稳健三个月持有混合(FOF),FOF
016928,万家鑫怡债券A,债券型
016929,万家鑫怡债券C,债券型
016930,国泰惠盈纯债债券C,债券型
016931,国泰惠富纯债债券C,债券型
016932,国泰丰祺纯债债券C,债券型
016933,景顺长城睿丰短债A,债券型
016934,景顺长城睿丰短债C,债券型
016935,景顺长城中证500指数增强C,指数型
016936,博时中证1000指数增强A,指数型
016937,博时中证1000指数增强C,指数型
016938,南方中证长江保护主题ETF联接A,指数型
016939,南方中证长江保护主题ETF联接C,指数型
016940,国联安鸿利短债债券A,债券型
016941,国联安鸿利短债债券C,债券型
016942,工银中证1000指数增强A,指数型
016943,工银中证1000指数增强C,指数型
016945,中泰ESG主题6个月持有混合发起,混合型
016946,国泰海通善元稳健养老一年持有混合发起(FOF)A,FOF
016947,国泰利安中短债债券A,债券型
016948,国泰利安中短债债券C,债券型
016949,泰信添瑞债券A,债券型
016950,鹏华睿投混合C,混合型
016951,鹏华丰顺债券A,债券型
016952,鹏华中证港股通消费ETF联接A,指数型
016953,鹏华中证港股通消费ETF联接C,指数型
016954,万家和谐增长混合C,混合型
016955,国联恒润纯债A,债券型
016956,国联恒润纯债C,债券型
016957,招商安颐稳健债券A,债券型
016958,招商安颐稳健债券C,债券型
016959,财通资管睿安债券A,债券型
016960,财通资管睿安债券C,债券型
016961,浙商汇金平稳增长一年混合,混合型
016962,国联安中证1000指数增强A,指数型
016963,国联安中证1000指数增强C,指数型
016964,富国鑫汇养老目标日期2035三年持有期混合发起式(FOF)A,FOF
016965,中银乐享债券,债券型
016966,博时岁岁增利一年持有期债券C,债券型
016967,南方旺元60天滚动持有中短债E,债券型
016968,兴业中证500ETF发起式联接A,指数型
016969,兴业中证500ETF发起式联接C,指数型
016970,华夏恒生生物科技ETF发起式联接(QDII)A,指数型
016971,华夏恒生生物科技ETF发起式联接(QDII)C,指数型
016972,华夏鑫逸优选18个月持有混合(FOF)A,FOF
016973,华夏鑫逸优选18个月持有混合(FOF)C,FOF
016974,招商智安稳健配置1年持有期混合(FOF)A,FOF
016975,招商智安稳健配置1年持有期混合(FOF)C,FOF
016978,博时均衡优选混合A,混合型
016979,博时均衡优选混合C,混合型
016980,华安锐进积极配置一年持有混合(FOF),FOF
016981,银河核心优势混合C,混合型
016983,华泰柏瑞安盛一年持有期债券A,债券型
016984,华泰柏瑞安盛一年持有期债券C,债券型
016985,英大延福养老目标2035三年持有混合发起(FOF),FOF
016986,淳厚瑞和债券A,债券型
016987,淳厚瑞和债券C,债券型
016988,景顺长城大中华混合(QDII)C人民币,QDII
016989,广发富信优选六个月持有混合(FOF)A,FOF
016990,广发富信优选六个月持有混合(FOF)C,FOF
016991,广发招阳两年持有混合(FOF)A,FOF
016992,广发招阳两年持有混合(FOF)C,FOF
016993,长江惠盈9个月持有债券发起式A,债券型
016994,长江惠盈9个月持有债券发起式C,债券型
016995,华泰紫金安恒平衡配置混合发起A,混合型
016996,华泰紫金安恒平衡配置混合发起C,混合型
016997,创金合信产业臻选平衡混合A,混合型
016998,创金合信产业臻选平衡混合C,混合型
016999,上银聚嘉益一年定开债券发起式,债券型
017000,格林港股通臻选混合A,混合型
017001,格林港股通臻选混合C,混合型
017004,上银恒睿养老目标2045三年持有混合发起式(FOF),FOF
017005,中银价值混合C,混合型
017006,永赢月月享30天持有期短债A,债券型
017007,永赢月月享30天持有期短债C,债券型
017008,诺德中短债债券A,债券型
017009,诺德中短债债券C,债券型
017010,摩根天添盈货币C,货币型
017011,广发安润一年持有期混合A,混合型
017012,广发安润一年持有期混合C,混合型
017015,博时五月佳5个月持有混合发起式(FOF)A,FOF
017016,博时五月佳5个月持有混合发起式(FOF)C,FOF
017017,农银瑞泽添利债券A,债券型
017018,农银瑞泽添利债券C,债券型
017023,信澳颐宁养老目标一年持有期混合(FOF)A,FOF
017024,天弘通享债券发起A,债券型
017025,天弘通享债券发起C,债券型
017026,鑫元鑫领航混合A,混合型
017027,鑫元鑫领航混合C,混合型
017028,国泰标普500ETF发起联接(QDII)A人民币,指数型
017030,国泰标普500ETF发起联接(QDII)C人民币,指数型
017032,南方浩达稳健优选一年持有混合(FOF)A,FOF
017033,南方浩达稳健优选一年持有混合(FOF)C,FOF
017034,中信建投科技主题6个月持有混合A,混合型
017035,中信建投科技主题6个月持有混合C,混合型
017036,嘉实低碳精选混合发起式A,混合型
017037,嘉实低碳精选混合发起式C,混合型
017038,富国中证1000优选股票A,股票型
017039,富国中证1000优选股票C,股票型
017040,长安沪深300非周期C,指数型
017041,富国碳中和混合A,混合型
017042,富国碳中和混合C,混合型
017043,汇添富品质价值混合,混合型
017044,新华聚利债券E,债券型
017045,达诚腾益债券A,债券型
017046,达诚腾益债券C,债券型
017047,华泰柏瑞益享债券,债券型
017048,富安达产业优选混合A,混合型
017049,富安达产业优选混合C,混合型
017050,金鹰优选配置三个月持有混合发起(FOF)A,FOF
017051,金鹰优选配置三个月持有混合发起(FOF)C,FOF
017052,蜂巢丰启一年定开债券发起式,债券型
017053,南方ESG纯债债券发起A,债券型
017054,工银稳健丰润90天持有中短债A,债券型
017055,工银稳健丰润90天持有中短债C,债券型
017056,嘉实国证绿色电力ETF发起联接A,指数型
017057,嘉实国证绿色电力ETF发起联接C,指数型
017058,国泰海通90天滚动持有中短债A,债券型
017059,国泰海通90天滚动持有中短债C,债券型
017060,兴业聚福一年持有期混合A,混合型
017061,兴业聚福一年持有期混合C,混合型
017062,汇添富全额宝货币C,货币型
017063,申万菱信乐成混合A,混合型
017064,申万菱信乐成混合C,混合型
017067,申万菱信中证1000指数增强A,指数型
017068,申万菱信中证1000指数增强C,指数型
017071,申万菱信全球新能源股票型发起式(QDII)A,QDII
017072,申万菱信全球新能源股票型发起式(QDII)C,QDII
017073,嘉实清洁能源股票发起式A,股票型
017074,嘉实清洁能源股票发起式C,股票型
017075,宝盈半导体产业混合发起式A,混合型
017076,宝盈半导体产业混合发起式C,混合型
017079,格林鑫利六个月持有期混合A,混合型
017080,格林鑫利六个月持有期混合C,混合型
017083,鹏华安锦一年持有期混合A,混合型
017084,鹏华安锦一年持有期混合C,混合型
017085,南方浩祥3个月持有债券发起(FOF)A,FOF
017086,嘉实ESG可持续投资混合A,混合型
017087,嘉实ESG可持续投资混合C,混合型
017090,景顺长城能源基建混合C,混合型
017091,景顺长城纳斯达克科技ETF联接(QDII)A人民币,指数型
017092,景顺长城纳斯达克科技ETF联接(QDII)A美元现汇,指数型
017093,景顺长城纳斯达克科技ETF联接(QDII)C人民币,指数型
017094,易方达中证1000量化增强A,指数型
017095,易方达中证1000量化增强C,指数型
017098,摩根领先优选混合C,混合型
017099,摩根民生需求股票C,股票型
017100,华宝宝通30天持有期短债A,债券型
017101,华宝宝通30天持有期短债C,债券型
017102,大摩数字经济混合A,混合型
017103,大摩数字经济混合C,混合型
017104,光大中证同业存单AAA指数7天持有,指数型
017105,光大荣利纯债债券A,债券型
017106,光大荣利纯债债券C,债券型
017109,海富通瑞福债券C,债券型
017110,景顺长城新兴成长混合C,混合型
017111,申万菱信中证同业存单AAA指数7天持有,指数型
017112,嘉实优享生活混合A,混合型
017113,嘉实优享生活混合C,混合型
017114,浦银安盛景气优选混合A,混合型
017115,浦银安盛景气优选混合C,混合型
017118,浦银安盛安荣回报一年持有混合A,混合型
017119,浦银安盛安荣回报一年持有混合C,混合型
017120,华安添勤债券,债券型
017121,南方贤元一年持有债券A,债券型
017122,南方贤元一年持有债券C,债券型
017123,景顺长城景泰臻利纯债债券A,债券型
017124,景顺长城景泰臻利纯债债券C,债券型
017125,华宝中证港股通互联网ETF发起联接A,指数型
017126,华宝中证港股通互联网ETF发起联接C,指数型
017127,工银瑞嘉一年定开债券A,债券型
017128,工银瑞嘉一年定开债券C,债券型
017129,嘉实致泰一年定开纯债债券发起式,债券型
017130,国投瑞银比较优势一年持有混合A,混合型
017131,国投瑞银比较优势一年持有混合C,混合型
017132,中银新能源产业股票A,股票型
017133,中银新能源产业股票C,股票型
017134,博道和祥多元稳健债券A,债券型
017135,博道和祥多元稳健债券C,债券型
017136,长盛中证同业存单AAA指数7天持有期,指数型
017137,长盛盛逸9个月持有期债券A,债券型
017138,长盛盛逸9个月持有期债券C,债券型
017139,国投瑞银顺立纯债债券,债券型
017140,华宝中证有色金属ETF发起式联接A,指数型
017141,华宝中证有色金属ETF发起式联接C,指数型
017142,华宝远见回报混合A,混合型
017143,华宝远见回报混合C,混合型
017144,华宝海外新能源汽车股票发起式(QDII)A,QDII
017145,华宝海外新能源汽车股票发起式(QDII)C,QDII
017146,永赢恒欣稳健养老目标三年持有混合(FOF)A,FOF
017147,嘉实积极配置一年持有混合A,混合型
017148,嘉实积极配置一年持有混合C,混合型
017149,天弘稳健回报债券发起A,债券型
017150,天弘稳健回报债券发起C,债券型
017151,华夏泰兴混合C,混合型
017152,汇添富鑫悦纯债A,债券型
017153,汇添富鑫悦纯债C,债券型
017154,民生加银专精特新智选混合发起式A,混合型
017155,民生加银专精特新智选混合发起式C,混合型
017156,易方达岁丰添利债券(LOF)C,债券型
017157,华富匠心领航18个月持有期混合A,混合型
017158,华富匠心领航18个月持有期混合C,混合型
017159,融通增鑫债券C,债券型
017160,中欧颐享平衡养老目标三年持有混合发起(FOF)A,FOF
017161,汇添富中证1000ETF联接A,指数型
017162,汇添富中证1000ETF联接C,指数型
017163,蜂巢添益纯债E,债券型
017164,英大延福养老目标2060三年持有混合发起(FOF),FOF
017165,易米低碳经济股票发起A,股票型
017166,易米低碳经济股票发起C,股票型
017167,景顺长城策略精选灵活配置混合C,混合型
017170,景顺长城优势企业混合C,混合型
017171,长城工资宝货币D,货币型
017172,创金合信季安盈3个月持有期债券A,债券型
017173,创金合信季安盈3个月持有期债券C,债券型
017174,天弘国证绿色电力指数发起A,指数型
017175,天弘国证绿色电力指数发起C,指数型
017176,摩根动态多因子混合C,混合型
017177,摩根新兴服务股票C,股票型
017178,摩根中小盘混合C,混合型
017179,天弘永丰平衡养老目标三年持有混合发起(FOF),FOF
017180,鑫元璟丰债券A,债券型
017181,大成至诚鑫选混合A,混合型
017182,大成至诚鑫选混合C,混合型
017183,中信建投中证同业存单AAA指数7天持有期,指数型
017184,华商嘉逸养老目标2045五年持有混合发起式(FOF),FOF
017185,国泰疫苗与生物科技ETF联接A,指数型
017186,国泰疫苗与生物科技ETF联接C,指数型
017187,国新国证鑫裕央企债六个月定开,债券型
017188,嘉实上证科创板50指数增强发起式A,指数型
017189,嘉实上证科创板50指数增强发起式C,指数型
017190,鑫元中证1000指数增强发起式A,指数型
017191,鑫元中证1000指数增强发起式C,指数型
017192,天弘中证工业有色金属主题ETF发起联接A,指数型
017193,天弘中证工业有色金属主题ETF发起联接C,指数型
017194,建信弘利灵活配置混合C,混合型
017197,华宝新兴成长混合C,混合型
017198,工银安悦稳健养老目标三年持有混合(FOF)A,FOF
017199,广发ESG责任投资混合A,混合型
017200,广发ESG责任投资混合C,混合型
017201,山证资管丰盈180天滚动持有中短债A,债券型
017202,山证资管丰盈180天滚动持有中短债C,债券型
017203,中信保诚薪金宝货币E,货币型
017204,华宝海外科技股票(QDII-LOF)C,QDII
017205,中银智享债券C,债券型
017206,中银嘉享3个月定期开放债券C,债券型
017207,平安惠禧纯债A,债券型
017208,平安惠禧纯债C,债券型
017211,国富焦点驱动混合C,混合型
017212,银华尊尚稳健养老混合(FOF)Y,FOF
017213,汇安资产轮动混合C,混合型
017214,兴华安聚纯债A,债券型
017215,兴华安聚纯债C,债券型
017216,国投瑞银策略智选混合A,混合型
017217,国投瑞银策略智选混合C,混合型
017218,鹏华汽车产业混合发起式A,混合型
017219,鹏华汽车产业混合发起式C,混合型
017220,永赢合嘉一年持有混合A,混合型
017221,永赢合嘉一年持有混合C,混合型
017222,富国中证电池主题ETF发起式联接A,指数型
017223,富国中证电池主题ETF发起式联接C,指数型
017224,国泰悦益六个月持有混合A,混合型
017225,国泰悦益六个月持有混合C,混合型
017228,易方达汇裕积极养老五年持有混合(FOF)A,FOF
017229,交银养老2035三年(FOF)Y,FOF
017230,宝盈价值成长混合A,混合型
017231,宝盈价值成长混合C,混合型
017232,工银稳润一年持有混合A,混合型
017233,工银稳润一年持有混合C,混合型
017234,永赢睿恒混合A,混合型
017235,交银安享稳健养老一年(FOF)Y,FOF
017236,南方富元稳健养老目标一年持有混合(FOF)Y,FOF
017237,天弘永丰稳健养老目标一年持有混合(FOF)Y,FOF
017238,创金合信宁和平衡养老目标三年持有期混合发起(FOF),FOF
017239,鹏华长治稳健养老一年持有期混合(FOF)Y,FOF
017240,中银安康平衡养老目标三年持有混合发起(FOF)Y,FOF
017241,万家平衡养老目标三年(FOF)Y,FOF
017242,南方养老2045三年持有混合(FOF)Y,FOF
017243,中欧预见稳健养老目标一年持有混合(FOF)Y,FOF
017244,南方前瞻动力混合A,混合型
017245,南方前瞻动力混合C,混合型
017246,万家聚优稳健养老目标一年持有混合(FOF)Y,FOF
017247,华夏养老2040三年持有混合(FOF)Y,FOF
017248,华夏养老2045三年持有混合(FOF)Y,FOF
017249,嘉实养老2050混合(FOF)Y,FOF
017250,嘉实养老2030混合(FOF)Y,FOF
017251,工银养老2035三年持有Y,FOF
017252,工银稳健养老一年持有Y,FOF
017253,易方达汇诚养老2043三年持有混合(FOF)Y,FOF
017254,汇添富养老2050五年持有混合(FOF)Y,FOF
017255,易方达汇智稳健养老一年持有混合(FOF)Y,FOF
017256,汇添富养老2030三年持有混合(FOF)Y,FOF
017257,建信优享稳健养老目标一年持有期混合(FOF)Y,FOF
017258,建信普泽养老目标日期2040三年持有混合(FOF)Y,FOF
017259,景顺稳健养老目标三年混合(FOF)Y,FOF
017260,富国鑫旺稳健养老目标一年持有期混合(FOF)Y,FOF
017261,大成成长领航一年持有混合A,混合型
017262,大成成长领航一年持有混合C,混合型
017263,富国鑫旺均衡养老目标三年持有混合发起(FOF)Y,FOF
017264,兴全安悦平衡养老三年持有混合(FOF)A,FOF
017265,招商瑞成1年持有期混合A,混合型
017266,招商瑞成1年持有期混合C,混合型
017267,招商乐颐和惠养老目标日期2035三年持有混合发起式FOF,FOF
017268,天弘养老2035三年(FOF)Y,FOF
017269,兴全货币E,货币型
017270,招商和悦稳健养老一年持有期混合(FOF)Y,FOF
017271,华宝稳健养老(FOF)Y,FOF
017272,招商和惠养老目标2040三年持有期混合(FOF)Y,FOF
017273,银华尊和养老2035混合(FOF)Y,FOF
017274,博时颐泽平衡养老(FOF)Y,FOF
017275,华安养老目标2030三年持有混合发起式(FOF)Y,FOF
017276,华安民享稳健养老目标一年持有混合发起(FOF)Y,FOF
017277,中欧预见养老2035(FOF)Y,FOF
017278,中银安康稳健养老目标一年持有混合(FOF)Y,FOF
017279,广发稳健养老目标一年持有混合(FOF)Y,FOF
017280,广发安泰稳健养老一年持有混合(FOF)Y,FOF
017281,华商嘉悦稳健养老目标一年持有混合发起(FOF)Y,FOF
017282,大成养老2040(FOF)Y,FOF
017283,民生加银康宁稳健养老目标一年持有混合(FOF)Y,FOF
017284,中航瑞苏纯债A,债券型
017285,中航瑞苏纯债C,债券型
017286,中航祥泰6个月封闭债券发起A,债券型
017287,国投瑞银稳健养老目标一年持有混合(FOF)Y,FOF
017288,中欧瑾和灵活配置混合E,混合型
017289,宏利首选企业股票C,股票型
017290,中欧科创主题混合(LOF)C,混合型
017291,申万菱信养老目标日期2045五年持有期混合发起式(FOF),FOF
017292,申万菱信红利量化选股股票A,股票型
017293,申万菱信红利量化选股股票C,股票型
017294,富国鑫年混合(FOF)Y,FOF
017295,长城恒康稳健养老一年持有混合发起式(FOF)Y,FOF
017296,嘉实养老2040混合(FOF)Y,FOF
017297,易方达汇诚养老2033三年持有混合发起(FOF)Y,FOF
017298,汇添富添添鑫多元收益9个月持有混合A,混合型
017299,汇添富添添鑫多元收益9个月持有混合C,混合型
017300,安信数字经济股票发起A,股票型
017301,安信数字经济股票发起C,股票型
017302,国泰民安养老目标日期2040三年持有期混合FOFY,FOF
017303,华安景气领航混合A,混合型
017304,华安景气领航混合C,混合型
017305,国寿安保超短债债券A,债券型
017306,国寿安保超短债债券C,债券型
017307,招商鑫嘉中短债债券A,债券型
017308,招商鑫嘉中短债债券C,债券型
017309,创金合信利泽纯债债券A,债券型
017310,创金合信利泽纯债债券C,债券型
017311,大成景宁一年定开债券,债券型
017314,国泰利享安益短债债券A,债券型
017315,国泰利享安益短债债券C,债券型
017316,易方达汇诚养老2038三年持有混合发起式(FOF)Y,FOF
017317,中欧预见养老2050五年持有(FOF)Y,FOF
017318,中欧预见稳瑞混合(FOF)Y,FOF
017319,嘉实安康稳健养老一年持有混合(FOF)Y,FOF
017320,浦银颐和稳健养老一年(FOF)Y,FOF
017321,浦银安盛颐享稳健养老目标一年持有混合(FOF)Y,FOF
017322,中加安瑞稳健养老目标一年持有混合(FOF)Y,FOF
017323,农银中证1000指数增强A,指数型
017324,农银中证1000指数增强C,指数型
017325,农银鑫享稳健养老一年持有混合(FOF)A,FOF
017326,博时颐泽稳健养老(FOF)Y,FOF
017327,嘉实民安添岁稳健养老一年持有混合(FOF)Y,FOF
017328,永赢季季享90天持有期中短债债券A,债券型
017329,永赢季季享90天持有期中短债债券C,债券型
017330,银河颐年稳健养老一年持有混合(FOF)Y,FOF
017331,易方达汇康稳健养老目标一年持有混合(FOF)Y,FOF
017332,国富稳健养老一年混合(FOF)A,FOF
017333,平安养老目标日期2030一年持有混合(FOF)Y,FOF
017334,平安养老目标日期2035三年持有混合(FOF)Y,FOF
017335,银华尊和养老2030三年持有混合发起式(FOF)Y,FOF
017336,平安稳健养老一年持有混合(FOF)Y,FOF
017337,平安兴诚混合(FOF)Y,FOF
017338,嘉实悦康养老一年持有混合(FOF)Y,FOF
017339,易方达汇欣平衡养老三年持有混合(FOF)Y,FOF
017340,易方达汇智平衡养老目标三年持有混合(FOF)Y,FOF
017341,摩根锦程稳健养老一年持有混合(FOF)Y,FOF
017342,摩根锦程均衡养老三年持有混合(FOF)Y,FOF
017343,万家稳健养老三年持有混合(FOF)Y,FOF
017344,万家养老2035三年持有混合(FOF)Y,FOF
017345,华商嘉悦平衡养老目标三年持有混合发起(FOF)Y,FOF
017346,华商嘉逸养老2040三年持有混合发起式(FOF)Y,FOF
017347,华安稳健养老目标一年持有混合发起式(FOF)Y,FOF
017348,华安优享稳健养老目标一年持有混合发起式(FOF)Y,FOF
017349,华安平衡养老目标三年持有混合发起式(FOF)Y,FOF
017350,华安养老目标2040三年持有混合发起(FOF)Y,FOF
017351,工银养老2040三年持有Y,FOF
017352,工银养老2045三年持有Y,FOF
017353,工银养老2050五年持有Y,FOF
017354,天弘永裕稳健养老一年(FOF)Y,FOF
017355,天弘永裕平衡养老三年持有期混合发起式(FOF)Y,FOF
017356,华夏安康稳健养老目标一年持有混合发起式(FOF)Y,FOF
017357,华夏安盈稳健养老目标一年持有混合(FOF)Y,FOF
017358,南方富瑞稳健养老目标一年持有混合(FOF)Y,FOF
017359,华夏保守养老一年持有混合(FOF)Y,FOF
017360,华夏养老2035(FOF)Y,FOF
017361,汇添富养老2040五年持有混合(FOF)Y,FOF
017362,华夏养老2050五年持有混合发起式(FOF)Y,FOF
017363,华夏稳健养老一年持有混合(FOF)Y,FOF
017364,南方富祥稳健养老目标一年持有混合(FOF)Y,FOF
017365,华夏福源养老2045三年持有混合发起式(FOF)Y,FOF
017366,泰康新锐成长混合C,混合型
017367,汇添富添福睿选稳健养老一年持有混合(FOF)Y,FOF
017368,汇添富添福盈和稳健养老一年持有混合(FOF)Y,FOF
017369,银华尊颐稳健养老目标一年持有混合发起式(FOF)Y,FOF
017370,银华尊和养老2040三年持有混合发起(FOF)Y,FOF
017371,汇添富添福汇盈稳健养老目标一年持有混合(FOF)Y,FOF
017372,汇添富添福增长稳健养老目标一年持有混合(FOF)Y,FOF
017373,汇添富添福睿享稳健养老目标一年持有混合(FOF)Y,FOF
017374,南方富誉稳健养老一年持有混合(FOF)Y,FOF
017375,南方养老目标2030三年持有混合发起(FOF)Y,FOF
017376,南方养老2035三年持有混合(FOF)Y,FOF
017377,南方养老2040三年持有混合发起(FOF)Y,FOF
017378,广发安裕稳健养老一年持有混合(FOF)Y,FOF
017380,鹏华养老2035三年持有混合(FOF)Y,FOF
017381,鹏华养老2045三年持有混合发起式(FOF)Y,FOF
017382,国富平衡养老三年混合(FOF)Y,FOF
017383,广发均衡养老三年持有混合(FOF)Y,FOF
017384,兴全安泰稳健养老一年持有混合(FOF)Y,FOF
017385,申万稳健养老一年持有混合发起式(FOF)Y,FOF
017386,兴全安泰积极养老五年持有混合(FOF)Y,FOF
017387,兴全安悦稳健养老一年持有混合(FOF)Y,FOF
017388,上银恒泰稳健养老一年持有混合发起式(FOF)Y,FOF
017389,中银证券凌瑞6个月持有期混合A,混合型
017390,中银证券凌瑞6个月持有期混合C,混合型
017391,泰康福安养老一年持有混合(FOF)Y,FOF
017392,泰康福泰平衡养老三年持有混合(FOF)Y,FOF
017393,泰康福泽积极养老五年持有混合(FOF)Y,FOF
017394,英大延福养老目标2050三年持有混合发起(FOF),FOF
017395,招商和悦均衡养老三年持有混合(FOF)Y,FOF
017396,英大延福养老目标2045三年持有混合发起(FOF),FOF
017397,嘉实福康稳健养老一年持有混合(FOF)Y,FOF
017398,民生加银康宁平衡养老三年持有混合(FOF)Y,FOF
017399,民生加银康泰养老2040三年持有混合(FOF)Y,FOF
017400,贝莱德行业优选混合A,混合型
017401,贝莱德行业优选混合C,混合型
017402,广发养老目标日期2040三年持有期混合发起式(FOF)Y,FOF
017403,广发养老2050五年持有混合发起式(FOF)Y,FOF
017404,天弘养老目标日期2045五年持有期混合型发起式(FOF),FOF
017405,兴业养老2035(FOF)Y,FOF
017406,中银添禧丰禄稳健养老一年持有混合(FOF)Y,FOF
017407,长信颐天养老三年持有混合(FOF)Y,FOF
017408,长信颐和平衡养老三年持有混合(FOF)Y,FOF
017409,长信颐年养老三年持有混合(FOF)Y,FOF
017410,农银养老2035混合(FOF)Y,FOF
017411,农银养老2045五年持有混合(FOF)Y,FOF
017412,创金合信中证科创创业50指数增强A,指数型
017413,创金合信中证科创创业50指数增强C,指数型
017414,易方达安盈回报混合C,混合型
017415,中泰元和价值精选混合A,混合型
017416,中泰元和价值精选混合C,混合型
017417,易方达裕如灵活配置混合C,混合型
017420,易方达裕祥回报债券C,债券型
017421,天弘安康颐睿一年持有混合A,混合型
017422,天弘安康颐睿一年持有混合C,混合型
017423,天弘中证同业存单AAA指数7天持有,指数型
017424,华泰紫金先进制造混合发起A,混合型
017425,华泰紫金先进制造混合发起C,混合型
017426,国富深化价值混合C,混合型
017428,国泰鑫裕纯债债券,债券型
017429,嘉实全球创新龙头股票(QDII)人民币A,QDII
017430,嘉实全球创新龙头股票(QDII)美元,QDII
017431,嘉实全球创新龙头股票(QDII)人民币C,QDII
017432,交银稳安60天滚动持有债券A,债券型
017433,交银稳安60天滚动持有债券C,债券型
017434,华宝中证沪港深新消费指数A,指数型
017435,华宝中证沪港深新消费指数C,指数型
017436,华宝纳斯达克精选股票发起式(QDII)A,QDII
017437,华宝纳斯达克精选股票发起式(QDII)C,QDII
017438,博时安悦短债A,债券型
017439,博时安悦短债C,债券型
017440,英大安旸纯债债券A,债券型
017441,英大安旸纯债债券C,债券型
017442,华商鸿悦纯债债券,债券型
017443,嘉实30天持有期中短债债券A,债券型
017444,嘉实30天持有期中短债债券C,债券型
017447,民生加银恒宁债券,债券型
017448,格林泓盛一年定开债券发起式,债券型
017449,嘉合磐辉纯债A,债券型
017450,嘉合磐辉纯债C,债券型
017451,国富估值优势混合C,混合型
017453,浦银安盛颐璇平衡养老目标三年混合(FOF)A,FOF
017454,国泰慧益一年持有混合A,混合型
017455,国泰慧益一年持有混合C,混合型
017456,建信宁安30天持有期中短债债券A,债券型
017457,建信宁安30天持有期中短债债券C,债券型
017458,长城创新驱动混合C,混合型
017459,汇添富丰和纯债A,债券型
017460,汇添富丰和纯债C,债券型
017461,长城久鑫混合C,混合型
017462,长城久祥混合C,混合型
017463,中信保诚优质纯债债券C,债券型
017464,长江楚财一年持有期混合发起A,混合型
017465,长江楚财一年持有期混合发起C,混合型
017466,汇添富稳鑫120天滚动持有债券B,债券型
017467,鑫元消费甄选混合发起A,混合型
017468,鑫元消费甄选混合发起C,混合型
017469,嘉实上证科创板芯片ETF发起联接A,指数型
017470,嘉实上证科创板芯片ETF发起联接C,指数型
017471,国泰中证机床ETF发起联接A,指数型
017472,国泰中证机床ETF发起联接C,指数型
017473,中信建投景荣债券A,债券型
017474,中信建投景荣债券C,债券型
017475,广发集轩债券A,债券型
017476,广发集轩债券C,债券型
017477,安信睿见优选混合A,混合型
017478,安信睿见优选混合C,混合型
017479,广发医药精选股票A,股票型
017480,广发医药精选股票C,股票型
017481,博时中证全指电力ETF发起式联接A,指数型
017482,博时中证全指电力ETF发起式联接C,指数型
017483,财通资管数字经济混合发起式A,混合型
017484,财通资管数字经济混合发起式C,混合型
017485,长盛高端装备混合C,混合型
017488,嘉实信息产业股票发起式A,股票型
017489,嘉实信息产业股票发起式C,股票型
017490,财通景气甄选一年持有期混合A,混合型
017491,财通景气甄选一年持有期混合C,混合型
017492,诺安货币D,货币型
017493,东方红新动力混合C,混合型
017494,东方红多元策略混合C,混合型
017495,泰康中证科创创业50指数A,指数型
017496,泰康中证科创创业50指数C,指数型
017497,南方养老目标2060五年持有混合发起(FOF)A,FOF
017498,淳厚添益债券A,债券型
017499,淳厚添益债券C,债券型
017500,兴业嘉辰一年定开债券发起式,债券型
017501,招商产业升级1年持有期混合A,混合型
017502,招商产业升级1年持有期混合C,混合型
017503,达诚致益债券发起式A,债券型
017504,达诚致益债券发起式C,债券型
017505,明亚中证1000指数增强A,指数型
017506,明亚中证1000指数增强C,指数型
017507,东兴连众一年持有期混合A,混合型
017508,东兴连众一年持有期混合C,混合型
017509,红土创新丰睿中短债A,债券型
017510,红土创新丰睿中短债C,债券型
017511,鹏华稳健回报混合C,混合型
017512,广发北证50成份指数A,指数型
017513,广发北证50成份指数C,指数型
017514,博时富盈一年定开债发起式,债券型
017515,易方达北证50成份指数A,指数型
017516,易方达北证50成份指数C,指数型
017517,招商北证50成份指数发起式A,指数型
017518,招商北证50成份指数发起式C,指数型
017519,汇添富北证50成份指数A,指数型
017520,汇添富北证50成份指数C,指数型
017521,富国北证50成份指数A,指数型
017522,富国北证50成份指数C,指数型
017523,南方北证50成份指数发起A,指数型
017524,南方北证50成份指数发起C,指数型
017525,华夏北证50成份指数A,指数型
017526,华夏北证50成份指数C,指数型
017527,嘉实北证50成份指数A,指数型
017528,嘉实北证50成份指数C,指数型
017529,财通安益中短债债券A,债券型
017530,财通安益中短债债券C,债券型
017531,财通安益中短债债券E,债券型
017532,平安研究优选混合A,混合型
017533,平安研究优选混合C,混合型
017534,富国天利增长债券C,债券型
017535,东方红京东大数据混合C,混合型
017536,东方红优享红利混合C,混合型
017537,东方红远见价值混合C,混合型
017538,中欧骏泰货币C,货币型
017539,中欧骏泰货币D,货币型
017540,安信稳健增益6个月持有混合A,混合型
017541,安信稳健增益6个月持有混合C,混合型
017542,泓德泓利货币C,货币型
017543,中银美丽中国混合C,混合型
017544,浙商惠裕纯债C,债券型
017545,弘毅远方中短债债券A,债券型
017546,弘毅远方中短债债券C,债券型
017547,天弘国证2000指数增强A,指数型
017548,天弘国证2000指数增强C,指数型
017549,平安策略回报混合A,混合型
017550,平安策略回报混合C,混合型
017551,南方景气前瞻混合A,混合型
017552,南方景气前瞻混合C,混合型
017553,交银瑞鑫六个月持有期混合C,混合型
017554,尚正中证同业存单AAA指数7天持有,指数型
017555,融通增享纯债债券C,债券型
017556,招商安凯债券,债券型
017559,华安上证科创板芯片ETF发起式联接A,指数型
017560,华安上证科创板芯片ETF发起式联接C,指数型
017561,融通中证中诚信央企信用债指数A,指数型
017562,融通中证中诚信央企信用债指数C,指数型
017563,太平中证同业存单AAA指数7天持有,指数型
017564,华安产业优选混合A,混合型
017565,华安产业优选混合C,混合型
017566,惠升中债0-3年政策性金融债A,指数型
017567,惠升中债0-3年政策性金融债C,指数型
017568,华夏稳茂增益一年持有混合A,混合型
017569,华夏稳茂增益一年持有混合C,混合型
017570,中邮现金驿站货币E,货币型
017573,华夏中证机床ETF发起式联接A,指数型
017574,华夏中证机床ETF发起式联接C,指数型
017575,华夏稳兴增益一年持有混合A,混合型
017576,华夏稳兴增益一年持有混合C,混合型
017577,南方中证政策性金融债指数A,指数型
017578,南方中证政策性金融债指数C,指数型
017579,汇添富添福欣享均衡养老目标三年持有混合发起(FOF),FOF
017580,汇添富添福鑫添益均衡养老目标三年持有混合发起式(FOF),FOF
017581,中航瑞融ESG一年定开债发起A,债券型
017582,中航瑞融ESG一年定开债发起C,债券型
017583,鑫元恒鑫收益增强债券型发起式D,债券型
017584,鑫元聚鑫收益增强D,债券型
017585,华润元大润泽债券D,债券型
017586,华润元大润丰纯债债券D,债券型
017587,中欧盈选稳健6个月持有混合发起(FOF)A,FOF
017588,中欧盈选稳健6个月持有混合发起(FOF)C,FOF
017589,中泰天择稳健6个月持有混合(FOF)A,FOF
017590,中泰天择稳健6个月持有混合(FOF)C,FOF
017591,汇添富添福智富均衡养老目标三年持有混合发起(FOF),FOF
017592,汇添富添添乐双盈债券A,债券型
017593,汇添富添添乐双盈债券C,债券型
017594,易方达稳健腾享六个月持有混合(FOF)A,FOF
017595,易方达稳健腾享六个月持有混合(FOF)C,FOF
017596,中银证券汇裕一年定开债券发起式,债券型
017598,华夏景气驱动混合A,混合型
017599,华夏景气驱动混合C,混合型
017600,华夏行业甄选混合A,混合型
017601,华夏行业甄选混合C,混合型
017602,华夏国企创新混合发起式A,混合型
017603,华夏国企创新混合发起式C,混合型
017604,华夏中证生物科技主题ETF发起式联接A,指数型
017605,华夏中证生物科技主题ETF发起式联接C,指数型
017606,华泰柏瑞轮动精选混合A,混合型
017607,华泰柏瑞轮动精选混合C,混合型
017608,汇添富远景成长一年持有混合A,混合型
017609,汇添富远景成长一年持有混合C,混合型
017610,华夏恒生港股通中国内地企业高股息率ETF发起式联接A,指数型
017611,华夏恒生港股通中国内地企业高股息率ETF发起式联接C,指数型
017612,宏利复兴混合C,混合型
017613,兴银合丰债券C,债券型
017614,工银瑞福纯债债券F,债券型
017615,广发安颐一年持有期混合A,混合型
017616,广发安颐一年持有期混合C,混合型
017617,华泰柏瑞招享6个月持有期混合A,混合型
017618,华泰柏瑞招享6个月持有期混合C,混合型
017619,鑫元添鑫回报6个月持有期混合A,混合型
017620,鑫元添鑫回报6个月持有期混合C,混合型
017621,易方达富惠纯债债券C,债券型
017622,同泰恒盛债券A,债券型
017623,同泰恒盛债券C,债券型
017624,农银瑞云增益6个月持有混合A,混合型
017625,农银瑞云增益6个月持有混合C,混合型
017626,长城久惠灵活配置混合C,混合型
017627,长城港股通价值精选混合C,混合型
017628,华商计算机行业量化股票发起式C,股票型
017629,中银机构现金管理货币E,货币型
017630,富国周期精选三年持有期混合A,混合型
017631,富国周期精选三年持有期混合C,混合型
017632,汇添富中证全指医疗器械ETF发起式联接A,指数型
017633,汇添富中证全指医疗器械ETF发起式联接C,指数型
017634,汇添富中证全指医疗器械ETF发起式联接D,指数型
017635,银华动力领航混合A,混合型
017636,银华动力领航混合C,混合型
017637,华安深证100ETF发起式联接A,指数型
017638,华安深证100ETF发起式联接C,指数型
017639,景顺长城景气优选一年持有期混合A,混合型
017640,景顺长城景气优选一年持有期混合C,混合型
017641,摩根标普500指数(QDII)人民币A,指数型
017642,摩根标普500指数(QDII)美钞,指数型
017643,摩根标普500指数(QDII)美汇,指数型
017644,博道中证1000指数增强A,指数型
017645,博道中证1000指数增强C,指数型
017646,易方达中证光伏产业ETF联接发起式A,指数型
017647,易方达中证光伏产业ETF联接发起式C,指数型
017648,信澳聚优智选混合A,混合型
017649,信澳聚优智选混合C,混合型
017650,中庚港股通价值股票,股票型
017651,中航华证商飞高端制造产业指数发起A,指数型
017652,中航华证商飞高端制造产业指数发起C,指数型
017653,创金合信全球芯片产业股票发起(QDII)A,QDII
017654,创金合信全球芯片产业股票发起(QDII)C,QDII
017655,嘉实价值丰裕混合A,混合型
017656,嘉实价值丰裕混合C,混合型
017659,汇添富稳丰中短债债券A,债券型
017660,汇添富稳丰中短债债券C,债券型
017661,南方浩恒稳健优选6个月持有混合(FOF)A,FOF
017662,南方浩恒稳健优选6个月持有混合(FOF)C,FOF
017665,兴银稳建90天持有期中短债A,债券型
017666,兴银稳建90天持有期中短债C,债券型
017667,鹏华新材料混合发起式A,混合型
017668,鹏华新材料混合发起式C,混合型
017669,大成卓远视野混合A,混合型
017670,大成卓远视野混合C,混合型
017671,浦银安盛普旭3个月定开债券,债券型
017672,兴全安泰平衡养老三年持有(FOF)Y,FOF
017673,东方红颐和稳健养老两年(FOF)Y,FOF
017674,东方红颐和平衡养老三年(FOF)Y,FOF
017675,东方红颐和积极养老五年(FOF)Y,FOF
017676,广发积极养老目标五年持有期混合发起式(FOF)A,FOF
017677,中加丰尚纯债债券C,债券型
017678,中加颐合纯债债券C,债券型
017679,国投瑞银精选收益混合C,混合型
017680,汇泉中证同业存单AAA指数7天持有,指数型
017681,建信睿安一年定期开放债券发起,债券型
017682,东海鑫乐一年定开债发起式,债券型
017683,华夏中证基建ETF发起式联接A,指数型
017684,华夏中证基建ETF发起式联接C,指数型
017685,中欧预见积极养老目标五年持有混合发起(FOF)A,FOF
017687,永赢昭利债券A,债券型
017688,永赢昭利债券C,债券型
017689,华泰紫金恒荣12个月持有期混合发起A,混合型
017690,银华顺璟6个月定期开放债券A,债券型
017691,国投瑞银稳定增利债券A,债券型
017692,华泰紫金恒荣12个月持有期混合发起C,混合型
017693,国泰海通安平一年定开债券发起,债券型
017694,国联安恒瑞3个月定开债券,债券型
017695,招商添轩1年定开债,债券型
017696,易方达养老2050五年持有混合(FOF)A,FOF
017697,华夏新材料龙头混合发起式A,混合型
017698,华夏新材料龙头混合发起式C,混合型
017699,广发景泰债券A,债券型
017700,广发景泰债券C,债券型
017701,方正富邦中证同业存单AAA指数7天持有,指数型
017702,鹏扬均衡成长混合A,混合型
017703,鹏扬均衡成长混合C,混合型
017704,兴业中证同业存单AAA指数7天持有期,指数型
017705,易方达裕浙3个月定开债券,债券型
017706,建信添福悠享稳健养老目标一年持有债券(FOF)A,FOF
017707,建信阿尔法一年持有混合,混合型
017708,长盛盛启债券A,债券型
017709,长盛盛启债券C,债券型
017710,富国增利债券发起式A,债券型
017711,富国增利债券发起式C,债券型
017712,浦银安盛货币D,货币型
017715,华宝量化选股混合发起式A,混合型
017716,华宝量化选股混合发起式C,混合型
017717,嘉实多盈债券A,债券型
017718,嘉实多盈债券C,债券型
017719,华夏消费臻选混合发起式A,混合型
017720,华夏消费臻选混合发起式C,混合型
017721,华夏汽车产业混合A,混合型
017722,华夏汽车产业混合C,混合型
017723,银华心质混合A,混合型
017724,银华心质混合C,混合型
017725,百嘉中证同业存单AAA指数7天持有,指数型
017726,鑫元成长驱动股票发起式A,股票型
017727,鑫元成长驱动股票发起式C,股票型
017728,创金合信荣和积极养老目标五年持有期混合发起(FOF),FOF
017729,景顺长城景泰裕利纯债债券C,债券型
017730,嘉实全球产业升级股票发起式(QDII)A,QDII
017731,嘉实全球产业升级股票发起式(QDII)C,QDII
017732,鹏华核心优势混合C,混合型
017733,中金中证1000指数增强发起A,指数型
017734,中金中证1000指数增强发起C,指数型
017735,融通明锐混合A,混合型
017736,融通明锐混合C,混合型
017737,融通慧心混合A,混合型
017738,融通慧心混合C,混合型
017739,大成2020生命周期混合C,混合型
017740,鹏华睿见混合A,混合型
017741,鹏华睿见混合C,混合型
017742,中欧行业鑫选混合A,混合型
017743,中欧行业鑫选混合C,混合型
017744,嘉实绿色主题股票发起式A,股票型
017745,嘉实绿色主题股票发起式C,股票型
017746,建信电子行业股票A,股票型
017747,建信电子行业股票C,股票型
017748,国投瑞银平衡养老目标三年持有期混合发起式(FOF)A,FOF
017749,国投瑞银景气驱动混合A,混合型
017750,国投瑞银景气驱动混合C,混合型
017751,长城创新成长混合A,混合型
017752,长城创新成长混合C,混合型
017753,长城锦利三个月定期开放债券A,债券型
017754,长城锦利三个月定期开放债券C,债券型
017755,平安养老目标日期2040三年持有混合(FOF)A,FOF
017756,国金中证同业存单AAA指数7天持有,指数型
017757,银河新动能混合C,混合型
017758,银河智慧混合C,混合型
017759,银河研究精选混合C,混合型
017760,银河智造混合C,混合型
017761,银河智联混合C,混合型
017762,银河转型混合C,混合型
017763,银河领先债券C,债券型
017764,大成均衡增长混合A,混合型
017765,大成均衡增长混合C,混合型
017766,华夏兴和混合C,混合型
017767,嘉实欣荣混合(LOF)C,混合型
017768,大成颐禧积极养老目标五年持有混合发起式(FOF),FOF
017769,博时信享一年持有期混合A,混合型
017770,博时信享一年持有期混合C,混合型
017771,华夏聚利债券C,债券型
017772,大成景阳领先混合C,混合型
017773,大成消费主题混合C,混合型
017774,泰康养老目标日期2040三年持有混合发起(FOF),FOF
017775,东方红颐安稳健养老一年(FOF)A,FOF
017776,平安合顺1年定开债发起式,债券型
017777,工银开元利率债债券F,债券型
017778,浦银安盛中证证券公司30ETF联接A,指数型
017779,浦银安盛中证证券公司30ETF联接C,指数型
017780,上银慧盈利货币A,货币型
017781,上银慧盈利货币E,货币型
017782,博时恒享债券A,债券型
017783,博时恒享债券C,债券型
017784,中银高质量发展机遇混合C,混合型
017787,万家宏观择时多策略混合C,混合型
017788,摩根锦颐养老目标日期2035三年持有混合(FOF),FOF
017789,建信睿享纯债债券C,债券型
017793,国联安聚利39个月封闭式债券,债券型
017794,交银启盛混合A,混合型
017795,交银启盛混合C,混合型
017796,合煦智远稳进纯债债券A,债券型
017797,合煦智远稳进纯债债券C,债券型
017801,汇添富战略精选中小盘市值3年持有混合发起A,混合型
017802,汇添富战略精选中小盘市值3年持有混合发起C,混合型
017805,惠升和润39个月封闭债券,债券型
017806,中加恒泰定开债券C,债券型
017809,湘财鑫享债券A,债券型
017810,湘财鑫享债券C,债券型
017811,东方人工智能主题混合C,混合型
017812,华安鼎盈一年定开债发起式,债券型
017813,兴合安迎混合A,混合型
017814,兴合安迎混合C,混合型
017817,鹏扬裕利三年封闭式债券,债券型
017818,万家CFETS0-3年期政金债指数A,指数型
017819,万家CFETS0-3年期政金债指数C,指数型
017820,鹏华丰利债券(LOF)C,债券型
017821,招商优势企业混合C,混合型
017822,南方浩盈进取精选一年持有混合(FOF)A,FOF
017823,南方浩盈进取精选一年持有混合(FOF)C,FOF
017824,华安新材料主题股票发起式A,股票型
017825,华安新材料主题股票发起式C,股票型
017826,兴全欣越混合A,混合型
017827,兴全欣越混合C,混合型
017828,富国时代精选混合A,混合型
017829,富国时代精选混合C,混合型
017830,国联泓安3个月定开债券A,债券型
017831,国联泓安3个月定开债券C,债券型
017832,华夏中证港股通消费主题ETF发起式联接A,指数型
017833,华夏中证港股通消费主题ETF发起式联接C,指数型
017835,信澳匠心回报混合A,混合型
017836,信澳匠心回报混合C,混合型
017837,博时中债7-10政金债指数A,指数型
017838,博时中债7-10政金债指数C,指数型
017839,银华清洁能源产业混合A,混合型
017840,银华清洁能源产业混合C,混合型
017841,方正富邦稳惠3个月定开债券,债券型
017842,农银汇理景气优选混合A,混合型
017843,农银汇理景气优选混合C,混合型
017844,兴全优选积极三个月持有期混合(FOF)A,FOF
017845,兴全优选积极三个月持有期混合(FOF)C,FOF
017846,国金中证1000指数增强A,指数型
017847,国金中证1000指数增强C,指数型
017848,东方红先进制造混合A,混合型
017849,东方红先进制造混合C,混合型
017850,交银启信混合发起A,混合型
017851,交银启信混合发起C,混合型
017853,易方达云计算ETF联接A,指数型
017854,易方达云计算ETF联接C,指数型
017855,华夏中证石化产业ETF发起式联接A,指数型
017856,华夏中证石化产业ETF发起式联接C,指数型
017857,东财时代优选A,混合型
017858,东财时代优选C,混合型
017859,交银持续成长主题混合C,混合型
017860,景顺长城致远混合A,混合型
017861,景顺长城致远混合C,混合型
017862,华夏中证A100ETF发起式联接A,指数型
017863,华夏中证A100ETF发起式联接C,指数型
017864,财通资管博宏积极6个月持有混合发起式(FOF)A,FOF
017865,财通资管博宏积极6个月持有混合发起式(FOF)C,FOF
017866,泓德高端装备混合发起式A,混合型
017867,泓德高端装备混合发起式C,混合型
017868,民生加银均衡优选混合A,混合型
017869,民生加银均衡优选混合C,混合型
017870,光大消费主题股票C,股票型
017871,汇添富添富通货币C,货币型
017872,汇添富收益快钱货币E,货币型
017873,汇添富香港优势精选混合(QDII)C,QDII
017874,国金量化多策略C,混合型
017876,汇添富新能源精选混合发起式A,混合型
017877,汇添富新能源精选混合发起式C,混合型
017878,华安匠心甄选混合A,混合型
017879,华安匠心甄选混合C,混合型
017880,国寿安保薪金宝货币B,货币型
017881,工银精选回报混合A,混合型
017882,工银精选回报混合C,混合型
017883,博时富添纯债债券C,债券型
017885,长城久润混合C,混合型
017886,国富安颐稳健6个月持有期混合A,混合型
017887,国富安颐稳健6个月持有期混合C,混合型
017888,上银中证同业存单AAA指数7天持有期,指数型
017889,东方阿尔法招阳混合E,混合型
017892,鹏华国证2000指数增强A,指数型
017893,鹏华国证2000指数增强C,指数型
017894,汇添富纳斯达克生物科技ETF发起式联接(QDII)人民币A,指数型
017895,汇添富纳斯达克生物科技ETF发起式联接(QDII)人民币C,指数型
017896,汇添富中证800指数增强A,指数型
017897,汇添富中证800指数增强C,指数型
017898,海富通货币C,货币型
017899,海富通货币D,货币型
017900,鹏华医药科技股票C,股票型
017901,国寿安保养老2030三年持有混合(FOF)Y,FOF
017902,汇添富双颐债券A,债券型
017903,汇添富双颐债券C,债券型
017905,国泰海通善吾养老目标2045五年持有混合发起(FOF)Y,FOF
017906,国泰海通善元稳健养老一年持有混合发起(FOF)Y,FOF
017907,汇添富中证上海环交所碳中和ETF发起式联接A,指数型
017908,汇添富中证上海环交所碳中和ETF发起式联接C,指数型
017909,国寿安保稳健养老一年持有混合发起式(FOF)Y,FOF
017910,博时富悦纯债C,债券型
017911,华泰柏瑞新经济沪港深混合C,混合型
017912,华夏稳进增益一年持有混合A,混合型
017913,华夏稳进增益一年持有混合C,混合型
017915,中海消费混合C,混合型
017916,国寿安保成长优选股票C,股票型
017917,浙商汇金卓越稳健3个月持有混合发起式(FOF)A,FOF
017918,浙商汇金卓越稳健3个月持有混合发起式(FOF)C,FOF
017919,中欧中证1000指数增强A,指数型
017920,中欧中证1000指数增强C,指数型
017921,中海医疗保健主题股票C,股票型
017924,国投瑞银中证同业存单AAA指数7天持有期,指数型
017925,国金300指数增强C,指数型
017926,景顺长城政策性金融债C,债券型
017927,华商新动力混合C,混合型
017928,南华瑞富一年定开债券发起式,债券型
017929,前海开源沪港深新机遇混合C,混合型
017930,华泰柏瑞交易货币D,货币型
017931,富达传承6个月股票A,股票型
017932,富达传承6个月股票C,股票型
017933,国泰海通高端装备混合发起A,混合型
017934,国泰海通高端装备混合发起C,混合型
017935,国泰海通远见价值混合发起A,混合型
017936,国泰海通远见价值混合发起C,混合型
017937,易方达中证医疗ETF联接发起式A,指数型
017938,易方达中证医疗ETF联接发起式C,指数型
017939,上银慧增利货币A,货币型
017940,上银慧增利货币E,货币型
017941,国投瑞银国家安全混合C,混合型
017942,银华尊和养老2045三年持有混合发起式(FOF)Y,FOF
017943,中银如意宝货币E,货币型
017944,财通资管鸿利中短债债券E,债券型
017945,富国安益货币C,货币型
017946,国富沪港深成长精选股票C,股票型
017947,国富港股通远见价值混合C,混合型
017948,国富中小盘股票C,股票型
017949,景顺长城创业板50ETF联接A,指数型
017950,景顺长城创业板50ETF联接C,指数型
017951,汇添富纳斯达克生物科技ETF发起式联接(QDII)美元现汇,指数型
017952,汇添富纳斯达克生物科技ETF发起式联接(QDII)美元现钞,指数型
017953,汇添富中证1000指数增强A,指数型
017954,汇添富中证1000指数增强C,指数型
017955,汇添富稳瑞30天滚动持有中短债B,债券型
017956,汇添富稳瑞30天滚动持有中短债D,债券型
017957,汇添富稳健鑫添益六个月持有混合C,混合型
017960,招商趋势领航混合A,混合型
017961,招商趋势领航混合C,混合型
017962,广发医药创新混合发起式A,混合型
017963,广发医药创新混合发起式C,混合型
017964,招商匠心优选混合A,混合型
017965,招商匠心优选混合C,混合型
017966,华富竞争力优选混合C,混合型
017967,华富新能源股票型发起式C,股票型
017968,华富科技动能混合C,混合型
017969,华富产业升级灵活配置混合C,混合型
017970,摩根海外稳健配置混合(QDII-FOF)人民币A,QDII
017971,摩根海外稳健配置混合(QDII-FOF)美元现汇,QDII
017972,摩根海外稳健配置混合(QDII-FOF)美元现钞,QDII
017973,易方达港股通优质增长混合A,混合型
017974,易方达港股通优质增长混合C,混合型
017975,路博迈护航一年持有债券A,债券型
017976,路博迈护航一年持有债券C,债券型
017977,信澳优享生活混合A,混合型
017978,信澳优享生活混合C,混合型
017979,交银国企改革灵活配置混合C,混合型
017980,南方养老目标2055五年持有混合发起(FOF)A,FOF
017981,东财成长优选A,混合型
017982,东财成长优选C,混合型
017983,泰康薪意保货币C,货币型
017984,泰康薪意保货币D,货币型
017985,华夏中证800指数增强A,指数型
017986,华夏中证800指数增强C,指数型
017987,易方达国企主题混合A,混合型
017988,易方达国企主题混合C,混合型
017989,易方达安益90天持有债券A,债券型
017990,易方达安益90天持有债券C,债券型
017991,华泰柏瑞致远混合A,混合型
017992,华泰柏瑞致远混合C,混合型
017993,方正富邦远见成长混合A,混合型
017994,方正富邦远见成长混合C,混合型
017995,华宝事件驱动混合C,混合型
017996,万家沪深300成长ETF发起式联接A,指数型
017997,万家沪深300成长ETF发起式联接C,指数型
017998,中欧融恒平衡混合A,混合型
017999,中欧融恒平衡混合C,混合型
018000,鹏华芯片产业混合发起式A,混合型
018001,鹏华芯片产业混合发起式C,混合型
018002,华夏兴夏价值一年持有混合发起式C,混合型
018003,南方兴盛先锋混合C,混合型
018004,广发优质生活混合C,混合型
018005,光大新增长混合C,混合型
018006,前海开源沪港深龙头精选混合C,混合型
018007,招商瑞利灵活配置混合(LOF)C,混合型
018008,大成优选混合(LOF)C,混合型
018009,长盛医疗量化股票C,股票型
018010,长盛电子信息产业混合C,混合型
018011,交银稳安90天持有期债券A,债券型
018012,交银稳安90天持有期债券C,债券型
018013,长信中证1000指数增强A,指数型
018014,长信中证1000指数增强C,指数型
018015,工银瑞宏6个月定开债券A,债券型
018016,工银瑞宏6个月定开债券C,债券型
018019,南方核心科技一年持有混合A,混合型
018020,南方核心科技一年持有混合C,混合型
018023,华商上游产业股票C,股票型
018027,嘉实中证高端装备细分50ETF发起联接A,指数型
018028,嘉实中证高端装备细分50ETF发起联接C,指数型
018029,泓德新能源产业混合发起式A,混合型
018030,泓德新能源产业混合发起式C,混合型
018031,华安中证数字经济主题ETF发起式联接A,指数型
018032,华安中证数字经济主题ETF发起式联接C,指数型
018033,华夏现金宝货币C,货币型
018034,国泰国证绿色电力ETF发起联接A,指数型
018035,国泰国证绿色电力ETF发起联接C,指数型
018036,长城全球新能源车股票发起式(QDII)C,QDII
018037,泰康宏泰回报混合C,混合型
018038,富国融裕两年持有期混合A,混合型
018039,富国融裕两年持有期混合C,混合型
018040,财通资管鑫锐混合E,混合型
018041,财通资管鑫逸混合E,混合型
018042,海富通稳固收益债券A,债券型
018043,天弘纳斯达克100指数发起(QDII)A,指数型
018044,天弘纳斯达克100指数发起(QDII)C,指数型
018045,东方创新医疗股票A,股票型
018046,东方创新医疗股票C,股票型
018047,申万菱信安泰景利纯债A,债券型
018048,申万菱信数字产业股票型发起式A,股票型
018049,申万菱信数字产业股票型发起式C,股票型
018050,长江乐睿纯债一年定期开放债券发起A,债券型
018051,长江乐睿纯债一年定期开放债券发起C,债券型
018052,鹏扬医疗健康混合A,混合型
018053,鹏扬医疗健康混合C,混合型
018054,鹏扬景添一年持有混合A,混合型
018055,鹏扬景添一年持有混合C,混合型
018056,鹏扬淳泰一年定开债券发起式,债券型
018057,金鹰行业优势混合C,混合型
018058,汇添富深证300ETF联接C,指数型
018059,兴合锦安利率债A,债券型
018060,兴合锦安利率债C,债券型
018061,汇添富中证上海国企ETF联接C,指数型
018062,华泰紫金中证1000指数增强发起A,指数型
018063,华泰紫金中证1000指数增强发起C,指数型
018064,华夏标普500ETF发起式联接(QDII)A(人民币),指数型
018065,华夏标普500ETF发起式联接(QDII)C,指数型
018066,华夏标普500ETF发起式联接(QDII)A(美元),指数型
018067,国金中债1-5年政策性金融债A,指数型
018068,国金中债1-5年政策性金融债C,指数型
018071,长信均衡优选混合A,混合型
018072,长信均衡优选混合C,混合型
018073,国泰产业精选混合A,混合型
018074,中银中债1-5年进出口行债券指数,指数型
018075,长盛航天海工混合C,混合型
018076,光大健康优加混合C,混合型
018077,光大优势配置混合C,混合型
018078,南方恒生生物科技ETF发起联接(QDII)A,指数型
018079,南方恒生生物科技ETF发起联接(QDII)C,指数型
018080,鹏华稳健添利债券A,债券型
018081,鹏华稳健添利债券C,债券型
018082,光大产业新动力混合C,混合型
018083,鹏华信用债6个月持有期债券A,债券型
018084,鹏华信用债6个月持有期债券C,债券型
018085,汇添富稳合4个月持有债券A,债券型
018086,汇添富稳合4个月持有债券C,债券型
018087,鹏华双债增利债券C,债券型
018088,东财远见成长混合发起式A,混合型
018089,东财远见成长混合发起式C,混合型
018090,广发活期宝货币C,货币型
018091,博时利发纯债债券C,债券型
018092,兴银现金添利C,货币型
018093,国投瑞银顺意一年定开债发起式,债券型
018094,博时中证机器人指数发起式A,指数型
018095,博时中证机器人指数发起式C,指数型
018096,东财价值启航A,混合型
018097,东财价值启航C,混合型
018098,博时富发纯债债券C,债券型
018099,方正富邦中证保险C,指数型
018100,太平恒泰三个月定开债A,债券型
018101,贝莱德卓越远航混合A,混合型
018102,贝莱德卓越远航混合C,混合型
018103,易方达中证港股通消费主题ETF发起式联接A,指数型
018104,易方达中证港股通消费主题ETF发起式联接C,指数型
018105,中欧聚优港股通混合发起A,混合型
018106,中欧聚优港股通混合发起C,混合型
018109,国新国证鑫泰三个月定开债券,债券型
018110,百嘉百悦一年定开纯债债券发起式,债券型
018111,嘉实增益宝货币E,货币型
018112,工银北证50成份指数A,指数型
018113,工银北证50成份指数C,指数型
018114,鹏扬北证50成份指数A,指数型
018115,鹏扬北证50成份指数C,指数型
018116,泰康中证500指数增强发起A,指数型
018117,泰康中证500指数增强发起C,指数型
018120,万家北证50成份指数发起式A,指数型
018121,万家北证50成份指数发起式C,指数型
018122,永赢数字经济智选混合发起A,混合型
018123,永赢数字经济智选混合发起C,混合型
018124,永赢先进制造智选混合发起A,混合型
018125,永赢先进制造智选混合发起C,混合型
018128,博时北证50成份指数发起式A,指数型
018129,博时北证50成份指数发起式C,指数型
018130,博时ESG量化选股混合A,混合型
018131,博时ESG量化选股混合C,混合型
018132,博时中证有色金属矿业主题指数A,指数型
018133,博时中证有色金属矿业主题指数C,指数型
018134,富国中证大数据产业ETF发起式联接A,指数型
018135,富国中证大数据产业ETF发起式联接C,指数型
018136,惠升和风纯债E,债券型
018137,景顺长城中债0-3年政策性金融债指数A,指数型
018138,景顺长城中债0-3年政策性金融债指数C,指数型
018139,中金先进制造混合A,混合型
018140,中金先进制造混合C,混合型
018141,中金优选长兴稳健6个月持有混合发起(FOF)A,FOF
018142,中金优选长兴稳健6个月持有混合发起(FOF)C,FOF
018145,博时上证科创板50成份指数发起式A,指数型
018146,博时上证科创板50成份指数发起式C,指数型
018147,建信新兴市场混合(QDII)C,QDII
018148,百嘉百瑞混合发起式A,混合型
018149,国投瑞银恒安30天持有期债券A,债券型
018150,国投瑞银恒安30天持有期债券C,债券型
018151,银华尊禧稳健养老一年持有混合发起式(FOF)Y,FOF
018152,长城核心优势混合C,混合型
018153,创金合信汇选6个月持有期混合发起(FOF)A,FOF
018154,创金合信汇选6个月持有期混合发起(FOF)C,FOF
018155,创金合信全球医药生物股票发起(QDII)A,QDII
018156,创金合信全球医药生物股票发起(QDII)C,QDII
018157,西部利得中证1000指数增强A,指数型
018158,西部利得中证1000指数增强C,指数型
018159,国泰创新医疗混合发起A,混合型
018160,国泰创新医疗混合发起C,混合型
018161,宏利泰和平衡养老目标三年持有混合(FOF)Y,FOF
018162,宏利泰和稳健养老目标一年持有混合(FOF)Y,FOF
018163,宏利悠然混合(FOF)Y,FOF
018164,宏利养老目标2030一年持有混合(FOF)Y,FOF
018165,宝盈中证同业存单AAA指数7天持有,指数型
018166,东方红稳添利纯债E,债券型
018167,国泰有色矿业ETF联接A,指数型
018168,国泰有色矿业ETF联接C,指数型
018169,嘉实致诚纯债债券,债券型
018170,嘉实双季瑞享6个月持有债券A,债券型
018171,嘉实双季瑞享6个月持有债券C,债券型
018172,华泰柏瑞中证电力全指ETF发起式联接A,指数型
018173,华泰柏瑞中证电力全指ETF发起式联接C,指数型
018174,富国产业驱动混合C,混合型
018175,富国龙头优势混合C,混合型
018176,富国研究量化精选混合C,混合型
018177,华夏科创50指数增强A,指数型
018178,华夏科创50指数增强C,指数型
018179,华夏鼎庆一年定开债券发起式,债券型
018180,东方红30天滚动持有纯债A,债券型
018181,东方红30天滚动持有纯债C,债券型
018182,万家中证软件服务ETF发起式联接A,指数型
018183,万家中证软件服务ETF发起式联接C,指数型
018184,万家先进制造混合发起式A,混合型
018185,万家先进制造混合发起式C,混合型
018186,东方红益丰纯债债券C,债券型
018187,富国裕利债券E,债券型
018188,东财景气成长混合发起式A,混合型
018189,东财景气成长混合发起式C,混合型
018190,东财产业智选混合发起式A,混合型
018191,东财产业智选混合发起式C,混合型
018192,建信鑫弘180天持有期债券A,债券型
018193,建信鑫弘180天持有期债券C,债券型
018194,建信新材料精选股票发起A,股票型
018195,建信新材料精选股票发起C,股票型
018196,兴全恒远债券A,债券型
018197,兴全恒远债券C,债券型
018198,交银稳进丰利六个月持有期混合A,混合型
018199,交银稳进丰利六个月持有期混合C,混合型
018200,嘉实恒生消费ETF发起联接(QDII)A,指数型
018201,嘉实恒生消费ETF发起联接(QDII)C,指数型
018202,中信建投添鑫宝C,货币型
018203,信澳核心科技混合C,混合型
018204,金信优质成长混合A,混合型
018205,嘉实薪金宝货币B,货币型
018206,永赢浩益一年定开债券发起,债券型
018207,申万菱信中证沪港深数字经济主题指数型发起式A,指数型
018208,申万菱信中证沪港深数字经济主题指数型发起式C,指数型
018209,富国精准医疗混合C,混合型
018210,红土创新景气回报混合A,混合型
018211,红土创新景气回报混合C,混合型
018212,兴银稳惠180天持有期混合A,混合型
018213,兴银稳惠180天持有期混合C,混合型
018214,景顺长城景颐辰利债券A,债券型
018215,景顺长城景颐辰利债券C,债券型
018216,长城久恒灵活配置混合C,混合型
018217,博时厚泽匠选一年持有期混合A,混合型
018218,博时厚泽匠选一年持有期混合C,混合型
018219,红土创新中证同业存单AAA指数7天持有期,指数型
018220,广发品质优选混合发起式A,混合型
018221,广发品质优选混合发起式C,混合型
018222,工银优质精选混合C,混合型
018223,华安添荣中短债C,债券型
018224,广发均衡价值混合C,混合型
018225,大成策略回报混合C,混合型
018226,瑞达先进制造混合型发起式A,混合型
018227,瑞达先进制造混合型发起式C,混合型
018228,万家日日薪E,货币型
018229,易方达全球优质企业混合(QDII)A(人民币份额),QDII
018230,易方达全球优质企业混合(QDII)C(人民币份额),QDII
018231,易方达全球优质企业混合(QDII)A(美元现汇份额),QDII
018232,易方达全球优质企业混合(QDII)C(美元现汇份额),QDII
018233,浙商中证1000指数增强A,指数型
018234,浙商中证1000指数增强C,指数型
018235,光大新机遇混合C,混合型
018236,光大景气先锋混合C,混合型
018237,长盛创新驱动混合C,混合型
018238,广发恒生中型股指数(LOF)E,指数型
018239,中银嘉享3个月定期开放债券D,债券型
018240,嘉实制造升级股票发起式A,股票型
018241,嘉实制造升级股票发起式C,股票型
018242,万家颐德一年持有期混合A,混合型
018243,万家颐德一年持有期混合C,混合型
018244,嘉实产业精选混合A,混合型
018245,嘉实产业精选混合C,混合型
018246,富国研究优选沪港深灵活配置混合C,混合型
018247,长盛盛华一年定开债券发起式,债券型
018248,中欧致和混合A,混合型
018249,中欧致和混合C,混合型
018250,华泰保兴科睿一年持有混合发起A,混合型
018251,华泰保兴科睿一年持有混合发起C,混合型
018252,上银聚合益一年定开债券发起式,债券型
018253,平安利率债A,债券型
018254,平安利率债C,债券型
018255,国泰鑫鸿一年定期开放债券发起式,债券型
018256,国寿安保安泰三个月定期开放债券,债券型
018257,国泰海通沪深300指数增强发起A,指数型
018258,国泰海通沪深300指数增强发起C,指数型
018260,国联融誉双华6个月持有债券A,债券型
018261,国联融誉双华6个月持有债券C,债券型
018262,天弘臻享一年定开债券发起,债券型
018263,海富通稳健养老目标一年持有混合(FOF)Y,FOF
018264,海富通平衡养老目标三年持有期混合(FOF)Y,FOF
018266,富国中债7-10年政策性金融债ETF发起式联接A,指数型
018267,富国中债7-10年政策性金融债ETF发起式联接C,指数型
018270,富国鑫旺积极养老目标五年持有期混合发起式(FOF)A,FOF
018271,工银恒享纯债债券C,债券型
018272,嘉实稳健兴享6个月持有期债券A,债券型
018273,嘉实稳健兴享6个月持有期债券C,债券型
018274,嘉实民康平衡养老三年持有期混合发起(FOF),FOF
018275,蜂巢丰嘉债券A,债券型
018276,蜂巢丰嘉债券C,债券型
018277,博时稳健增利债券A,债券型
018278,博时稳健增利债券C,债券型
018281,山证资管创新成长混合发起式A,混合型
018282,山证资管创新成长混合发起式C,混合型
018285,博时集兴配置优选6个月持有混合发起式(FOF)A,FOF
018286,博时集兴配置优选6个月持有混合发起式(FOF)C,FOF
018287,信澳优势产业混合A,混合型
018288,信澳优势产业混合C,混合型
018289,广发趋势动力混合C,混合型
018290,广发龙头优选混合C,混合型
018291,广发新兴成长混合C,混合型
018292,华夏国证2000指数增强发起式A,指数型
018293,华夏国证2000指数增强发起式C,指数型
018294,景顺长城国企价值混合A,混合型
018295,景顺长城国企价值混合C,混合型
018296,金元顺安丰祥债券C,债券型
018297,南方浩稳优选9个月持有混合(FOF)A,FOF
018298,南方浩稳优选9个月持有混合(FOF)C,FOF
018299,中信保诚智惠金货币E,货币型
018300,华夏消费电子ETF联接A,指数型
018301,华夏消费电子ETF联接C,指数型
018302,华夏聚盈优选三个月持有混合发起式(FOF)A,FOF
018303,华夏聚盈优选三个月持有混合发起式(FOF)C,FOF
018304,华夏聚源优选三个月持有混合(FOF)A,FOF
018305,华夏聚源优选三个月持有混合(FOF)C,FOF
018309,招商社会责任混合A,混合型
018310,招商社会责任混合C,混合型
018311,招商社会责任混合D,混合型
018312,易方达如意安诚六个月持有混合(FOF)A,FOF
018313,易方达如意安诚六个月持有混合(FOF)C,FOF
018314,易方达养老2055五年持有混合(FOF)A,FOF
018315,易方达中证装备产业ETF联接发起式A,指数型
018316,易方达中证装备产业ETF联接发起式C,指数型
018317,招商添泰1年定开债发起式,债券型
018318,富国智选积极3个月持有期混合(FOF)A,FOF
018319,富国智选积极3个月持有期混合(FOF)C,FOF
018320,富国收益宝交易型货币C,货币型
018321,兴全安悦平衡养老三年持有混合(FOF)Y,FOF
018324,金信民发货币E,货币型
018325,国泰海通创新成长混合发起A,混合型
018326,国泰海通创新成长混合发起C,混合型
018327,太平低碳经济混合发起式A,混合型
018328,太平低碳经济混合发起式C,混合型
018329,泉果思源三年持有期混合A,混合型
018330,泉果思源三年持有期混合C,混合型
018331,民生加银腾元宝货币D,货币型
018332,嘉实新兴景气混合发起式A,混合型
018333,嘉实新兴景气混合发起式C,混合型
018334,华夏中证智选1000成长创新策略ETF发起式联接A,指数型
018335,华夏中证智选1000成长创新策略ETF发起式联接C,指数型
018336,华夏恒生中国企业ETF发起式联接(QDII)A,指数型
018337,华夏恒生中国企业ETF发起式联接(QDII)C,指数型
018342,国富研究精选混合C,混合型
018343,汇安中证同业存单AAA指数7天持有期,指数型
018344,华夏中证机器人ETF发起式联接A,指数型
018345,华夏中证机器人ETF发起式联接C,指数型
018346,长信长金通货币C,货币型
018347,富安达智优量化选股混合型发起式A,混合型
018348,富安达中证同业存单AAA指数7天持有期,指数型
018349,长信长金通货币D,货币型
018350,万家欣优混合A,混合型
018351,国泰海通周期精选混合发起A,混合型
018352,国泰海通周期精选混合发起C,混合型
018353,国泰民泽平衡养老目标三年持有期混合(FOF)Y,FOF
018354,广发养老目标日期2035三年持有期混合发起式(FOF)Y,FOF
018355,安信中证同业存单AAA指数7天持有,指数型
018356,万家欣优混合C,混合型
018357,工银货币C,货币型
018358,华富数字经济混合A,混合型
018359,华富数字经济混合C,混合型
018360,国泰海通中证同业存单AAA指数7天持有,指数型
018361,安信禧悦稳健养老一年持有混合(FOF)Y,FOF
018362,东方阿尔法瑞丰混合发起A,混合型
018363,东方阿尔法瑞丰混合发起C,混合型
018364,银华医疗健康混合A,混合型
018365,银华医疗健康混合C,混合型
018366,国泰海通君添利中短债发起D,债券型
018367,工银薪金货币C,货币型
018370,华夏创业板指数增强A,指数型
018371,华夏创业板指数增强C,指数型
018372,中泰星锐景气成长混合A,混合型
018373,中泰星锐景气成长混合C,混合型
018374,国富养老目标日期2045三年持有期混合发起式(FOF),FOF
018375,金信景气优选混合A,混合型
018376,金信景气优选混合C,混合型
018377,融通远见价值一年持有期混合A,混合型
018378,融通远见价值一年持有期混合C,混合型
018379,万家国证新能源车电池ETF发起式联接A,指数型
018380,万家国证新能源车电池ETF发起式联接C,指数型
018381,安信红利精选混合A,混合型
018382,安信红利精选混合C,混合型
018383,招商上证综合指数增强发起式A,指数型
018384,招商上证综合指数增强发起式C,指数型
018385,招商中证全指软件ETF发起式联接A,指数型
018386,招商中证全指软件ETF发起式联接C,指数型
018387,华泰柏瑞港股通红利ETF联接基金A,指数型
018388,华泰柏瑞港股通红利ETF联接基金C,指数型
018389,国投瑞银新兴产业混合(LOF)C,混合型
018390,国富中国收益混合C,混合型
018391,南方上海金ETF联接A,指数型
018392,南方上海金ETF联接C,指数型
018393,富国稳健添利债券A,债券型
018394,富国稳健添利债券C,债券型
018395,招商中证全指医疗器械ETF发起式联接A,指数型
018396,招商中证全指医疗器械ETF发起式联接C,指数型
018397,博时中证医疗指数发起式A,指数型
018398,博时中证医疗指数发起式C,指数型
018399,博时臻选楚汇三个月持有债券(FOF)A,FOF
018400,博时臻选楚汇三个月持有债券(FOF)C,FOF
018401,嘉实成长驱动混合A,混合型
018402,嘉实成长驱动混合C,混合型
018403,富国稳健添利债券E,债券型
018404,富安达智优量化选股混合型发起式C,混合型
018405,朱雀产业精选混合A,混合型
018406,朱雀产业精选混合C,混合型
018407,博时富耀一年定开债发起式,债券型
018408,南方现金增利货币C,货币型
018409,中欧价值回报混合A,混合型
018410,中欧价值回报混合C,混合型
018411,易方达芯片ETF联接A,指数型
018412,易方达芯片ETF联接C,指数型
018413,大成竞争优势混合C,混合型
018414,南方稳瑞90天持有债券A,债券型
018415,南方稳瑞90天持有债券C,债券型
018416,东吴添瑞三个月定开债券A,债券型
018417,东吴添瑞三个月定开债券C,债券型
018418,广发碳中和主题混合发起式A,混合型
018419,广发碳中和主题混合发起式C,混合型
018420,汇添富稳航30天持有债券A,债券型
018421,汇添富稳航30天持有债券C,债券型
018422,汇添富稳裕30天滚动持有债券A,债券型
018423,汇添富稳裕30天滚动持有债券C,债券型
018424,路博迈中国机遇混合A,混合型
018425,路博迈中国机遇混合C,混合型
018426,国泰海通安裕纯债一年定开债券,债券型
018427,信澳瑞享利率债A,债券型
018428,摩根双季鑫6个月持有债券(FOF)A,FOF
018429,摩根双季鑫6个月持有债券(FOF)C,FOF
018430,摩根世代趋势混合发起式A,混合型
018431,摩根世代趋势混合发起式C,混合型
018432,嘉实恒生医疗保健ETF发起联接(QDII)A,指数型
018433,嘉实恒生医疗保健ETF发起联接(QDII)C,指数型
018434,嘉实均衡配置混合,混合型
018436,易方达保证金货币C,货币型
018437,易方达保证金货币D,货币型
018438,财通资管品质消费混合发起式A,混合型
018439,财通资管品质消费混合发起式C,混合型
018440,汇添富量化选股混合A,混合型
018441,汇添富量化选股混合C,混合型
018442,汇添富成长领航混合A,混合型
018443,汇添富成长领航混合C,混合型
018444,东财瑞利债券A,债券型
018445,东财瑞利债券C,债券型
018446,工银领航三年持有混合,混合型
018447,长城价值优选混合C,混合型
018448,中欧琪和灵活配置混合E,混合型
018449,中欧瑾通灵活配置混合E,混合型
018450,富安达富祥利率债A,债券型
018451,富安达富祥利率债C,债券型
018452,银河中证同业存单AAA指数7天持有期,指数型
018453,蜂巢中证同业存单AAA指数7天持有期,指数型
018454,大成互联网思维混合C,混合型
018455,建信开元耀享9个月持有期混合发起A,混合型
018456,建信开元耀享9个月持有期混合发起C,混合型
018457,大成价值增长混合C,混合型
018458,华润元大润享三个月定开债A,债券型
018459,华润元大润享三个月定开债C,债券型
018460,大成新锐产业混合C,混合型
018461,大成积极成长混合C,混合型
018462,光大智能汽车主题股票C,股票型
018463,德邦稳盈增长灵活配置混合C,混合型
018464,光大睿盈混合C,混合型
018465,嘉实稳健添翼一年持有混合A,混合型
018466,嘉实稳健添翼一年持有混合C,混合型
018469,国富弹性市值混合C,混合型
018470,国富策略回报混合C,混合型
018471,南方津享稳健添利债券A,债券型
018472,南方津享稳健添利债券C,债券型
018475,万家恒生互联网科技业ETF发起式联接(QDII)A,指数型
018476,万家恒生互联网科技业ETF发起式联接(QDII)C,指数型
018477,富国安瑞30天持有期债券发起式A,债券型
018478,富国安瑞30天持有期债券发起式C,债券型
018479,东方红6个月持有债券A,债券型
018480,东方红6个月持有债券C,债券型
018481,中金恒新90天持有债券发起,债券型
018482,鹏华创业板50ETF联接A,指数型
018483,鹏华创业板50ETF联接C,指数型
018484,财通资管医疗保健混合A,混合型
018485,财通资管医疗保健混合C,混合型
018486,国投瑞银货币D,货币型
018487,汇添富鑫荣纯债A,债券型
018488,汇添富鑫荣纯债C,债券型
018489,万家中证工业有色金属主题ETF发起式联接A,指数型
018490,万家中证工业有色金属主题ETF发起式联接C,指数型
018491,格林聚合增强债券A,债券型
018492,格林聚合增强债券C,债券型
018493,西部利得汇鑫6个月持有期混合A,混合型
018494,西部利得汇鑫6个月持有期混合C,混合型
018495,融通产业趋势臻选股票C,股票型
018496,恒生前海恒润纯债A,债券型
018497,恒生前海恒润纯债C,债券型
018498,渤海汇金优选平衡一年持有混合发起(FOF)A,FOF
018499,渤海汇金优选平衡一年持有混合发起(FOF)C,FOF
018500,兴银收益增强C,债券型
018501,光大中国制造2025灵活配置混合C,混合型
018502,东财中证光伏指数发起式A,指数型
018503,东财中证光伏指数发起式C,指数型
018504,景顺长城周期优选混合A,混合型
018505,景顺长城周期优选混合C,混合型
018506,创金合信益久9个月持有期债券A,债券型
018507,创金合信益久9个月持有期债券C,债券型
018508,创金合信益久9个月持有期债券E,债券型
018509,国泰海通君享利30天滚动持有债券发起A,债券型
018510,国泰海通君享利30天滚动持有债券发起C,债券型
018511,东方红欣和积极3个月持有混合(FOF)A,FOF
018512,东方红欣和积极3个月持有混合(FOF)C,FOF
018513,易方达养老2045五年持有混合(FOF)A,FOF
018514,南方康乐养老目标日期2045三年持有混合发起(FOF)A,FOF
018515,中欧预见养老2040三年持有混合发起(FOF),FOF
018516,恒越安裕纯债债券,债券型
018517,民生加银量化中国混合C,混合型
018518,大成景信债券A,债券型
018519,大成景信债券C,债券型
018522,信澳颐远养老目标2055五年持有期混合型发起式(FOF),FOF
018523,华泰紫金恒生互联网科技业指数型发起基金(QDII)A,指数型
018524,华泰紫金恒生互联网科技业指数型发起基金(QDII)C,指数型
018527,银河星汇30天持有债券A,债券型
018528,银河星汇30天持有债券C,债券型
018529,华宝大健康混合C,混合型
018530,中欧稳鑫180天持有债券A,债券型
018531,中欧稳鑫180天持有债券C,债券型
018532,鹏华丰景债券,债券型
018533,南方中证互联网指数(LOF)C,指数型
018534,银河景泰债券A,债券型
018535,银河景泰债券C,债券型
018536,汇添富上证综合指数C,指数型
018537,中银鑫盛一年持有债券A,债券型
018538,中银鑫盛一年持有债券C,债券型
018539,中银富利6个月持有期混合A,混合型
018540,中银富利6个月持有期混合C,混合型
018541,建信鑫安回报灵活配置混合C,混合型
018543,汇添富黄金及贵金属(QDII-LOF-FOF)C,QDII
018544,国投瑞银美丽中国混合C,混合型
018545,国投瑞银瑞盛混合(LOF)C,混合型
018546,国投瑞银瑞盈混合(LOF)C,混合型
018547,金鹰产业智选一年持有混合A,混合型
018548,金鹰产业智选一年持有混合C,混合型
018549,金鹰研究驱动混合A,混合型
018550,金鹰研究驱动混合C,混合型
018551,宏利医药健康混合发起A,混合型
018552,宏利医药健康混合发起C,混合型
018553,景顺长城中小盘混合C,混合型
018554,交银启嘉混合A,混合型
018555,交银启嘉混合C,混合型
018556,中银新经济灵活配置混合C,混合型
018557,易方达港股通医药ETF联接A,指数型
018558,易方达港股通医药ETF联接C,指数型
018559,广发景佳纯债,债券型
018561,中信保诚多策略混合(LOF)C,混合型
018562,嘉实同舟债券A,债券型
018563,嘉实同舟债券C,债券型
018564,嘉实中证全指家用电器指数发起式A,指数型
018565,嘉实中证全指家用电器指数发起式C,指数型
018566,恒生前海恒源泓利债券A,债券型
018567,恒生前海恒源泓利债券C,债券型
018568,长信稳固60天滚动持有债券A,债券型
018569,长信稳固60天滚动持有债券C,债券型
018570,华宝安元债券A,债券型
018571,华宝安元债券C,债券型
018574,兴银丰盈灵活配置C,混合型
018575,鑫元慧享纯债3个月定开A,债券型
018576,鑫元慧享纯债3个月定开C,债券型
018577,摩根恒生科技ETF发起式联接(QDII)A,指数型
018578,摩根恒生科技ETF发起式联接(QDII)C,指数型
018579,鑫元国证2000指数增强A,指数型
018580,鑫元国证2000指数增强C,指数型
018581,中银纯债债券D,债券型
018582,华泰紫金碳中和混合发起A,混合型
018583,华泰紫金碳中和混合发起C,混合型
018584,浦银安盛普兴3个月定开债券,债券型
018585,汇添富养老2035三年持有混合(FOF),FOF
018586,汇添富双享增利债券A,债券型
018587,汇添富双享增利债券C,债券型
018588,易方达优势回报混合(FOF-LOF)C,FOF
018589,农银信息传媒股票C,股票型
018590,银华体育文化灵活配置混合C,混合型
018591,博时中证银行指数(LOF)C,指数型
018592,中欧汇利债券A,债券型
018593,中欧汇利债券C,债券型
018594,格林泓盈利率债,债券型
018595,华商利欣回报债券A,债券型
018596,华商利欣回报债券C,债券型
018597,兴全招益债券A,债券型
018598,兴全招益债券C,债券型
018599,交银天利宝货币C,货币型
018600,景顺长城鼎益混合(LOF)C,混合型
018601,长城集利债券发起式A,债券型
018602,长城集利债券发起式C,债券型
018603,永赢鑫欣混合C,混合型
018604,民生加银添润债券A,债券型
018605,中银养老目标日期2035三年持有混合发起(FOF),FOF
018606,融通通祺债券C,债券型
018607,建信现金添利货币C,货币型
018608,国投瑞银增利宝货币D,货币型
018609,华泰柏瑞锦合债券,债券型
018610,兴全中证同业存单AAA指数7天持有,指数型
018611,鹏华高端装备一年持有期混合A,混合型
018612,鹏华高端装备一年持有期混合C,混合型
018613,红塔红土中证同业存单AAA指数7天持有,指数型
018614,万家货币D,货币型
018615,光大睿阳纯债债券A,债券型
018616,光大睿阳纯债债券C,债券型
018617,民生加银添润债券C,债券型
018618,中信保诚远见成长混合A,混合型
018619,中信保诚远见成长混合C,混合型
018620,兴全兴晨六个月持有混合A,混合型
018621,兴全兴晨六个月持有混合C,混合型
018622,创金合信尊享纯债债券C,债券型
018623,海富通盈丰一年定开债券发起式,债券型
018624,国泰海通君增利60天滚动持有债券发起式A,债券型
018625,国泰海通君增利60天滚动持有债券发起式C,债券型
018626,富国兴享回报6个月持有期混合A,混合型
018627,富国兴享回报6个月持有期混合C,混合型
018632,银华顺和债券,债券型
018633,财通中证500指数增强A,指数型
018634,财通中证500指数增强C,指数型
018635,嘉实稳健增利6个月持有混合A,混合型
018636,嘉实稳健增利6个月持有混合C,混合型
018637,农银金恒债券,债券型
018638,国泰研究优势混合C,混合型
018639,中加民丰纯债C,债券型
018640,华安沣润债券A,债券型
018641,华安沣润债券C,债券型
018642,金鹰添福纯债债券A,债券型
018643,金鹰添福纯债债券C,债券型
018644,金鹰悦享债券A,债券型
018645,金鹰悦享债券C,债券型
018646,易方达中证家电龙头ETF联接发起式A,指数型
018647,易方达中证家电龙头ETF联接发起式C,指数型
018648,永赢鑫享混合C,混合型
018649,富国安益货币E,货币型
018650,光大国企改革股票C,股票型
018651,信澳通合稳健三个月持有期混合型(FOF)A,FOF
018652,信澳通合稳健三个月持有期混合型(FOF)C,FOF
018653,万家国证2000指数增强A,指数型
018654,万家国证2000指数增强C,指数型
018655,光大保德信耀钱包货币C,货币型
018656,新华行业周期轮换混合C,混合型
018657,融通通和债券C,债券型
018658,兴银消费新趋势灵活配置C,混合型
018659,德邦如意货币E,货币型
018660,中科沃土转型升级混合C,混合型
018661,大成中证1000指数增强发起式A,指数型
018662,大成中证1000指数增强发起式C,指数型
018663,中欧国证2000指数增强A,指数型
018664,中欧国证2000指数增强C,指数型
018665,南方宁元债券A,债券型
018666,鹏扬利沣短债D,债券型
018667,国寿安保鑫钱包货币C,货币型
018668,中信建投景润3个月定开债券D,债券型
018669,兴华安惠纯债A,债券型
018670,兴华安惠纯债C,债券型
018671,广发添利货币C,货币型
018672,广发安诚养老目标2040三年持有混合发起式(FOF)A,FOF
018673,财通资管康恒平衡养老目标三年持有混合发起式(FOF)A,FOF
018674,渤海汇金优选进取6个月持有混合发起(FOF)A,FOF
018675,渤海汇金优选进取6个月持有混合发起(FOF)C,FOF
018676,渤海汇金汇享益利率债A,债券型
018677,渤海汇金汇享益利率债C,债券型
018678,中泰中证同业存单AAA指数7天持有,指数型
018679,招商安和债券A,债券型
018680,招商安和债券C,债券型
018681,国联安气候变化混合C,混合型
018682,鑫元浩鑫增强债券A,债券型
018683,鑫元浩鑫增强债券C,债券型
018684,汇泉安盈回报债券E,债券型
018685,银华中债1-3年国开行债券指数D,指数型
018686,博时证券公司ETF联接C,指数型
018687,东方养老目标2050五年持有混合发起(FOF)A,FOF
018688,鑫元鑫选稳健养老目标一年持有偏债混合(FOF)A,FOF
018689,永赢恒欣稳健养老目标三年持有混合(FOF)Y,FOF
018690,德邦大健康灵活配置混合C,混合型
018691,兴全恒盛90天持有债券A,债券型
018692,兴全恒盛90天持有债券C,债券型
018693,大成核心双动力混合C,混合型
018694,大成智惠量化多策略混合C,混合型
018695,博道消费智航C,股票型
018696,建信优享养老三年持有混合(FOF)Y,FOF
018697,尚正臻元债券,债券型
018698,国投瑞银盛煊混合A,混合型
018699,国投瑞银盛煊混合C,混合型
018700,海富通养老目标日期2035(FOF)Y,FOF
018701,中银惠利半年定期开放债券B,债券型
018702,德邦优化C,混合型
018705,财通鼎欣量化选股18个月定开混合,混合型
018706,兴银先进制造智选混合发起A,混合型
018707,兴银先进制造智选混合发起C,混合型
018708,交银悦信精选混合A,混合型
018709,交银悦信精选混合C,混合型
018710,鹏华沪深港新兴成长混合C,混合型
018711,华泰柏瑞祥泰稳健养老目标偏债一年(FOF)A,FOF
018714,平安新鑫优选混合A,混合型
018715,平安新鑫优选混合C,混合型
018716,工银瑞宁3个月定开债券A,债券型
018717,工银瑞宁3个月定开债券C,债券型
018718,中银证券安澈债券A,债券型
018719,中银证券安澈债券C,债券型
018720,国联添安稳健养老目标一年持有混合(FOF)Y,FOF
018721,华夏中证港股通50ETF发起式联接A,指数型
018722,华夏中证港股通50ETF发起式联接C,指数型
018723,华泰保兴中证同业存单AAA指数7天持有期,指数型
018724,长信汇智量化选股混合A,混合型
018725,长信汇智量化选股混合C,混合型
018726,广发匠心优选三年持有混合发起式A,混合型
018727,广发匠心优选三年持有混合发起式C,混合型
018728,华夏智胜新锐股票A,股票型
018729,华夏智胜新锐股票C,股票型
018730,华夏招鑫鸿瑞混合A,混合型
018731,华夏招鑫鸿瑞混合C,混合型
018732,华夏中证智选1000价值稳健策略ETF发起式联接A,指数型
018733,华夏中证智选1000价值稳健策略ETF发起式联接C,指数型
018734,华夏中证绿色电力ETF发起式联接A,指数型
018735,华夏中证绿色电力ETF发起式联接C,指数型
018736,景顺长城景颐裕利债券A,债券型
018737,景顺长城景颐裕利债券C,债券型
018738,博时标普500ETF联接E(人民币),指数型
018739,国投瑞银恒源30天持有期债券A,债券型
018740,国投瑞银恒源30天持有期债券C,债券型
018741,万家集利债券发起式A,债券型
018742,万家集利债券发起式C,债券型
018743,易方达优选投资级信用指数发起式C,指数型
018744,长信90天滚动持有债券A,债券型
018745,长信90天滚动持有债券C,债券型
018746,永赢匠心增利债券A,债券型
018747,永赢匠心增利债券C,债券型
018748,富国安恒60天持有期债券发起式A,债券型
018749,富国安恒60天持有期债券发起式C,债券型
018750,山证资管精选行业混合发起式A,混合型
018751,山证资管精选行业混合发起式C,混合型
018752,天弘阿尔法优选混合A,混合型
018753,天弘阿尔法优选混合C,混合型
018754,兴业均衡优选混合A,混合型
018755,兴业均衡优选混合C,混合型
018756,睿远稳益增强30天持有债券A,债券型
018757,睿远稳益增强30天持有债券C,债券型
018758,山证资管汇利一年定开债券A,债券型
018759,山证资管汇利一年定开债券C,债券型
018761,鑫元乐享90天持有债券A,债券型
018762,鑫元乐享90天持有债券C,债券型
018763,汇添富稳荣回报债券发起式A,债券型
018764,汇添富稳荣回报债券发起式C,债券型
018765,汇添富稳丰回报债券发起式A,债券型
018766,汇添富稳丰回报债券发起式C,债券型
018767,汇添富稳乐回报债券发起式A,债券型
018768,汇添富稳乐回报债券发起式C,债券型
018769,汇添富90天短债D,债券型
018770,汇添富收益快钱货币F,货币型
018771,汇添富稳合4个月持有债券D,债券型
018772,南方惠享稳健添利债券A,债券型
018773,南方惠享稳健添利债券C,债券型
018774,汇添富华证专精特新100指数发起式A,指数型
018775,汇添富华证专精特新100指数发起式C,指数型
018776,金信精选成长混合A,混合型
018777,金信精选成长混合C,混合型
018780,安信活期宝货币C,货币型
018781,泓德添利货币E,货币型
018782,汇丰晋信货币C,货币型
018783,交银新生活力灵活配置混合C,混合型
018784,信澳鑫瑞6个月持有期债券A,债券型
018785,信澳鑫瑞6个月持有期债券C,债券型
018786,招商国证2000指数增强A,指数型
018787,招商国证2000指数增强C,指数型
018788,中信建投臻选成长混合发起式A,混合型
018789,中信建投臻选成长混合发起式C,混合型
018790,华泰柏瑞均衡成长混合A,混合型
018791,华泰柏瑞均衡成长混合C,混合型
018792,汇添富和聚宝货币B,货币型
018793,汇添富和聚宝货币D,货币型
018794,汇添富稳益60天持有债券A,债券型
018795,汇添富稳益60天持有债券C,债券型
018796,海富通远见回报混合A,混合型
018797,海富通远见回报混合C,混合型
018798,易方达安裕60天持有债券A,债券型
018799,易方达安裕60天持有债券C,债券型
018804,广发添福90天持有债券A,债券型
018805,广发添福90天持有债券C,债券型
018806,华安国企机遇混合A,混合型
018807,华安国企机遇混合C,混合型
018808,财通中证同业存单AAA指数7天持有期,指数型
018809,长信中证同业存单AAA指数7天持有,指数型
018810,易方达天天理财货币D,货币型
018812,兴业稳健优选6个月持有混合(FOF)A,FOF
018813,兴业稳健优选6个月持有混合(FOF)C,FOF
018814,中金金安债券,债券型
018815,方正富邦核心优势混合A,混合型
018816,方正富邦核心优势混合C,混合型
018817,景顺长城中小创精选股票C,股票型
018818,鑫元数字经济混合发起式A,混合型
018819,鑫元数字经济混合发起式C,混合型
018820,富国智诚精选3个月持有期混合(FOF)C,FOF
018821,银华新材料混合发起式A,混合型
018822,银华新材料混合发起式C,混合型
018823,国金智享量化选股混合A,混合型
018824,国金智享量化选股混合C,混合型
018825,安信平衡养老目标三年持有期混合发起(FOF)A,FOF
018826,兴银创盈一年定开债发起,债券型
018827,鑫元科技创新混合A,混合型
018828,鑫元科技创新混合C,混合型
018829,兴业嘉远债券,债券型
018830,汇添富稳健回报债券A,债券型
018831,汇添富稳健回报债券C,债券型
018832,建信兴利灵活配置混合C,混合型
018834,易方达汇享稳健养老一年持有混合(FOF)A,FOF
018835,广发成长启航混合A,混合型
018836,广发成长启航混合C,混合型
018837,广发养老目标2060五年持有混合发起式(FOF)A,FOF
018838,广发添财30天持有债券A,债券型
018839,广发添财30天持有债券C,债券型
018840,汇添富稳元回报债券发起式A,债券型
018841,汇添富稳元回报债券发起式C,债券型
018842,长江安悦利率债债券A,债券型
018843,长江安悦利率债债券C,债券型
018844,创金合信利辉利率债债券A,债券型
018845,创金合信利辉利率债债券C,债券型
018846,华泰保兴尊睿6个月持有债券发起A,债券型
018847,华泰保兴尊睿6个月持有债券发起C,债券型
018848,中海信息产业混合C,混合型
018849,鑫元恒鑫收益增强债券型发起式E,债券型
018850,博时合晶货币A,货币型
018851,博时标普石油天然气勘探及生产精选行业指数发起(QDII)A人民币,指数型
018852,博时标普石油天然气勘探及生产精选行业指数发起(QDII)A美元现汇,指数型
018853,博时标普石油天然气勘探及生产精选行业指数发起(QDII)C人民币,指数型
018854,博时标普石油天然气勘探及生产精选行业指数发起(QDII)C美元现汇,指数型
018855,东方锦合一年定开债券发起式,债券型
018858,惠升和安纯债A,债券型
018859,惠升和安纯债C,债券型
018860,嘉实产业优选混合(LOF)C,混合型
018861,景顺长城量化港股通股票C,股票型
018862,大成创优鑫选混合A,混合型
018863,大成创优鑫选混合C,混合型
018864,广发中证传媒ETF联接E,指数型
018865,泓德数字经济混合发起式A,混合型
018866,泓德数字经济混合发起式C,混合型
018867,东方红3个月定开纯债,债券型
018868,兴全品质甄选混合A,混合型
018869,兴全品质甄选混合C,混合型
018870,银河产业动力混合C,混合型
018871,银河乐活优萃混合C,混合型
018872,银河量化优选混合C,混合型
018873,中信建投凤凰货币C,货币型
018874,民生加银现金增利货币E,货币型
018875,创金合信货币E,货币型
018876,兴合先进制造混合发起式A,混合型
018877,兴合先进制造混合发起式C,混合型
018878,富安达富禧纯债30天持有债券A,债券型
018879,富安达富禧纯债30天持有债券C,债券型
018880,中欧稳丰90天持有债券A,债券型
018881,中欧稳丰90天持有债券C,债券型
018884,建信开元惠享6个月持有期债券发起式A,债券型
018885,建信开元惠享6个月持有期债券发起式C,债券型
018886,东海数字经济混合发起式A,混合型
018887,东海数字经济混合发起式C,混合型
018888,银河主题混合C,混合型
018889,银河服务混合C,混合型
018890,大成锐见未来混合A,混合型
018891,大成锐见未来混合C,混合型
018892,招商安康债券A,债券型
018893,招商安康债券C,债券型
018896,易方达消费电子ETF联接A,指数型
018897,易方达消费电子ETF联接C,指数型
018898,易方达悦和稳健债券A,债券型
018899,易方达悦和稳健债券C,债券型
018901,招商回报优选混合发起式A,混合型
018902,招商回报优选混合发起式C,混合型
018903,建信中债1-3年政金债指数A,指数型
018904,建信中债1-3年政金债指数C,指数型
018905,国泰交通运输ETF联接A,指数型
018906,国泰交通运输ETF联接C,指数型
018907,博时合鑫货币A,货币型
018910,中欧科技成长混合A,混合型
018911,中欧科技成长混合C,混合型
018912,东方养老目标2040三年持有混合发起(FOF),FOF
018913,汇添富添福睿鑫积极养老目标五年持有混合发起(FOF),FOF
018914,华夏聚嘉优选三个月持有混合(FOF)A,FOF
018915,华夏聚嘉优选三个月持有混合(FOF)C,FOF
018916,华夏专精特新混合发起式A,混合型
018917,华夏专精特新混合发起式C,混合型
018918,华夏清洁能源龙头混合发起式A,混合型
018919,华夏清洁能源龙头混合发起式C,混合型
018920,东方红中证优势成长指数发起A,指数型
018921,东方红中证优势成长指数发起C,指数型
018922,民生加银恒源债券,债券型
018923,华安现金富利货币E,货币型
018924,南方金添利三年定开债券A,债券型
018925,南方金添利三年定开债券C,债券型
018926,南方储能电池ETF联接A,指数型
018927,南方储能电池ETF联接C,指数型
018928,蜂巢丰旭债券A,债券型
018929,蜂巢丰旭债券C,债券型
018930,湘财均衡甄选混合A,混合型
018931,湘财均衡甄选混合C,混合型
018932,中信保诚四季红混合C,混合型
018933,长盛城镇化主题混合C,混合型
018934,长盛互联网+混合C,混合型
018936,招商稳恒中短债60天持有期债券D,债券型
018937,财通医药健康混合A,混合型
018938,财通医药健康混合C,混合型
018939,长城景气成长混合A,混合型
018940,长城景气成长混合C,混合型
018941,长城裕利债券发起式A,债券型
018942,长城裕利债券发起式C,债券型
018943,银河钱包货币E,货币型
018946,招商安益灵活配置混合C,混合型
018947,汇添富沪深300安中指数C,指数型
018948,东方红睿满沪港深混合(LOF)C,混合型
018949,东方红睿华沪港深混合(LOF)C,混合型
018950,汇添富稳利60天短债B,债券型
018951,中银机构现金管理货币C,货币型
018952,安信宝利债券(LOF)E,债券型
018953,民生加银现金宝货币D,货币型
018954,富国收益增强债券E,债券型
018955,易方达天天发货币D,货币型
018956,中航机遇领航混合发起A,混合型
018957,中航机遇领航混合发起C,混合型
018958,富国双债增强债券E,债券型
018959,中银鑫呈一年定开债券发起式,债券型
018960,永赢易弘债券C,债券型
018961,永赢瑞益债券B,债券型
018962,永赢昭利债券D,债券型
018963,国泰海通量化选股混合发起D,混合型
018964,国联恒鑫纯债E,债券型
018965,富国稳健增强债券E,债券型
018966,汇添富纳斯达克100ETF发起式联接(QDII)人民币A,指数型
018967,汇添富纳斯达克100ETF发起式联接(QDII)人民币C,指数型
018968,汇添富纳斯达克100ETF发起式联接(QDII)美元现汇,指数型
018969,汇添富纳斯达克100ETF发起式联接(QDII)美元现钞,指数型
018970,光大恒利纯债债券D,债券型
018971,富国致弘量化选股股票A,股票型
018972,富国致弘量化选股股票C,股票型
018975,中信建投消费升级混合发起式A,混合型
018976,中信建投消费升级混合发起式C,混合型
018977,中信建投惠享债券A,债券型
018978,中信建投惠享债券C,债券型
018979,中信建投民享稳健养老目标一年持有混合发起式(FOF),FOF
018980,富国优化增强债券E,债券型
018981,湘财鑫利纯债A,债券型
018982,湘财鑫利纯债C,债券型
018983,国泰海通新材料混合发起A,混合型
018984,国泰海通新材料混合发起C,混合型
018985,信澳双创智选混合A,混合型
018986,信澳双创智选混合C,混合型
018987,富安达科技领航混合C,混合型
018988,博时双季益六个月持有期债券A,债券型
018989,博时双季益六个月持有期债券C,债券型
018990,兴银智选消费混合A,混合型
018991,兴银智选消费混合C,混合型
018992,兴银长盈定开债C,债券型
018993,中欧数字经济混合发起A,混合型
018994,中欧数字经济混合发起C,混合型
018995,景顺长城中国回报混合C,混合型
018996,易方达优选投资级信用指数发起式A,指数型
018997,中银弘享债券B,债券型
018998,景顺长城研究精选股票C,股票型
018999,万家趋势领先混合A,混合型
019000,万家趋势领先混合C,混合型
019001,华夏中证智选500价值稳健策略ETF发起式联接A,指数型
019002,华夏中证智选500价值稳健策略ETF发起式联接C,指数型
019003,易方达科技智选混合A,混合型
019004,易方达科技智选混合C,混合型
019005,国投瑞银白银期货(LOF)C,商品
019006,蜂巢先进制造混合发起式A,混合型
019007,蜂巢先进制造混合发起式C,混合型
019008,东方红远见领航混合发起A,混合型
019009,东方红远见领航混合发起C,混合型
019012,富国鑫汇养老目标日期2045五年持有期混合发起式(FOF)Y,FOF
019013,景顺长城国证2000指数增强A,指数型
019014,景顺长城国证2000指数增强C,指数型
019015,中欧国企红利混合A,混合型
019016,中欧国企红利混合C,混合型
019017,汇丰晋信中证同业存单AAA指数7天持有,指数型
019018,易方达信息产业混合C,混合型
019020,易方达医疗保健行业混合C,混合型
019021,合煦智远诚正30天持有期债券A,债券型
019022,合煦智远诚正30天持有期债券C,债券型
019023,长城收益宝货币D,货币型
019024,易方达信息行业精选股票C,股票型
019026,易方达金融行业股票发起式C,股票型
019027,广发添福30天持有债券A,债券型
019028,广发添福30天持有债券C,债券型
019029,华宝医药生物混合C,混合型
019030,信澳星耀智选混合A,混合型
019031,信澳星耀智选混合C,混合型
019032,易方达环保主题混合C,混合型
019034,易方达高端制造混合发起式C,混合型
019035,易方达全球医药行业混合发起式(QDII)C(人民币),QDII
019036,易方达全球医药行业混合发起式(QDII)C(美元现汇),QDII
019037,博道中证同业存单AAA指数7天持有期,指数型
019038,海富通添利收益一年持有期债券A,债券型
019039,海富通添利收益一年持有期债券C,债券型
019040,国联日盈C,货币型
019041,浦银安盛稳健富利180天持有债券A,债券型
019042,浦银安盛稳健富利180天持有债券C,债券型
019043,华夏鼎创债券A,债券型
019044,华夏鼎创债券C,债券型
019045,申万菱信安泰裕利纯债债券A,债券型
019046,申万菱信安泰裕利纯债债券C,债券型
019047,嘉实致裕纯债债券,债券型
019048,嘉实汇享30天持有期纯债债券A,债券型
019049,嘉实汇享30天持有期纯债债券C,债券型
019050,鑫元货币E,货币型
019051,华泰柏瑞科技创新混合发起式A,混合型
019052,华泰柏瑞科技创新混合发起式C,混合型
019053,华商元亨混合C,混合型
019054,富国价值成长混合A,混合型
019055,富国价值成长混合C,混合型
019056,百嘉百川30天持有纯债债券A,债券型
019057,百嘉百川30天持有纯债债券C,债券型
019058,易方达中证绿色电力ETF联接发起式A,指数型
019059,易方达中证绿色电力ETF联接发起式C,指数型
019060,博时富源纯债债券C,债券型
019061,易方达中证软件服务ETF联接发起式A,指数型
019062,易方达中证软件服务ETF联接发起式C,指数型
019063,兴全恒荣债券A,债券型
019064,兴全恒荣债券C,债券型
019065,安信浩盈6个月持有混合C,混合型
019066,博时央创ETF联接E,指数型
019067,博时安盈债券E,债券型
019068,永赢华嘉信用债E,债券型
019069,永赢开泰中高等级中短债D,债券型
019070,永赢开泰中高等级中短债E,债券型
019071,嘉实国证通信ETF发起联接A,指数型
019072,嘉实国证通信ETF发起联接C,指数型
019073,建信鑫利灵活配置混合C,混合型
019074,泰康长江经济带债券D,债券型
019075,嘉实全球产业精选混合发起式(QDII)人民币,QDII
019076,嘉实全球产业精选混合发起式(QDII)美元,QDII
019077,万家颐达灵活配置混合C,混合型
019078,安信现金增利货币C,货币型
019079,国富招瑞优选股票A,股票型
019080,国富招瑞优选股票C,股票型
019081,山证资管中债1-3年国开债指数A,指数型
019082,山证资管中债1-3年国开债指数C,指数型
019083,万家稳安60天持有期债券A,债券型
019084,万家稳安60天持有期债券C,债券型
019085,工银价值精选混合A,混合型
019086,工银价值精选混合C,混合型
019087,工银中证稀有金属主题ETF发起式联接A,指数型
019088,工银中证稀有金属主题ETF发起式联接C,指数型
019089,华润元大信息传媒科技混合C,混合型
019090,博时中证新能源汽车ETF发起式联接A,指数型
019091,博时中证新能源汽车ETF发起式联接C,指数型
019092,金鹰核心资源混合C,混合型
019093,金鹰科技创新股票C,股票型
019094,金鹰中小盘精选混合C,混合型
019095,东方双债添利债券D,债券型
019097,东方臻裕债券E,债券型
019098,中银证券中证同业存单AAA指数7天持有期,指数型
019099,万家货币F,货币型
019100,东方红稳添利纯债B,债券型
019102,景顺长城恒生消费ETF联接(QDII)A,指数型
019103,景顺长城恒生消费ETF联接(QDII)C,指数型
019104,博时安悦短债E,债券型
019105,博时创业板ETF联接E,指数型
019106,南方智信混合A,混合型
019107,南方智信混合C,混合型
019108,华宝国策导向混合C,混合型
019109,泰康丰盈债券C,债券型
019110,泰康兴泰回报沪港深混合C,混合型
019112,恒越短债债券D,债券型
019113,东财慧心优选混合发起式A,混合型
019114,东财慧心优选混合发起式C,混合型
019115,东财卓越成长混合发起式A,混合型
019116,东财卓越成长混合发起式C,混合型
019117,国泰央企改革股票C,股票型
019118,景顺长城纳斯达克科技ETF联接(QDII)E人民币,指数型
019119,财通资管产业优选混合发起式A,混合型
019120,财通资管产业优选混合发起式C,混合型
019121,国寿安保中证同业存单AAA指数7天持有期,指数型
019122,安信中短利率债(LOF)D,债券型
019123,中欧诚悦债券A,债券型
019124,博道红利智航股票A,股票型
019125,博道红利智航股票C,股票型
019126,华泰柏瑞港股通医疗精选混合发起式A,混合型
019127,华泰柏瑞港股通医疗精选混合发起式C,混合型
019128,国联恒惠纯债E,债券型
019129,中银中债1-3年期国开行债券指数B,指数型
019130,天弘多元锐选一年持有混合A,混合型
019131,天弘多元锐选一年持有混合C,混合型
019132,广发积极回报3个月持有混合(FOF)A,FOF
019133,广发积极回报3个月持有混合(FOF)C,FOF
019136,交银启合混合A,混合型
019137,交银启合混合C,混合型
019138,国富安享货币A,货币型
019139,中银睿泽稳健3个月持有混合(FOF)A,FOF
019140,中银睿泽稳健3个月持有混合(FOF)C,FOF
019141,易方达中证电信主题ETF联接发起式A,指数型
019142,易方达中证电信主题ETF联接发起式C,指数型
019143,东财景气驱动混合发起式A,混合型
019144,东财景气驱动混合发起式C,混合型
019145,长盛货币E,货币型
019146,农银均衡优选混合A,混合型
019147,农银均衡优选混合C,混合型
019148,富国腾享回报6个月滚动持有E,混合型
019149,富国产业债债券D,债券型
019150,国联国企改革混合C,混合型
019151,东兴改革精选混合C,混合型
019152,大成可转债增强债券C,债券型
019153,中欧锐意成长混合发起A,混合型
019154,中欧锐意成长混合发起C,混合型
019155,易方达全球配置混合(QDII)A(人民币),QDII
019156,易方达全球配置混合(QDII)C(人民币),QDII
019157,易方达全球配置混合(QDII)A(美元现汇),QDII
019158,易方达全球配置混合(QDII)C(美元现汇),QDII
019159,中欧产业领航混合A,混合型
019160,中欧产业领航混合C,混合型
019161,博时悦楚纯债债券C,债券型
019162,汇添富中证800价值ETF发起式联接A,指数型
019163,汇添富中证800价值ETF发起式联接C,指数型
019164,汇添富有色金属ETF联接A,指数型
019165,汇添富有色金属ETF联接C,指数型
019166,东兴蓝海财富混合C,混合型
019167,易方达中证物联网主题ETF联接发起式A,指数型
019168,易方达中证物联网主题ETF联接发起式C,指数型
019169,博时中证淘金大数据100C,指数型
019170,天弘沪港深云计算ETF联接C,指数型
019171,天弘沪港深云计算ETF联接A,指数型
019172,摩根纳斯达克100指数(QDII)人民币A,指数型
019173,摩根纳斯达克100指数(QDII)人民币C,指数型
019174,摩根纳斯达克100指数(QDII)美元现汇A,指数型
019175,摩根纳斯达克100指数(QDII)美元现汇C,指数型
019176,汇添富添添乐双鑫债券A,债券型
019177,汇添富添添乐双鑫债券C,债券型
019178,富国瑞丰纯债债券A,债券型
019179,富国瑞丰纯债债券C,债券型
019180,光大动态优选灵活配置混合C,混合型
019181,光大一带一路混合C,混合型
019182,大成蓝筹稳健混合C,混合型
019183,大成精选增值混合C,混合型
019184,大成趋势回报灵活配置混合C,混合型
019185,泰康中证1000指数增强发起A,指数型
019186,泰康中证1000指数增强发起C,指数型
019187,中银证券和瑞一年持有混合A,混合型
019188,中银证券和瑞一年持有混合C,混合型
019189,华商品质价值混合A,混合型
019190,华商品质价值混合C,混合型
019191,富国纯债债券发起式E,债券型
019192,人保中债1-5年政策性金融债A,指数型
019193,人保中债1-5年政策性金融债C,指数型
019194,融通产业趋势精选混合C,混合型
019195,博时量化平衡混合C,混合型
019197,大成国企改革灵活配置混合C,混合型
019198,华富灵活配置混合C,混合型
019199,华富国泰民安灵活配置混合C,混合型
019200,华富健康文娱灵活配置混合C,混合型
019201,大成盛世精选混合C,混合型
019202,长盛全债指数增强债券C,指数型
019203,长盛全债指数增强债券D,指数型
019204,鹏华丰康债券C,债券型
019205,鹏华优质企业混合C,混合型
019206,大成产业升级股票(LOF)C,股票型
019207,大成正向回报灵活配置混合C,混合型
019208,大成创新成长混合(LOF)C,混合型
019209,浦银安盛精致生活混合C,混合型
019210,浦银安盛沪深300指数增强C,指数型
019211,交银智选进取三个月持有期混合发起(FOF)A,FOF
019212,交银智选进取三个月持有期混合发起(FOF)C,FOF
019213,华富物联世界灵活配置混合C,混合型
019214,华宝宝盛债券C,债券型
019215,景顺长城量化平衡混合C,混合型
019216,天弘价值精选混合发起C,混合型
019217,永赢腾利债券A,债券型
019218,永赢腾利债券C,债券型
019219,中信保诚先进制造混合A,混合型
019220,中信保诚先进制造混合C,混合型
019221,工银瑞享纯债债券D,债券型
019222,大成灵活配置混合C,混合型
019223,大成一带一路灵活配置混合C,混合型
019224,大成国家安全主题灵活配置混合C,混合型
019225,大成行业轮动混合C,混合型
019226,方正富邦金立方一年持有期混合A,混合型
019227,方正富邦金立方一年持有期混合D,混合型
019228,方正富邦金立方一年持有期混合E,混合型
019230,广发全球稳健配置混合(QDII)人民币A,QDII
019231,广发全球稳健配置混合(QDII)人民币C,QDII
019232,广发全球稳健配置混合(QDII)美元A,QDII
019233,广发全球稳健配置混合(QDII)美元C,QDII
019234,光大均衡精选混合C,混合型
019235,华富策略精选混合C,混合型
019236,广发国证通信ETF发起式联接A,指数型
019237,广发国证通信ETF发起式联接C,指数型
019238,南方现金增利货币D,货币型
019239,景顺长城创业板综指增强C,指数型
019240,华泰柏瑞中证1000指数增强A,指数型
019241,华泰柏瑞中证1000指数增强C,指数型
019242,汇丰晋信2016周期混合C,混合型
019243,汇丰晋信大盘股票C,股票型
019244,汇丰晋信龙腾混合C,混合型
019245,鹏华易诚积极3个月持有期混合(FOF)A,FOF
019246,鹏华易诚积极3个月持有期混合(FOF)C,FOF
019247,鹏华易选积极3个月持有期混合(FOF)A,FOF
019248,鹏华易选积极3个月持有期混合(FOF)C,FOF
019252,光大创新生活混合C,混合型
019253,富安达科技创新混合C,混合型
019254,大成深证成长40ETF联接C,指数型
019255,大成内需增长混合C,混合型
019256,西部利得中债1-3年政金债指数E,指数型
019257,恒越智选科技混合A,混合型
019258,恒越智选科技混合C,混合型
019259,国泰富时国企红利ETF联接A,指数型
019260,富国恒生红利ETF联接A,指数型
019261,富国恒生红利ETF联接C,指数型
019262,中信保诚嘉盛三个月定开债券A,债券型
019263,中信保诚嘉盛三个月定开债券C,债券型
019264,易方达安瑞短债债券D,债券型
019265,南方港股数字经济混合发起(QDII)A,QDII
019266,南方港股数字经济混合发起(QDII)C,QDII
019267,富国新天锋债券(LOF)C,债券型
019268,交银安心收益债券E,债券型
019269,国泰富时国企红利ETF联接C,指数型
019270,财通中证1000指数增强A,指数型
019271,财通中证1000指数增强C,指数型
019272,长城量化小盘股票C,股票型
019273,长城改革红利混合C,混合型
019274,长城核心优选混合C,混合型
019275,浙商汇金转型升级C,混合型
019276,长城智能产业混合C,混合型
019277,长城国企优选混合发起式A,混合型
019278,长城国企优选混合发起式C,混合型
019279,嘉实中证大农业ETF发起联接A,指数型
019280,嘉实中证大农业ETF发起联接C,指数型
019281,华西优选成长一年持有混合A,混合型
019282,华宝宝润债券C,债券型
019283,南方睿阳稳健添利6个月持有债券A,债券型
019284,南方睿阳稳健添利6个月持有债券C,债券型
019285,平安惠旭纯债A,债券型
019286,平安惠旭纯债C,债券型
019287,鹏华丰诚债券D,债券型
019288,鹏华安盈宝货币E,货币型
019289,交银裕如纯债债券E,债券型
019290,鹏华兴鑫宝货币E,货币型
019291,德邦新回报灵活配置混合C,混合型
019292,浙商之江凤凰联接C,指数型
019293,长江长扬混合发起A,混合型
019294,长江长扬混合发起C,混合型
019295,博时匠心优选混合A,混合型
019296,博时匠心优选混合C,混合型
019297,博时卓越优选混合A,混合型
019298,博时卓越优选混合C,混合型
019299,海富通国策导向混合C,混合型
019300,海富通国策导向混合D,混合型
019302,鹏华产业债债券C,债券型
019303,光大红利混合C,混合型
019304,德邦短债E,债券型
019305,摩根标普500指数(QDII)人民币C,指数型
019306,嘉实研究阿尔法股票C,股票型
019307,大成惠利纯债债券C,债券型
019308,光大中小盘混合C,混合型
019309,中航恒宇港股通价值优选混合发起A,混合型
019310,中航恒宇港股通价值优选混合发起C,混合型
019311,南方富时中国国企开放共赢ETF发起联接A,指数型
019312,南方富时中国国企开放共赢ETF发起联接C,指数型
019313,易方达中证港股通互联网ETF发起式联接A,指数型
019314,易方达中证港股通互联网ETF发起式联接C,指数型
019315,易方达中证新能源ETF联接发起式A,指数型
019316,易方达中证新能源ETF联接发起式C,指数型
019317,银华纯债信用债券(LOF)D,债券型
019318,汇添富国证2000指数增强A,指数型
019319,汇添富国证2000指数增强C,指数型
019320,易方达中证500质量成长ETF联接发起式A,指数型
019321,易方达中证500质量成长ETF联接发起式C,指数型
019322,中信建投致远混合A,混合型
019323,中信建投致远混合C,混合型
019324,易方达中证生物科技主题ETF发起式联接A,指数型
019325,易方达中证生物科技主题ETF发起式联接C,指数型
019328,国泰金盛回报混合A,混合型
019329,国泰金盛回报混合C,混合型
019330,华泰柏瑞中证沪港深云计算产业ETF发起式联接A,指数型
019331,华泰柏瑞中证沪港深云计算产业ETF发起式联接C,指数型
019334,大成红利汇聚混合A,混合型
019335,大成红利汇聚混合C,混合型
019336,万家国企动力混合A,混合型
019337,万家国企动力混合C,混合型
019338,创金合信启富优选股票发起A,股票型
019339,创金合信启富优选股票发起C,股票型
019340,西部利得研究精选混合A,混合型
019341,西部利得研究精选混合C,混合型
019342,富国价值发现混合A,混合型
019343,富国价值发现混合C,混合型
019344,广发聚源债券(LOF)B,债券型
019345,交银医疗健康混合发起A,混合型
019346,交银医疗健康混合发起C,混合型
019347,富国匠心成长混合A,混合型
019348,富国匠心成长混合C,混合型
019349,中信保诚瑞丰6个月混合A,混合型
019350,中信保诚瑞丰6个月混合C,混合型
019351,招商远见回报3年定开混合,混合型
019352,招商精选企业混合A,混合型
019353,招商精选企业混合C,混合型
019354,易方达平衡视野混合A1,混合型
019355,易方达平衡视野混合A2,混合型
019356,易方达平衡视野混合A3,混合型
019357,大成兴远启航混合A,混合型
019358,大成兴远启航混合C,混合型
019359,景顺长城中证500行业中性低波动指数C,指数型
019360,汇添富积极优选三年定开混合,混合型
019361,富国核心优势混合发起式A,混合型
019362,富国核心优势混合发起式C,混合型
019363,大成至信回报三年定开放混合,混合型
019364,银华华茂定开债券D,债券型
019365,汇添富中证国新央企股东回报ETF联接A,指数型
019366,汇添富中证国新央企股东回报ETF联接C,指数型
019367,长城均衡成长混合A,混合型
019368,长城均衡成长混合C,混合型
019369,银华安丰中短期政策性金融债债券D,债券型
019370,富国久利稳健配置混合E,混合型
019371,富国远见精选三年定期开放混合,混合型
019372,大成元丰多利债券A,债券型
019373,大成元丰多利债券C,债券型
019374,广发睿杰精选混合发起式A1,混合型
019375,广发睿杰精选混合发起式A2,混合型
019376,广发睿杰精选混合发起式A3,混合型
019379,南方前瞻共赢三年定开混合,混合型
019380,景顺长城景盛双益债券A,债券型
019381,景顺长城景盛双益债券C,债券型
019382,南方景元中高等级信用债债券C,债券型
019383,银华信用季季红债券D,债券型
019384,兴全可持续投资三年定开混合,混合型
019385,东财上证科创50指数发起式A,指数型
019386,东财上证科创50指数发起式C,指数型
019387,中欧时代共赢混合发起A1,混合型
019388,中欧时代共赢混合发起A2,混合型
019389,中欧时代共赢混合发起A3,混合型
019390,光大研究精选混合C,混合型
019391,招商双债增强债券(LOF)I,债券型
019392,嘉实匠心严选混合A,混合型
019393,嘉实匠心严选混合C,混合型
019394,浦银安盛策略优选混合A,混合型
019395,浦银安盛策略优选混合C,混合型
019396,博时双月乐60天持有期债券A,债券型
019397,博时双月乐60天持有期债券C,债券型
019398,国投瑞银恒睿添利债券A,债券型
019399,国投瑞银恒睿添利债券C,债券型
019400,国泰海通安睿纯债债券A,债券型
019401,交银瑞元三年定期开放混合,混合型
019402,财通资管中证1000指数增强A,指数型
019403,财通资管中证1000指数增强C,指数型
019404,华夏中证全指运输ETF发起式联接A,指数型
019405,华夏中证全指运输ETF发起式联接C,指数型
019406,富达裕达纯债A,债券型
019407,富达裕达纯债C,债券型
019408,易方达中证港股通中国100ETF联接发起式A,指数型
019409,易方达中证港股通中国100ETF联接发起式C,指数型
019410,南方数字经济混合A,混合型
019411,南方数字经济混合C,混合型
019412,长城新兴产业混合C,混合型
019414,长城消费增值混合C,混合型
019415,南方港股医药行业混合发起(QDII)A,QDII
019416,南方港股医药行业混合发起(QDII)C,QDII
019417,中欧磐固债券A,债券型
019418,中欧磐固债券C,债券型
019419,国泰海通善怡稳健六个月持有债券发起(FOF)A,FOF
019420,国泰海通善怡稳健六个月持有债券发起(FOF)C,FOF
019421,华安远见慧选混合发起式A1,混合型
019422,华安远见慧选混合发起式A2,混合型
019423,华安远见慧选混合发起式A3,混合型
019424,财通资管双鑫一年持有期债券A,债券型
019425,财通资管双鑫一年持有期债券C,债券型
019426,中银数字经济混合A,混合型
019427,中银数字经济混合C,混合型
019428,广发中证国新央企股东回报ETF发起式联接A,指数型
019429,广发中证国新央企股东回报ETF发起式联接C,指数型
019430,国联安价值甄选混合,混合型
019431,永赢睿信混合A,混合型
019432,永赢睿信混合C,混合型
019433,国泰海通消费机遇混合发起A,混合型
019434,国泰海通消费机遇混合发起C,混合型
019435,易米鑫选品质混合A,混合型
019436,易米鑫选品质混合C,混合型
019437,华商科创创业精选混合A,混合型
019438,华商科创创业精选混合C,混合型
019439,银华顺璟6个月定期开放债券C,债券型
019440,光大银发商机混合C,混合型
019441,万家纳斯达克100指数发起式(QDII)A,指数型
019442,万家纳斯达克100指数发起式(QDII)C,指数型
019443,浙商汇金中证同业存单AAA指数7天持有,指数型
019444,富国智选稳进3个月持有混合(FOF)E,FOF
019445,华富恒盛纯债债券E,债券型
019446,汇添富短债债券D,债券型
019447,华夏全球科技先锋混合(QDII)A(美元现汇),QDII
019448,华夏全球科技先锋混合(QDII)A(美元现钞),QDII
019449,摩根日本精选股票(QDII)C,QDII
019450,摩根欧洲动力策略股票(QDII)C,QDII
019451,中欧兴悦债券C,债券型
019452,南方中证全指医疗保健设备与服务ETF发起联接A,指数型
019453,南方中证全指医疗保健设备与服务ETF发起联接C,指数型
019454,华泰柏瑞中韩半导体ETF发起式联接(QDII)A,指数型
019455,华泰柏瑞中韩半导体ETF发起式联接(QDII)C,指数型
019456,国富稳健养老一年混合(FOF)Y,FOF
019457,平安先进制造主题股票发起A,股票型
019458,平安先进制造主题股票发起C,股票型
019460,摩根瑞锦纯债债券A,债券型
019461,摩根瑞锦纯债债券C,债券型
019462,工银安悦稳健养老目标三年持有混合(FOF)Y,FOF
019463,招商鑫悦中短债D,债券型
019464,银华月月享30天持有期债券A,债券型
019465,银华月月享30天持有期债券C,债券型
019466,信澳鑫裕6个月持有期债券A,债券型
019467,信澳鑫裕6个月持有期债券C,债券型
019468,信澳新材料精选混合A,混合型
019469,信澳新材料精选混合C,混合型
019470,华夏信兴回报混合A,混合型
019471,华夏信兴回报混合C,混合型
019472,长江长宏混合发起A,混合型
019473,长江长宏混合发起C,混合型
019474,中欧聚瑞债券D,债券型
019477,鹏扬淳盈6个月定开D,债券型
019478,中邮医药健康混合C,混合型
019479,华安添鑫中短债E,债券型
019480,博时亚洲票息收益债券C人民币,QDII
019481,博时亚洲票息收益债券C美元现汇,QDII
019482,泰康信用精选债券D,债券型
019483,泰康信用精选债券E,债券型
019484,大摩品质生活精选股票C,股票型
019485,农银主题轮动混合C,混合型
019486,金元顺安沣泉债券C,债券型
019487,广发添盈债券A,债券型
019488,广发添盈债券C,债券型
019489,景顺长城景泰通利纯债A,债券型
019490,景顺长城景泰通利纯债C,债券型
019491,大成景熙利率债A,债券型
019492,大成景熙利率债C,债券型
019493,易方达央企科技50ETF联接A,指数型
019494,易方达央企科技50ETF联接C,指数型
019495,摩根富时发达市场REITs指数(QDII)人民币C,指数型
019496,招商和享均衡养老三年持有期混合(FOF)Y,FOF
019497,博道明远混合A,混合型
019498,兴全创新优势混合A,混合型
019499,兴全创新优势混合C,混合型
019500,招商安瑞进取债券C,债券型
019501,博道明远混合C,混合型
019502,信澳悦享利率债A,债券型
019503,博时中证软件服务指数发起式A,指数型
019504,博时中证软件服务指数发起式C,指数型
019505,国泰海通中证1000优选股票发起A,股票型
019506,国泰海通中证1000优选股票发起C,股票型
019507,东方金元宝货币C,货币型
019508,银华中证国新央企科技引领ETF联接A,指数型
019509,银华中证国新央企科技引领ETF联接C,指数型
019510,华宝中证A500ETF联接A,指数型
019511,华宝中证A500ETF联接C,指数型
019512,摩根全球多元配置(QDII-FOF)人民币C,QDII
019513,中欧汇利债券E,债券型
019514,交银荣鑫灵活配置混合C,混合型
019515,广发民玉纯债C,债券型
019516,财通资管鸿兴60天持有期债券A,债券型
019517,财通资管鸿兴60天持有期债券C,债券型
019518,富国全球债券(QDII)人民币C,QDII
019519,中邮乐享收益灵活配置混合C,混合型
019520,路博迈中国绿色债券,债券型
019521,景顺长城价值发现混合A1,混合型
019522,景顺长城价值发现混合A2,混合型
019523,景顺长城价值发现混合A3,混合型
019524,华泰柏瑞纳斯达克100ETF发起式联接(QDII)A,指数型
019525,华泰柏瑞纳斯达克100ETF发起式联接(QDII)C,指数型
019526,中邮纯债丰利债券E,债券型
019529,南方中证国新央企科技引领ETF联接A,指数型
019530,南方中证国新央企科技引领ETF联接C,指数型
019531,南方中证光伏产业指数发起A,指数型
019532,南方中证光伏产业指数发起C,指数型
019533,鑫元泽利C,债券型
019534,富国安利90天滚动持有债券E,债券型
019535,东方红新兴成长混合A,混合型
019536,东方红新兴成长混合C,混合型
019537,国新国证鑫和利率债A,债券型
019538,国新国证鑫和利率债C,债券型
019539,鹏华丰玉债券C,债券型
019540,富国可转换债券E,债券型
019541,东方红90天持有纯债A,债券型
019542,东方红90天持有纯债C,债券型
019543,浦银安盛普恒利率债,债券型
019544,招商中证国新央企股东回报ETF发起式联接A,指数型
019545,招商中证国新央企股东回报ETF发起式联接C,指数型
019546,汇添富上证50基本面增强指数D,指数型
019547,招商纳斯达克100ETF发起式联接(QDII)A,指数型
019548,招商纳斯达克100ETF发起式联接(QDII)C,指数型
019549,华夏全球股票美元现汇(QDII),QDII
019550,华夏全球股票美元现钞(QDII),QDII
019551,东海消费臻选混合发起式A,混合型
019552,东海消费臻选混合发起式C,混合型
019553,中银中证500指数增强型发起A,指数型
019554,中银中证500指数增强型发起C,指数型
019555,中银中证1000指数增强A,指数型
019556,中银中证1000指数增强C,指数型
019557,天弘悦利债券A,债券型
019558,天弘悦利债券C,债券型
019559,交银稳悦回报债券A,债券型
019560,交银稳悦回报债券C,债券型
019561,富国致航量化选股股票A,股票型
019562,富国致航量化选股股票C,股票型
019563,华润元大泓远利率债A,债券型
019564,华润元大泓远利率债C,债券型
019565,招商CFETS银行间绿色债券指数A,指数型
019566,招商CFETS银行间绿色债券指数C,指数型
019567,华泰紫金天天金货币ETFE,货币型
019568,明亚久安90天持有期债券A,债券型
019569,明亚久安90天持有期债券C,债券型
019570,诺安行业轮动混合C,混合型
019571,诺安优化配置混合C,混合型
019572,达诚中证同业存单AAA指数7天持有期,指数型
019573,摩根中国生物医药混合(QDII)C,QDII
019574,太平科创精选混合发起式C,混合型
019575,太平科创精选混合发起式A,混合型
019576,汇添富稳兴回报债券发起式A,债券型
019577,汇添富稳兴回报债券发起式C,债券型
019578,摩根全球天然资源混合(QDII)C,QDII
019579,易方达安汇120天持有债券A,债券型
019580,易方达安汇120天持有债券C,债券型
019581,浦银悦享30天持有债券A,债券型
019582,浦银悦享30天持有债券C,债券型
019583,富国稳健添辰债券A,债券型
019584,富国稳健添辰债券C,债券型
019585,博远增裕利率债A,债券型
019586,博远增裕利率债C,债券型
019587,兴业弘远回报混合发起式A,混合型
019588,兴业弘远回报混合发起式C,混合型
019589,东财中证化工指数发起式A,指数型
019590,东财中证化工指数发起式C,指数型
019591,平安0-3年期政策性金融债债券D,债券型
019592,嘉实中证国新央企现代能源ETF联接A,指数型
019593,嘉实中证国新央企现代能源ETF联接C,指数型
019594,嘉实稳宁纯债债券A,债券型
019595,嘉实稳宁纯债债券C,债券型
019596,富国中债7-10年政策性金融债ETF发起式联接E,指数型
019597,银华惠享三年定期开放混合,混合型
019598,平安中证港股医药ETF联接A,指数型
019599,平安中证港股医药ETF联接C,指数型
019600,鹏华智投800混合A,混合型
019601,鹏华智投800混合C,混合型
019602,鹏华精新添利债券A,债券型
019603,鹏华精新添利债券C,债券型
019606,易方达富惠纯债债券D,债券型
019607,诺安先进制造股票C,股票型
019608,华泰紫金稳健养老目标一年持有(FOF)A,FOF
019609,鹏华养老2050五年持有期混合发起式(FOF),FOF
019610,财通数字经济智选混合发起A,混合型
019611,财通数字经济智选混合发起C,混合型
019612,财通先进制造智选混合发起A,混合型
019613,财通先进制造智选混合发起C,混合型
019615,益民服务领先混合C,混合型
019616,东财中证同业存单AAA指数7天持有,指数型
019617,工银远见共赢混合A1,混合型
019618,工银远见共赢混合A2,混合型
019619,工银远见共赢混合A3,混合型
019620,汇安行业优选混合A,混合型
019621,汇安行业优选混合C,混合型
019622,财通资管康泽稳健养老目标一年持有混合(FOF)A,FOF
019623,博时裕弘纯债债券C,债券型
019624,泉果嘉源三年持有期混合A,混合型
019625,泉果嘉源三年持有期混合C,混合型
019626,博时裕景纯债债券A,债券型
019627,中邮定期开放债券E,债券型
019628,中金成长领航混合发起A,混合型
019629,中金成长领航混合发起C,混合型
019630,银华美元债精选债券(QDII)D,QDII
019632,国泰半导体设备ETF联接A,指数型
019633,国泰半导体设备ETF联接C,指数型
019634,汇添金货币C,货币型
019635,汇添金货币D,货币型
019636,富国研究精选灵活配置混合D,混合型
019637,华夏天利货币C,货币型
019638,金鹰添瑞中短债D,债券型
019639,华安众鑫90天滚动短债E,债券型
019641,摩根亚太优势混合(QDII)C,QDII
019644,华安众享180天持有期中短债E,债券型
019645,汇添富稳鑫90天持有债券A,债券型
019646,汇添富稳鑫90天持有债券C,债券型
019647,华安双债添利债券E,债券型
019648,中海中短债债券C,债券型
019649,汇添富稳航30天持有债券B,债券型
019651,汇添富稳健睿选一年持有混合B,混合型
019652,景顺长城隽丰平衡养老三年持有混合(FOF)Y,FOF
019653,银华信用四季红债券D,债券型
019654,天弘招享三个月定开债券发起,债券型
019655,农银鑫享稳健养老一年持有混合(FOF)Y,FOF
019656,中欧沪深300指数增强E,指数型
019657,万家优选积极三个月持有期混合发起式(FOF)A,FOF
019658,万家优选积极三个月持有期混合发起式(FOF)C,FOF
019659,万家养老目标2045三年持有混合发起式(FOF),FOF
019660,永赢鑫盛混合C,混合型
019661,易方达汇悦平衡养老三年持有混合(FOF)A,FOF
019662,易方达兴利180天持有债券A,债券型
019663,易方达兴利180天持有债券C,债券型
019664,易方达养老2060五年持有混合发起式(FOF),FOF
019665,景顺长城保守养老一年持有混合(FOF)A,FOF
019666,易方达中证创新药产业ETF联接发起式A,指数型
019667,易方达中证创新药产业ETF联接发起式C,指数型
019668,中航瑞安利率债三个月定开债A,债券型
019669,中航瑞安利率债三个月定开债C,债券型
019670,广发港股创新药ETF联接(QDII)A,指数型
019671,广发港股创新药ETF联接(QDII)C,指数型
019672,广发活期宝货币D,货币型
019673,汇丰晋信慧鑫6个月持有期债券A,债券型
019674,汇丰晋信慧鑫6个月持有期债券C,债券型
019675,广发货币D,货币型
019676,太平福安稳健养老一年持有混合(FOF)A,FOF
019678,长城精选进取3个月持有期混合型发起式A,FOF
019679,长城精选进取3个月持有期混合型发起式C,FOF
019680,中银如意宝货币D,货币型
019681,尚正正享债券A,债券型
019682,尚正正享债券C,债券型
019683,摩根中证同业存单AAA指数7天持有期,指数型
019684,万家添利债券(LOF)A,债券型
019685,华商鸿裕利率债债券,债券型
019686,广发中债1-3年国开债指数D,指数型
019689,南方中国梦灵活配置混合C,混合型
019690,华商产业机遇混合A,混合型
019691,华商产业机遇混合C,混合型
019692,信澳鑫悦智选6个月持有期混合A,混合型
019693,信澳鑫悦智选6个月持有期混合C,混合型
019694,中欧中证500指数增强E,指数型
019697,汇添富鑫享添利六个月持有混合B,混合型
019698,招商安泽稳利9个月持有期混合A,混合型
019699,招商安泽稳利9个月持有期混合C,混合型
019700,南方稳福120天持有债券A,债券型
019701,南方稳福120天持有债券C,债券型
019702,易方达上证科创板成长ETF联接发起式A,指数型
019703,易方达上证科创板成长ETF联接发起式C,指数型
019705,鹏扬消费主题混合发起式A,混合型
019706,鹏扬消费主题混合发起式C,混合型
019707,鹏扬平衡养老目标三年持有混合发起式(FOF)A,FOF
019708,中银消费主题混合C,混合型
019709,富国亚洲收益债券(QDII)人民币C,QDII
019710,广发道琼斯石油指数(QDII-LOF)人民币E,指数型
019711,广发道琼斯石油指数(QDII-LOF)美元现汇E,指数型
019712,博时稳合一年持有期混合A,混合型
019713,博时稳合一年持有期混合C,混合型
019715,嘉实双季欣享6个月持有债券A,债券型
019716,嘉实双季欣享6个月持有债券C,债券型
019717,南方中小盘成长股票C,股票型
019718,摩根悦享回报6个月持有期混合A,混合型
019719,摩根悦享回报6个月持有期混合C,混合型
019720,信澳宁隽智选混合A,混合型
019721,信澳宁隽智选混合C,混合型
019722,中银量化选股混合发起A,混合型
019723,中银量化选股混合发起C,混合型
019724,鑫元稳丰利率债,债券型
019725,鑫元鑫选安悦3个月持有期债券(FOF)A,FOF
019726,鑫元鑫选安悦3个月持有期债券(FOF)C,FOF
019727,国泰招享添利六个月持有混合发起A,混合型
019728,国泰招享添利六个月持有混合发起C,混合型
019729,华夏国企红利混合发起式A,混合型
019730,华夏国企红利混合发起式C,混合型
019733,中泰福瑞稳健养老一年持有混合发起(FOF)A,FOF
019734,华富恒享纯债债券A,债券型
019735,华富恒享纯债债券C,债券型
019736,宝盈纳斯达克100指数发起(QDII)A人民币,指数型
019737,宝盈纳斯达克100指数发起(QDII)C人民币,指数型
019738,宝盈纳斯达克100指数发起(QDII)A美元现汇,指数型
019739,宝盈纳斯达克100指数发起(QDII)C美元现汇,指数型
019740,财通资管创新医药混合A,混合型
019741,财通资管创新医药混合C,混合型
019742,华宝宝丰高等级债券D,债券型
019743,银华富兴央企混合发起式A,混合型
019744,银华富兴央企混合发起式C,混合型
019745,广发安诚养老目标2040三年持有混合发起式(FOF)Y,FOF
019746,广发积极养老目标五年持有期混合发起式(FOF)Y,FOF
019747,华西优选价值混合发起A,混合型
019748,金鹰周期优选混合C,混合型
019749,金鹰智慧生活混合C,混合型
019752,海富通悦享一年持有期混合A,混合型
019753,海富通悦享一年持有期混合C,混合型
019754,交银中证同业存单AAA指数7天持有期,指数型
019755,东方红季鑫90天持有纯债A,债券型
019756,东方红季鑫90天持有纯债C,债券型
019757,广发锐意进取3个月持有混合发起式(FOF)E,FOF
019759,中欧半导体产业股票发起A,股票型
019760,中信建投质选成长混合发起式A,混合型
019761,中信建投质选成长混合发起式C,混合型
019762,泰信添益90天持有期债券A,债券型
019763,泰信添益90天持有期债券C,债券型
019764,中欧半导体产业股票发起C,股票型
019765,国寿安保优选国企股票发起式A,股票型
019766,国寿安保优选国企股票发起式C,股票型
019767,景顺长城科创50指数增强A,指数型
019768,景顺长城科创50指数增强C,指数型
019769,华商现金增利货币E,货币型
019770,中欧瑾泰债券E,债券型
019771,东吴增鑫宝货币C,货币型
019772,浙商汇金短债C,债券型
019773,东方红智享三年持有混合A,混合型
019774,东方红智享三年持有混合C,混合型
019775,长城稳健增利债券D,债券型
019776,鹏华产业精选混合C,混合型
019777,鹏扬消费量化选股混合A,混合型
019778,鹏扬消费量化选股混合C,混合型
019779,信澳颐宁养老目标一年持有期混合(FOF)Y,FOF
019780,嘉实创新动力混合发起式A1,混合型
019781,嘉实创新动力混合发起式A2,混合型
019782,嘉实创新动力混合发起式A3,混合型
019783,华安健康主题混合A,混合型
019784,华安健康主题混合C,混合型
019785,广发上证科创板成长ETF发起式联接A,指数型
019786,广发上证科创板成长ETF发起式联接C,指数型
019787,上银丰瑞一年持有期混合发起式A,混合型
019788,上银丰瑞一年持有期混合发起式C,混合型
019789,鹏华优质治理混合(LOF)C,混合型
019790,宝盈中债0-5年政策性金融债指数A,指数型
019791,宝盈中债0-5年政策性金融债指数C,指数型
019792,富安达长三角区域主题混合C,混合型
019793,华泰保兴嘉睿3个月持有债券发起A,债券型
019794,华泰保兴嘉睿3个月持有债券发起C,债券型
019796,银河国企主题混合发起式C,混合型
019797,银河国企主题混合发起式A,混合型
019800,华泰紫金价值甄选混合A,混合型
019801,华泰紫金价值甄选混合C,混合型
019802,富国短债债券型D,债券型
019803,博远增睿纯债债券C,债券型
019804,嘉合磐泰短债D,债券型
019806,华安月月鑫30天持有债券发起式A,债券型
019807,华安月月鑫30天持有债券发起式C,债券型
019808,富安达中证500指数增强C,指数型
019809,华泰柏瑞鸿瑞60天持有期债券A,债券型
019810,华泰柏瑞鸿瑞60天持有期债券C,债券型
019811,华夏养老2055五年持有混合(FOF)Y,FOF
019812,国联盈泽中短债E,债券型
019813,国联安恒通3个月定开债券,债券型
019814,民生加银国证2000指数增强A,指数型
019815,民生加银国证2000指数增强C,指数型
019816,英大延福养老目标2040三年持有混合发起(FOF)Y,FOF
019817,广发创业板ETF发起式联接E,指数型
019818,长城健康生活混合C,混合型
019819,长城品牌优选混合C,混合型
019820,鹏华远见精选混合发起式A,混合型
019821,鹏华远见精选混合发起式C,混合型
019822,长城稳健成长混合C,混合型
019824,国寿安保新材料股票发起式A,股票型
019825,国寿安保新材料股票发起式C,股票型
019826,浙商汇金聚利一年定开债D,债券型
019827,鹏华国证石油天然气ETF联接A,指数型
019828,鹏华国证石油天然气ETF联接C,指数型
019829,华夏数字产业混合A,混合型
019830,华夏数字产业混合C,混合型
019831,华夏中证智选300价值稳健策略ETF发起式联接A,指数型
019832,华夏中证智选300价值稳健策略ETF发起式联接C,指数型
019833,华夏福泽养老目标2035三年持有混合发起式(FOF)Y,FOF
019834,农银红利日结货币C,货币型
019835,华泰柏瑞交易货币E,货币型
019836,大摩恒利债券A,债券型
019837,大摩恒利债券C,债券型
019838,民生加银品牌蓝筹混合C,混合型
019839,大成丰财宝货币C,货币型
019840,华泰柏瑞稳健收益债券D,债券型
019841,恒生前海中债0-3年政策性金融债A,指数型
019842,恒生前海中债0-3年政策性金融债C,指数型
019843,渤海汇金优选稳健6个月持有混合发起(FOF)A,FOF
019844,渤海汇金优选稳健6个月持有混合发起(FOF)C,FOF
019850,银华惠添益货币D,货币型
019851,汇添富稳宏6个月持有债券A,债券型
019852,汇添富稳宏6个月持有债券C,债券型
019853,博时中证红利低波动100指数发起式A,指数型
019854,博时中证红利低波动100指数发起式C,指数型
019855,博时中证新能源ETF发起式联接A,指数型
019856,博时中证新能源ETF发起式联接C,指数型
019857,博时上证科创板100ETF联接A,指数型
019858,博时上证科创板100ETF联接C,指数型
019859,银华上证科创板100ETF联接A,指数型
019860,银华上证科创板100ETF联接C,指数型
019861,鹏华上证科创100ETF联接A,指数型
019862,鹏华上证科创100ETF联接C,指数型
019863,招商稳健优选股票C,股票型
019864,浦银安盛高端装备混合A,混合型
019865,浦银安盛高端装备混合C,混合型
019866,国泰上证科创板100ETF发起联接A,指数型
019867,国泰上证科创板100ETF发起联接C,指数型
019868,华夏云计算与大数据ETF联接A,指数型
019869,华夏云计算与大数据ETF联接C,指数型
019870,华泰柏瑞中证2000ETF发起式联接A,指数型
019871,华泰柏瑞中证2000ETF发起式联接C,指数型
019872,长城短债D,债券型
019873,长城短债E,债券型
019874,广发稀有金属ETF联接A,指数型
019875,广发稀有金属ETF联接C,指数型
019876,广发均衡成长混合A,混合型
019877,广发均衡成长混合C,混合型
019878,永赢瑞弘12个月持有期债券C,债券型
019879,万家周期驱动股票发起式A,股票型
019880,万家周期驱动股票发起式C,股票型
019881,中信保诚稳达E,债券型
019882,招商招祥纯债E,债券型
019883,信澳安益纯债债券E,债券型
019884,信澳安益纯债债券C,债券型
019885,南方恩元债券发起A,债券型
019886,南方国证交通运输行业ETF发起联接A,指数型
019887,南方国证交通运输行业ETF发起联接C,指数型
019888,中欧周期优选混合发起A,混合型
019889,中欧周期优选混合发起C,混合型
019891,华夏中证2000ETF发起式联接A,指数型
019892,华夏中证2000ETF发起式联接C,指数型
019893,中银美元债债券(QDII)人民币C,QDII
019894,天弘通利混合C,混合型
019895,天弘新活力混合发起C,混合型
019896,天弘惠利混合C,混合型
019897,富国中证沪港深创新药产业ETF发起式联接A,指数型
019898,富国中证沪港深创新药产业ETF发起式联接C,指数型
019899,长盛盛康纯债E,债券型
019900,中欧预见积极养老目标五年持有混合发起(FOF)Y,FOF
019901,华宝政金债债券C,债券型
019902,国寿安保先进制造股票发起式A,股票型
019903,国寿安保先进制造股票发起式C,股票型
019904,东方红颐安稳健养老一年(FOF)Y,FOF
019905,信澳优享债券E,债券型
019906,信澳优享债券F,债券型
019908,国寿安保泰悦3个月滚动持有债券A,债券型
019909,国寿安保泰悦3个月滚动持有债券C,债券型
019910,博时上证自然资源ETF联接C,指数型
019911,华安中证红利低波动指数发起式A,指数型
019912,华安中证红利低波动指数发起式C,指数型
019913,华夏瑞益混合A1,混合型
019914,华夏瑞益混合A2,混合型
019915,华夏瑞益混合A3,混合型
019916,富国医药创新股票A,股票型
019917,富国医药创新股票C,股票型
019918,招商中证2000指数增强A,指数型
019919,招商中证2000指数增强C,指数型
019920,万家中证2000指数增强A,指数型
019921,万家中证2000指数增强C,指数型
019922,华泰柏瑞锦悦债券,债券型
019923,华泰柏瑞中证2000指数增强A,指数型
019924,华泰柏瑞中证2000指数增强C,指数型
019925,华宝竞争优势混合C,混合型
019926,中欧琪福混合E,混合型
019929,广发中债0-2年政金债指数A,指数型
019930,广发中债0-2年政金债指数C,指数型
019931,泰康悦享30天持有期债券A,债券型
019932,泰康悦享30天持有期债券C,债券型
019933,工银国证港股通科技ETF发起式联接A,指数型
019934,工银国证港股通科技ETF发起式联接C,指数型
019936,华安恒生互联网科技业ETF发起式联接(QDII)A,指数型
019937,华安恒生互联网科技业ETF发起式联接(QDII)C,指数型
019939,长信120天滚动持有债券A,债券型
019940,长信120天滚动持有债券C,债券型
019941,富国洞见价值股票A,股票型
019942,富国洞见价值股票C,股票型
019943,兴业恒益6个月持有期债券A,债券型
019944,兴业恒益6个月持有期债券C,债券型
019945,国投瑞银顺轩30天持有期债券A,债券型
019946,国投瑞银顺轩30天持有期债券C,债券型
019947,信澳稳鑫债券A,债券型
019948,信澳稳鑫债券C,债券型
019949,中银价值发现混合发起A,混合型
019950,中银价值发现混合发起C,混合型
019951,融通消费升级混合C,混合型
019952,平安价值远见混合A,混合型
019953,平安价值远见混合C,混合型
019954,富国安慧短债债券E,债券型
019955,国联中债0-3年政金债指数A,指数型
019956,国联中债0-3年政金债指数C,指数型
019958,湘财医药健康混合A,混合型
019959,湘财医药健康混合C,混合型
019960,富国远见价值混合A,混合型
019961,富国远见价值混合C,混合型
019962,国联安月享30天持有期纯债债券A,债券型
019963,国联安月享30天持有期纯债债券C,债券型
019964,华商中证同业存单AAA指数7天持有,指数型
019965,易方达养老2050五年持有混合(FOF)Y,FOF
019966,易方达汇裕积极养老五年持有混合(FOF)Y,FOF
019967,工银如意货币C,货币型
019968,博时裕景纯债债券C,债券型
019969,招商均衡策略混合A,混合型
019970,招商均衡策略混合C,混合型
019971,融通蓝筹成长混合C,混合型
019972,海富通产业优选混合A,混合型
019973,海富通产业优选混合C,混合型
019974,泰康中证同业存单AAA指数7天持有期,指数型
019975,华夏物联网ETF联接A,指数型
019976,华夏物联网ETF联接C,指数型
019977,博时富信纯债债券C,债券型
019978,融通动力先锋混合C,混合型
019979,博时中高等级信用债A,债券型
019980,博时中高等级信用债C,债券型
019981,招商现金增值货币C,货币型
019982,泓德智选启元混合A,混合型
019983,泓德智选启元混合C,混合型
019984,南华同业存单指数7天持有,指数型
019985,蜂巢趋势臻选混合A,混合型
019986,蜂巢趋势臻选混合C,混合型
019987,万家红利量化选股混合发起式A,混合型
019988,万家红利量化选股混合发起式C,混合型
019989,华安中证云计算与大数据主题指数发起式A,指数型
019990,华安中证云计算与大数据主题指数发起式C,指数型
019991,中欧红利精选混合发起A,混合型
019992,中欧红利精选混合发起C,混合型
019993,创金合信北证50成份指数增强A,指数型
019994,创金合信北证50成份指数增强C,指数型
019995,华夏沃利货币C,货币型
019996,中银安享债券B,债券型
019997,长信优势行业混合A,混合型
019998,长信优势行业混合C,混合型
019999,国泰优质领航混合A,混合型
020000,国泰优质领航混合C,混合型
020001,国泰金鹰增长混合,混合型
020002,国泰金龙债券A,债券型
020003,国泰金龙行业混合,混合型
020004,中欧臻选成长混合发起A,混合型
020005,国泰金马稳健混合A,混合型
020007,国泰货币A,货币型
020009,国泰金鹏蓝筹混合,混合型
020010,国泰金牛创新成长混合,混合型
020011,国泰沪深300指数A,指数型
020012,国泰金龙债券C,债券型
020013,中欧臻选成长混合发起C,混合型
020014,鹏华国证ESG300ETF联接A,指数型
020015,国泰区位优势混合A,混合型
020016,鹏华国证ESG300ETF联接C,指数型
020017,广发中债1-3年农发债指数D,指数型
020018,国泰金鹿混合,混合型
020019,国泰双利债券A,债券型
020020,国泰双利债券C,债券型
020021,国泰金融ETF联接A,指数型
020022,国泰策略价值灵活配置混合,混合型
020023,国泰事件驱动策略混合A,混合型
020024,博时信用债纯债债券B,债券型
020026,国泰成长优选混合,混合型
020031,国泰现金管理货币A,货币型
020032,国泰现金管理货币B,货币型
020033,国泰民安增利债券A,债券型
020034,国泰民安增利债券C,债券型
020037,鹏华品质甄选混合A,混合型
020038,鹏华品质甄选混合C,混合型
020039,东吴货币C,货币型
020040,易方达安嘉30天持有债券A,债券型
020041,易方达安嘉30天持有债券C,债券型
020042,施罗德恒享债券A,债券型
020043,施罗德恒享债券C,债券型
020044,东方红中债0-3年政金债指数A,指数型
020045,东方红中债0-3年政金债指数C,指数型
020046,广发添盈180天持有债券A,债券型
020047,广发添盈180天持有债券C,债券型
020050,英大安华纯债债券A,债券型
020051,英大安华纯债债券C,债券型
020052,博时惠泽混合发起式A1,混合型
020053,博时惠泽混合发起式A2,混合型
020054,博时惠泽混合发起式A3,混合型
020055,永赢悦享债券A,债券型
020056,永赢悦享债券C,债券型
020057,银河高端装备混合发起式A,混合型
020058,银河高端装备混合发起式C,混合型
020059,博时卓越品牌混合(LOF)C,混合型
020060,鹏扬淳旭债券A,债券型
020061,鹏扬淳旭债券C,债券型
020062,格林宏观回报混合A,混合型
020063,格林宏观回报混合C,混合型
020064,西部利得科技创新混合A,混合型
020065,西部利得科技创新混合C,混合型
020066,富国安泰90天滚动持有短债债券E,债券型
020067,方正富邦锦利3个月定开债券,债券型
020068,富国安福30天滚动持有短债债券发起式E,债券型
020069,恒生前海恒源臻利债券A,债券型
020070,恒生前海恒源臻利债券C,债券型
020071,太平先进制造混合发起式A,混合型
020072,太平先进制造混合发起式C,混合型
020073,财通中证A500指数A,指数型
020074,财通中证A500指数C,指数型
020075,财通资管创新成长混合A,混合型
020076,财通资管创新成长混合C,混合型
020077,建信稳定鑫利债券D,债券型
020078,金信民富债券A,债券型
020079,金信民富债券C,债券型
020080,华富恒稳纯债债券D,债券型
020081,华夏惠利货币D,货币型
020082,易方达信用债债券D,债券型
020083,易方达投资级信用债债券D,债券型
020084,易方达纯债债券D,债券型
020086,鹏华智投数字经济混合A,混合型
020087,鹏华智投数字经济混合C,混合型
020088,泰信中证同业存单AAA指数7天持有期,指数型
020089,广发纯债债券E,债券型
020090,万家研究领航混合A,混合型
020091,万家研究领航混合C,混合型
020092,天弘安恒60天滚动持有短债A,债券型
020093,泰康医疗健康ETF发起式联接A,指数型
020094,泰康医疗健康ETF发起式联接C,指数型
020095,富国中证绿色电力ETF发起式联接A,指数型
020096,富国中证绿色电力ETF发起式联接C,指数型
020097,中加货币E,货币型
020098,万家惠诚回报平衡一年持有期混合A,混合型
020099,万家惠诚回报平衡一年持有期混合C,混合型
020100,易方达中证A100ETF联接发起式A,指数型
020101,易方达中证A100ETF联接发起式C,指数型
020102,易方达中证沪港深300ETF发起式联接A,指数型
020103,易方达中证沪港深300ETF发起式联接C,指数型
020104,易方达石油化工ETF联接A,指数型
020105,易方达石油化工ETF联接C,指数型
020106,兴业成长动力混合C,混合型
020107,兴业安保优选混合C,混合型
020108,富国国证信息技术创新主题ETF发起式联接A,指数型
020109,富国国证信息技术创新主题ETF发起式联接C,指数型
020110,富国恒生港股通创新药及医疗保健ETF发起式联接A,指数型
020111,富国恒生港股通创新药及医疗保健ETF发起式联接C,指数型
020112,鹏华丰恒债券D,债券型
020113,易方达中证沪港深500ETF发起式联接A,指数型
020114,易方达中证沪港深500ETF发起式联接C,指数型
020115,鹏扬中证国有企业红利ETF联接A,指数型
020116,鹏扬中证国有企业红利ETF联接C,指数型
020117,南华丰元量化选股混合A,混合型
020118,南华丰元量化选股混合C,混合型
020119,博时富顺纯债债券C,债券型
020120,宝盈华证龙头红利50指数发起式A,指数型
020121,宝盈华证龙头红利50指数发起式C,指数型
020122,圆信永丰兴利E,债券型
020123,鑫元臻利D,债券型
020124,银华沪深股通精选混合C,混合型
020126,东方量化成长灵活配置混合C,混合型
020127,国联恒裕纯债E,债券型
020129,南方天天宝货币E,货币型
020130,蜂巢上清所0-3年政金债指数A,指数型
020131,蜂巢上清所0-3年政金债指数C,指数型
020132,中邮趋势精选灵活配置混合C,混合型
020133,东方红60天持有纯债A,债券型
020134,东方红60天持有纯债C,债券型
020135,华富吉禄90天滚动持有债券A,债券型
020136,华富吉禄90天滚动持有债券C,债券型
020137,平安医疗健康混合C,混合型
020138,永赢启鑫混合A,混合型
020139,永赢启鑫混合C,混合型
020140,国寿安保品质消费股票发起式A,股票型
020141,国寿安保品质消费股票发起式C,股票型
020142,路博迈中国医疗健康股票发起A,股票型
020143,路博迈中国医疗健康股票发起C,股票型
020144,银华致淳债券,债券型
020145,西部利得沣淳三个月定开债券A,债券型
020146,西部利得沣淳三个月定开债券C,债券型
020147,兴银价值平衡混合A,混合型
020148,兴银价值平衡混合C,混合型
020149,易方达安泽180天持有期债券A,债券型
020150,易方达安泽180天持有期债券C,债券型
020151,中信保诚景气优选混合A,混合型
020152,中信保诚景气优选混合C,混合型
020153,华宝0-3年政金债指数A,指数型
020154,华宝0-3年政金债指数C,指数型
020155,长盛量化红利混合C,混合型
020156,交银中证红利低波动100指数A,指数型
020157,交银中证红利低波动100指数C,指数型
020158,信澳核心智选混合A,混合型
020159,信澳核心智选混合C,混合型
020160,中信保诚沪深300指数增强A,指数型
020161,中信保诚沪深300指数增强C,指数型
020162,华安睿信优选混合A,混合型
020163,华安睿信优选混合C,混合型
020164,中信保诚中债0-2年政金债指数C,指数型
020165,中信保诚中债0-2年政金债指数A,指数型
020168,广发信远回报混合A,混合型
020169,广发信远回报混合C,混合型
020170,万家CFETS0-3年期山东省国有企业信用债精选指数发起式A,指数型
020171,万家CFETS0-3年期山东省国有企业信用债精选指数发起式C,指数型
020172,华泰柏瑞养老目标日期2035三年持有混合发起式(FOF),FOF
020173,汇安中短债债券D,债券型
020174,大成惠明纯债债券C,债券型
020175,国泰海通稳债增利债券发起A,债券型
020176,国泰海通稳债增利债券发起C,债券型
020177,嘉实双季兴享6个月持有债券A,债券型
020178,嘉实双季兴享6个月持有债券C,债券型
020180,金信深圳成长混合C,混合型
020181,长城智盈添益债券发起式A,债券型
020182,长城智盈添益债券发起式C,债券型
020183,博时中证传媒指数发起式A,指数型
020184,博时中证传媒指数发起式C,指数型
020185,兴业安康稳健养老目标一年持有期混合发起(FOF),FOF
020186,上银国企红利混合发起式A,混合型
020187,上银国企红利混合发起式C,混合型
020188,建信优享进取养老目标五年持有期混合发起(FOF)Y,FOF
020189,建信添福悠享稳健养老目标一年持有债券(FOF)Y,FOF
020190,农银上证180指数A,指数型
020191,农银上证180指数C,指数型
020192,南方晖元6个月持有期债券E,债券型
020193,天弘金融优选混合发起A,混合型
020194,天弘金融优选混合发起C,混合型
020195,汇添富中证红利ETF发起式联接A,指数型
020196,汇添富中证红利ETF发起式联接C,指数型
020197,国联安智能制造混合C,混合型
020198,国联安核心优势混合C,混合型
020199,万家双引擎灵活配置混合C,混合型
020200,广发理财年年红债券C,债券型
020201,中银证券现金管家货币E,货币型
020202,贝莱德安睿30天持有债券A,债券型
020203,贝莱德安睿30天持有债券C,债券型
020204,路博迈中国精选利率债A,债券型
020205,创金合信恒兴中短债债券E,债券型
020206,民生加银双核动力混合C,混合型
020207,华安中债0-3年政金债指数A,指数型
020208,华安中债0-3年政金债指数C,指数型
020209,明亚稳利3个月持有期债券A,债券型
020210,明亚稳利3个月持有期债券C,债券型
020211,兴华安启纯债A,债券型
020212,兴华安启纯债C,债券型
020213,银华晶鑫债券A,债券型
020214,银华晶鑫债券C,债券型
020215,国联中债1-5年国开行B,指数型
020216,博时富泽金融债C,债券型
020217,金鹰多元策略混合C,混合型
020218,万家锦利债券发起式A,债券型
020219,万家锦利债券发起式C,债券型
020220,国联安沪深300指数增强A,指数型
020221,国联安沪深300指数增强C,指数型
020222,创金合信利元纯债债券A,债券型
020223,创金合信利元纯债债券C,债券型
020224,创金合信均益量化选股混合A,混合型
020225,创金合信均益量化选股混合C,混合型
020226,国泰中证全指集成电路ETF发起联接A,指数型
020227,国泰中证全指集成电路ETF发起联接C,指数型
020228,国泰海通中债0-3年政策性金融债A,指数型
020229,国泰海通中债0-3年政策性金融债C,指数型
020230,汇丰晋信养老目标日期2036一年持有期混合(FOF)A,FOF
020231,大摩景气智选混合A,混合型
020232,嘉实互融精选股票C,股票型
020233,大摩景气智选混合C,混合型
020236,施罗德中国动力股票A,股票型
020237,施罗德中国动力股票C,股票型
020238,博时锦源利率债债券A,债券型
020239,博时锦源利率债债券C,债券型
020240,东吴增鑫宝货币D,货币型
020241,国投瑞银和宜债券A,债券型
020244,大摩优质信价纯债E,债券型
020245,大成惠祥纯债债券C,债券型
020246,民生加银半年理财C,债券型
020247,国投瑞银和宜债券C,债券型
020248,惠升中债7-10年政金债指数A,指数型
020249,工银平衡养老三年持有混合发起(FOF)Y,FOF
020250,中银中证央企红利50指数C,指数型
020251,中银中证央企红利50指数A,指数型
020252,银河中债0-3年政金债指数A,指数型
020253,银河中债0-3年政金债指数C,指数型
020254,鹏华盛世创新混合(LOF)C,混合型
020255,中欧中证机器人指数发起A,指数型
020256,中欧中证机器人指数发起C,指数型
020257,嘉合磐稳纯债D,债券型
020258,鹏华优选价值股票C,股票型
020259,嘉实稳恒90天持有期债券A,债券型
020260,嘉实稳恒90天持有期债券C,债券型
020261,兴业裕华债券C,债券型
020262,平安鑫惠90天持有债券A,债券型
020263,平安鑫惠90天持有债券C,债券型
020264,嘉合磐昇纯债D,债券型
020265,长城产业优选混合A,混合型
020266,长城产业优选混合C,混合型
020267,宏利睿智成长混合A,混合型
020268,宏利睿智成长混合C,混合型
020269,宏利价值驱动6个月持有混合A,混合型
020270,宏利价值驱动6个月持有混合C,混合型
020271,万家创业板综合ETF发起式联接A,指数型
020272,万家创业板综合ETF发起式联接C,指数型
020273,富国中证细分化工产业主题ETF发起式联接A,指数型
020274,富国中证细分化工产业主题ETF发起式联接C,指数型
020275,浦银安盛颐璇平衡养老目标三年混合(FOF)Y,FOF
020276,银河新材料股票发起式A,股票型
020277,银河新材料股票发起式C,股票型
020278,国泰信创ETF联接A,指数型
020279,国泰信创ETF联接C,指数型
020280,中加丰泽纯债债券C,债券型
020281,南方宣利定开债券E,债券型
020282,益民优势安享混合C,混合型
020283,大成惠福债券C,债券型
020284,东方红汇享债券A,债券型
020285,东方红汇享债券C,债券型
020286,中证兴业中高等级信用债指数C,指数型
020287,永赢红利慧选混合发起A,混合型
020288,永赢红利慧选混合发起C,混合型
020289,国泰中证机器人ETF发起联接A,指数型
020290,国泰中证机器人ETF发起联接C,指数型
020291,华夏科创100ETF联接A,指数型
020292,华夏科创100ETF联接C,指数型
020293,易方达上证科创板100ETF联接发起式A,指数型
020294,易方达上证科创板100ETF联接发起式C,指数型
020295,易方达中债0-3年政金债指数A,指数型
020296,易方达中债0-3年政金债指数C,指数型
020297,民生加银瑞怡3个月定开债券,债券型
020298,长盛盛悦债券A,债券型
020299,长盛盛悦债券C,债券型
020300,南方乐元中短期利率债债券E,债券型
020301,平安惠嘉纯债A,债券型
020302,平安惠嘉纯债C,债券型
020303,信澳星亮智选混合A,混合型
020304,信澳星亮智选混合C,混合型
020305,信澳星煜智选混合A,混合型
020306,信澳星煜智选混合C,混合型
020307,国投瑞银和景180天持有期债券A,债券型
020308,国投瑞银和景180天持有期债券C,债券型
020309,海富通中债0-2年政金债A,指数型
020310,海富通中债0-2年政金债C,指数型
020315,嘉实前沿科技沪港深股票C,股票型
020316,工银养老2055五年持有混合发起(FOF)Y,FOF
020317,鹏华丰达债券C,债券型
020318,鹏华丰宁债券C,债券型
020319,鹏扬淳合债券D,债券型
020320,华泰柏瑞上证科创板100ETF发起式联接A,指数型
020321,华泰柏瑞上证科创板100ETF发起式联接C,指数型
020322,平安惠智纯债C,债券型
020323,博时中证基建工程指数发起式A,指数型
020324,博时中证基建工程指数发起式C,指数型
020325,南方佳元6个月持有债券E,债券型
020326,南方安裕混合E,混合型
020327,华泰保兴尊益利率债6个月持有债券A,债券型
020328,华泰保兴尊益利率债6个月持有债券C,债券型
020329,大成聚鑫债券A,债券型
020330,大成聚鑫债券C,债券型
020331,红塔红土医药精选股票发起式A,股票型
020332,红塔红土医药精选股票发起式C,股票型
020333,华夏聚安优选三个月持有混合(FOF)A,FOF
020334,华夏聚安优选三个月持有混合(FOF)C,FOF
020335,华夏中证大数据产业ETF发起式联接A,指数型
020336,华夏中证大数据产业ETF发起式联接C,指数型
020337,富达90天债券A,债券型
020338,富达90天债券C,债券型
020339,银华混改红利灵活配置混合发起式C,混合型
020340,华泰柏瑞祥泰稳健养老目标偏债一年(FOF)Y,FOF
020341,工银黄金ETF联接E,指数型
020342,交银中债1-3年农发债指数D,指数型
020343,国联季季红定期开放债券E,债券型
020344,交银裕盈纯债债券D,债券型
020345,大成惠裕定开纯债债券C,债券型
020346,易方达如意招享混合(FOF-LOF)C,FOF
020349,富国安恒60天持有期债券发起式E,债券型
020350,景顺长城养老2055五年持有混合FOF,FOF
020351,农银金瑞利率债债券,债券型
020352,国富沪深300指数增强C,指数型
020353,富国量化对冲策略三个月持有期混合E,混合型
020354,农银瑞益一年持有混合A,混合型
020355,农银瑞益一年持有混合C,混合型
020356,华夏半导体材料设备ETF联接A,指数型
020357,华夏半导体材料设备ETF联接C,指数型
020358,东方红慧鑫甄选6个月持有混合A,混合型
020359,东方红慧鑫甄选6个月持有混合C,混合型
020360,中海混改红利混合C,混合型
020361,中海蓝筹混合C,混合型
020362,中海沪港深价值优选混合C,混合型
020363,交银丰晟收益债券D,债券型
020364,博时卓越成长混合A,混合型
020365,博时卓越成长混合C,混合型
020366,光大锦弘混合E,混合型
020367,嘉实方舟6个月滚动持有债券发起E,债券型
020368,鹏华0-5年利率发起式债券C,债券型
020369,大成景泰纯债债券D,债券型
020372,中欧中债0-3年政金债指数A,指数型
020373,中欧中债0-3年政金债指数C,指数型
020374,天弘弘择短债D,债券型
020375,华泰柏瑞永泰积极养老目标五年(FOF),FOF
020376,广发景丰纯债C,债券型
020377,广发景丰纯债D,债券型
020378,大成景优中短债D,债券型
020379,大成彭博农发行债1-3年指数D,指数型
020380,华富价值增长混合C,混合型
020381,人保民享利率债债券A,债券型
020382,人保民享利率债债券C,债券型
020383,华富成长趋势混合C,混合型
020384,金信转型创新成长混合发起式C,混合型
020385,信澳恒瑞9个月持有期混合A,混合型
020386,信澳恒瑞9个月持有期混合C,混合型
020387,兴业稳福120天持有期债券A,债券型
020388,兴业稳福120天持有期债券C,债券型
020389,英大福鑫稳健养老一年持有偏债混合发起(FOF),FOF
020390,中欧短债债券E,债券型
020391,安信90天滚动持有债券A,债券型
020392,安信90天滚动持有债券C,债券型
020393,广发央企80债券指数D,指数型
020394,大成中债1-3年国开债指数D,指数型
020395,国联安双月享60天持有债券A,债券型
020396,国联安双月享60天持有债券C,债券型
020397,中银港股通医药混合发起A,混合型
020398,中银港股通医药混合发起C,混合型
020399,国泰利恒30天持有债券A,债券型
020400,国泰利恒30天持有债券C,债券型
020401,富国安和120天滚动持有债券发起式A,债券型
020402,富国安和120天滚动持有债券发起式C,债券型
020403,易方达信创ETF联接A,指数型
020404,易方达信创ETF联接C,指数型
020405,国泰中证油气产业ETF发起联接A,指数型
020406,国泰中证油气产业ETF发起联接C,指数型
020407,工银传媒指数E,指数型
020408,华商数字经济混合A,混合型
020409,华商数字经济混合C,混合型
020410,长城均衡优选混合C,混合型
020411,永赢中证沪深港黄金产业股票ETF发起联接A,指数型
020412,永赢中证沪深港黄金产业股票ETF发起联接C,指数型
020413,中信保诚稳泰债券D,债券型
020414,中信保诚优质纯债债券I,债券型
020415,弘毅远方中短债E,债券型
020416,农银先进制造混合A,混合型
020417,农银先进制造混合C,混合型
020418,摩根天添宝货币C,货币型
020419,鹏华科技驱动混合发起式A,混合型
020420,鹏华科技驱动混合发起式C,混合型
020421,鹏华永兴债券,债券型
020422,华夏中证港股通内地金融ETF发起式联接A,指数型
020423,华夏中证港股通内地金融ETF发起式联接C,指数型
020424,方正富邦致盛混合A,混合型
020425,方正富邦致盛混合C,混合型
020426,中信建投景源债券A,债券型
020427,中信建投景源债券C,债券型
020428,华安先进制造混合发起式A,混合型
020429,华安先进制造混合发起式C,混合型
020430,华安景气回报混合发起式A,混合型
020431,华安景气回报混合发起式C,混合型
020432,上银聚泽益债券,债券型
020433,金信核心竞争力混合C,混合型
020434,金信量化精选混合C,混合型
020435,金信智能中国2025混合C,混合型
020436,金信稳健策略混合C,混合型
020437,宝盈医疗健康沪港深股票C,股票型
020438,光大鼎利90天滚动持有债券A,债券型
020439,光大鼎利90天滚动持有债券C,债券型
020440,东兴数字经济混合发起A,混合型
020441,东兴数字经济混合发起C,混合型
020442,易米远见价值一年定开混合A,混合型
020443,易米远见价值一年定开混合C,混合型
020444,华西研究精选混合发起A,混合型
020445,金信优质成长混合C,混合型
020446,中加睿盈纯债债券,债券型
020447,鹏华双季红180天持有期债券A,债券型
020448,鹏华双季红180天持有期债券C,债券型
020449,中信建投添鑫宝D,货币型
020450,博时裕腾纯债债券C,债券型
020451,金信行业优选混合发起式C,混合型
020452,红土创新丰和利率债A,债券型
020453,红土创新丰和利率债C,债券型
020454,博时裕昂纯债债券C,债券型
020455,大成安汇金融债债券D,债券型
020456,平安上证红利低波动指数A,指数型
020457,平安上证红利低波动指数C,指数型
020458,平安医药精选股票A,股票型
020459,平安医药精选股票C,股票型
020461,华安中证国有企业红利ETF发起式联接A,指数型
020462,华安中证国有企业红利ETF发起式联接C,指数型
020463,广发景源纯债D,债券型
020464,招商中证半导体产业ETF发起式联接A,指数型
020465,招商中证半导体产业ETF发起式联接C,指数型
020466,华泰柏瑞中证中央企业红利ETF发起式联接A,指数型
020467,华泰柏瑞中证中央企业红利ETF发起式联接C,指数型
020468,中银货币C,货币型
020469,长城半导体混合发起式A,混合型
020470,长城半导体混合发起式C,混合型
020471,长城0-5年政金债A,债券型
020472,长城0-5年政金债C,债券型
020473,嘉实薪金宝货币E,货币型
020474,中欧产业优选混合A,混合型
020475,中欧产业优选混合C,混合型
020476,泰康半导体量化选股股票发起式A,股票型
020477,泰康半导体量化选股股票发起式C,股票型
020478,中欧中证芯片产业指数发起A,指数型
020480,南方收益宝货币C,货币型
020481,招商中证机器人ETF发起联接A,指数型
020482,招商中证机器人ETF发起联接C,指数型
020483,中欧中证芯片产业指数发起C,指数型
020484,中欧中证全指软件开发指数发起A,指数型
020485,中欧中证全指软件开发指数发起C,指数型
020486,华富智慧城市灵活配置混合C,混合型
020487,华富成长企业精选股票C,股票型
020488,华富量子生命力混合C,混合型
020489,富国泽利纯债债券C,债券型
020490,工银中高等级信用债债券D,债券型
020491,万家医药量化选股混合发起式A,混合型
020492,万家医药量化选股混合发起式C,混合型
020493,富达悦享红利优选混合A,混合型
020494,富达悦享红利优选混合C,混合型
020495,建信研究精选混合A,混合型
020496,建信研究精选混合C,混合型
020497,安信均衡增长混合A,混合型
020498,安信均衡增长混合C,混合型
020499,金元顺安丰利债券C,债券型
020500,广发中证港股通非银ETF发起式联接A,指数型
020501,广发中证港股通非银ETF发起式联接C,指数型
020502,华泰柏瑞稳本增利债券C,债券型
020503,汇丰晋信新动力混合C,混合型
020504,中信保诚稳鑫债券D,债券型
020505,大成中债3-5年国开债指数D,指数型
020506,中银证券鸿安债券A,债券型
020507,中银证券鸿安债券C,债券型
020508,嘉实债券C,债券型
020509,嘉实活期宝货币E,货币型
020510,金鹰科技致远混合A,混合型
020511,金鹰科技致远混合C,混合型
020512,摩根海外稳健配置混合(QDII-FOF)人民币C,QDII
020513,富国深证50ETF发起式联接A,指数型
020514,富国深证50ETF发起式联接C,指数型
020515,华泰柏瑞东南亚科技ETF发起式联接(QDII)A,指数型
020516,华泰柏瑞东南亚科技ETF发起式联接(QDII)C,指数型
020517,易方达深证50ETF联接发起式A,指数型
020518,易方达深证50ETF联接发起式C,指数型
020519,富国瑞夏纯债债券A,债券型
020520,富国瑞夏纯债债券C,债券型
020521,华商安恒债券A,债券型
020522,华商安恒债券C,债券型
020523,交银核心资产混合C,混合型
020524,工银稳健丰盈30天滚动持有债券A,债券型
020525,工银稳健丰盈30天滚动持有债券C,债券型
020526,长江安盈中短债六个月定开C,债券型
020527,大成惠嘉一年定开债券C,债券型
020528,国寿安保利率债三个月定期开放债券,债券型
020530,汇安中债0-3年政金债指数A,指数型
020531,汇安中债0-3年政金债指数C,指数型
020532,湘财鑫睿债券A,债券型
020533,湘财鑫睿债券C,债券型
020534,国投瑞银恒扬30天持有期债券A,债券型
020535,国投瑞银恒扬30天持有期债券C,债券型
020536,建信开元瑞享3个月持有期债券A,债券型
020537,建信开元瑞享3个月持有期债券C,债券型
020538,宝盈盈润纯债债券E,债券型
020539,银华安泰债券A,债券型
020540,银华安泰债券C,债券型
020541,浙商汇金中债0-3年政策性金融债A,指数型
020542,浙商汇金中债0-3年政策性金融债C,指数型
020543,南方稳瑞90天持有债券E,债券型
020544,财通资管中债1-3年国开债E,指数型
020545,鹏扬季季鑫90天滚动持有债券A,债券型
020546,鹏扬季季鑫90天滚动持有债券C,债券型
020547,鹏扬季季鑫90天滚动持有债券E,债券型
020550,上银慧诚利60天持有期债券A,债券型
020551,上银慧诚利60天持有期债券C,债券型
020552,兴业添盈债券,债券型
020553,南方半导体产业股票发起A,股票型
020554,南方半导体产业股票发起C,股票型
020556,中信保诚景瑞债券D,债券型
020557,浙商汇金中高等级三个月D,债券型
020558,工银健康产业混合A,混合型
020559,工银健康产业混合C,混合型
020560,万家高端装备量化选股混合发起式A,混合型
020561,万家高端装备量化选股混合发起式C,混合型
020562,东方红领先精选混合C,混合型
020565,华夏鼎昭利率债债券A,债券型
020566,华夏鼎昭利率债债券C,债券型
020567,泓德智选启航混合A,混合型
020568,泓德智选启航混合C,混合型
020569,建信宁远90天持有期债券A,债券型
020570,建信宁远90天持有期债券C,债券型
020571,融通中国概念债券(QDII)C,QDII
020572,万家稳航90天持有期债券A,债券型
020573,万家稳航90天持有期债券C,债券型
020574,大成景旭纯债债券D,债券型
020575,华泰柏瑞安诚6个月持有期债基A,债券型
020576,华泰柏瑞安诚6个月持有期债基C,债券型
020577,国富恒兴债券A,债券型
020578,国富恒兴债券C,债券型
020579,西部利得聚利6个月定开债券E,债券型
020580,广发景和中短债D,债券型
020581,银华钰祥债券A,债券型
020582,银华钰祥债券C,债券型
020583,农银金季三个月持有债券A,债券型
020584,农银金季三个月持有债券C,债券型
020585,东海中债0-3年政策性金融债A,指数型
020586,东海中债0-3年政策性金融债C,指数型
020587,景顺长城成长机遇混合A,混合型
020588,景顺长城成长机遇混合C,混合型
020589,景顺长城睿丰短债债券F,债券型
020590,融通通宸债券C,债券型
020591,汇添富中债7-10年国开债E,指数型
020592,金信多策略精选混合C,混合型
020593,华夏软件龙头混合发起式A,混合型
020594,华夏软件龙头混合发起式C,混合型
020595,浙商中短债D,债券型
020596,太平恒泰三个月定开债C,债券型
020597,信澳汇享三个月定开债券E,债券型
020598,格林聚利增强一个月持有期债券A,债券型
020599,格林聚利增强一个月持有期债券C,债券型
020600,国寿安保景气优选混合发起式A,混合型
020601,国寿安保景气优选混合发起式C,混合型
020602,易方达中证红利低波动ETF联接发起式A,指数型
020603,易方达中证红利低波动ETF联接发起式C,指数型
020604,银华添益定期开放债券D,债券型
020605,长城稳健增利债券E,债券型
020606,南方日添益货币C,货币型
020607,南方中证机器人ETF发起联接A,指数型
020608,南方中证机器人ETF发起联接C,指数型
020609,泰康悦享90天持有期债券A,债券型
020610,泰康悦享90天持有期债券C,债券型
020611,东吴恒益纯债债券A,债券型
020612,东吴恒益纯债债券C,债券型
020613,尚正中债0-3年政金债指数A,指数型
020614,尚正中债0-3年政金债指数C,指数型
020615,东方红益鑫纯债债券E,债券型
020616,方正富邦货币C,货币型
020617,中银新华中诚信红利价值指数发起A,指数型
020618,中银新华中诚信红利价值指数发起C,指数型
020619,汇添富投资级信用债指数A,指数型
020620,汇添富投资级信用债指数C,指数型
020621,华夏中证香港内地国有企业ETF发起式联接(QDII)A,指数型
020622,华夏中证香港内地国有企业ETF发起式联接(QDII)C,指数型
020623,汇添富稳健收益混合B,混合型
020624,信澳新能源精选混合C,混合型
020625,蜂巢丰吉纯债E,债券型
020626,鹏华丰庆债券C,债券型
020627,广发安泽短债D,债券型
020628,汇添富上证科创板芯片ETF发起式联接A,指数型
020629,汇添富上证科创板芯片ETF发起式联接C,指数型
020630,汇添富中证芯片产业ETF发起式联接A,指数型
020631,汇添富中证芯片产业ETF发起式联接C,指数型
020632,汇添富中证电信主题ETF发起式联接A,指数型
020633,汇添富中证电信主题ETF发起式联接C,指数型
020634,汇添富恒生生物科技ETF发起式联接(QDII)A,指数型
020635,汇添富恒生生物科技ETF发起式联接(QDII)C,指数型
020636,鹏华丰恒债券C,债券型
020637,华泰紫金价值远见18个月持有混合发起A,混合型
020638,华泰紫金价值远见18个月持有混合发起C,混合型
020639,广发半导体设备ETF联接A,指数型
020640,广发半导体设备ETF联接C,指数型
020641,博时安怡6个月定开债C,债券型
020642,鹏扬丰利一年持有债券D,债券型
020643,国泰中债1-3年国开债E,指数型
020644,国泰中债1-5年政金债E,指数型
020645,南方智弘混合A,混合型
020646,南方智弘混合C,混合型
020647,诺安沪深300增强D,指数型
020648,诺安中小盘精选混合C,混合型
020649,诺安中小盘精选混合D,混合型
020650,博时国证粮食产业指数发起式A,指数型
020651,博时国证粮食产业指数发起式C,指数型
020652,富国安慧短债债券D,债券型
020653,恒生前海兴泰混合A,混合型
020654,恒生前海兴泰混合C,混合型
020655,浦银安盛普安利率债债券,债券型
020656,景顺长城中短债债券F,债券型
020657,信澳红利智选混合A,混合型
020658,信澳红利智选混合C,混合型
020659,诺安低碳经济股票D,股票型
020660,国泰泰合三个月定期开放债券,债券型
020661,中加科技创新混合发起式A,混合型
020662,中加科技创新混合发起式C,混合型
020663,华安季季鑫90天持有债券A,债券型
020664,华安季季鑫90天持有债券C,债券型
020665,万家稳丰6个月持有期债券A,债券型
020666,万家稳丰6个月持有期债券C,债券型
020667,富国创业板中盘200ETF发起式联接A,指数型
020668,富国创业板中盘200ETF发起式联接C,指数型
020669,国投瑞银弘信回报混合A,混合型
020670,易方达上证科创板芯片ETF联接发起式A,指数型
020671,易方达上证科创板芯片ETF联接发起式C,指数型
020672,招商中证红利低波动100指数发起式A,指数型
020673,招商中证红利低波动100指数发起式C,指数型
020674,招商中债0-3年政策性金融债A,指数型
020675,招商中债0-3年政策性金融债C,指数型
020676,大成元辰招利债券A,债券型
020677,大成元辰招利债券C,债券型
020678,广发集盛债券A,债券型
020679,广发集盛债券C,债券型
020680,博时富鸿金融债3个月定开债C,债券型
020681,博时华盈纯债债券C,债券型
020682,建信环保产业股票C,股票型
020683,南方上证科创板100ETF联接A,指数型
020684,南方上证科创板100ETF联接C,指数型
020685,南方上证科创板新材料ETF发起联接A,指数型
020686,南方上证科创板新材料ETF发起联接C,指数型
020689,贝莱德中债0-3年政金债指数A,指数型
020690,贝莱德中债0-3年政金债指数C,指数型
020691,博时中证全指通信设备指数发起式A,指数型
020692,博时中证全指通信设备指数发起式C,指数型
020693,长城健康消费混合C,混合型
020694,光大超短债债券D,债券型
020695,海富通红利优选混合A,混合型
020696,海富通红利优选混合C,混合型
020697,蜂巢稳鑫90天持有期债券A,债券型
020698,国泰海通科创板量化选股股票发起A,股票型
020699,国泰海通科创板量化选股股票发起C,股票型
020700,广发中债农发债总指数D,指数型
020701,南华瑞享纯债A,债券型
020702,南华瑞享纯债C,债券型
020703,蜂巢稳鑫90天持有期债券C,债券型
020704,南方中证通信服务ETF发起联接A,指数型
020705,南方中证通信服务ETF发起联接C,指数型
020706,蜂巢添汇纯债E,债券型
020708,中加瑞利纯债债券D,债券型
020709,同泰恒盛债券D,债券型
020710,同泰恒利纯债D,债券型
020711,同泰恒兴纯债D,债券型
020712,华安三菱日联日经225ETF发起式联接(QDII)A,指数型
020713,华安三菱日联日经225ETF发起式联接(QDII)C,指数型
020714,华安上证科创板50成份ETF发起式联接A,指数型
020715,华安上证科创板50成份ETF发起式联接C,指数型
020716,景顺长城60天持有期债券A,债券型
020717,景顺长城60天持有期债券C,债券型
020718,天弘工盈三个月持有期债券A,债券型
020719,天弘工盈三个月持有期债券C,债券型
020720,国寿安保高端装备股票发起式A,股票型
020721,国寿安保高端装备股票发起式C,股票型
020722,国寿安保数字经济股票发起式A,股票型
020723,国寿安保数字经济股票发起式C,股票型
020724,建信开元金享6个月持有期债券发起A,债券型
020725,建信开元金享6个月持有期债券发起C,债券型
020726,建信灵活配置混合C,混合型
020727,兴业稳瑞90天持有期债券A,债券型
020728,兴业稳瑞90天持有期债券C,债券型
020729,华安中证全指软件开发ETF发起式联接A,指数型
020730,华安中证全指软件开发ETF发起式联接C,指数型
020731,国投瑞银启源利率债债券,债券型
020732,易方达创业板中盘200ETF联接A,指数型
020733,易方达创业板中盘200ETF联接C,指数型
020735,东财有色增强E,指数型
020736,国新国证汇铭债券A,债券型
020737,国新国证汇铭债券C,债券型
020738,安信宝利债券(LOF)C,债券型
020739,鹏华稳益180天持有期债券A,债券型
020740,鹏华稳益180天持有期债券C,债券型
020741,华泰保兴安悦债券C,债券型
020742,交银裕坤纯债一年定期开放债券C,债券型
020743,广发恒生消费ETF发起式联接(QDII)A,指数型
020744,广发恒生消费ETF发起式联接(QDII)C,指数型
020746,泰信添安增利九个月持有期债券A,债券型
020747,泰信添安增利九个月持有期债券C,债券型
020748,国联智选先锋股票A,股票型
020749,国联智选先锋股票C,股票型
020750,工银科创ETF联接E,指数型
020751,华夏安悦债券A,债券型
020752,华夏安悦债券C,债券型
020753,华夏中证智选300成长创新策略ETF发起式联接A,指数型
020754,华夏中证智选300成长创新策略ETF发起式联接C,指数型
020755,永赢融安混合A,混合型
020756,南方养老目标2055五年持有混合发起(FOF)Y,FOF
020757,南方养老目标2060五年持有混合发起(FOF)Y,FOF
020758,永赢融安混合C,混合型
020759,建信红利精选股票发起A,股票型
020760,建信红利精选股票发起C,股票型
020761,汇添富丰泰纯债A,债券型
020762,汇添富丰泰纯债C,债券型
020764,兴全中债0-3年政策性金融债指数A,指数型
020765,兴全中债0-3年政策性金融债指数C,指数型
020766,嘉实中证A100ETF发起联接A,指数型
020767,嘉实中证A100ETF发起联接C,指数型
020768,中信保诚国企红利量化选股股票A,股票型
020769,中信保诚国企红利量化选股股票C,股票型
020772,中信建投量化选股股票A,股票型
020773,中信建投量化选股股票C,股票型
020774,国寿安保产业升级股票发起式C,股票型
020775,国寿安保产业升级股票发起式A,股票型
020776,天弘安益债券D,债券型
020777,天弘中债3-5年政策性金融债指数发起C,指数型
020778,太平福安稳健养老一年持有混合(FOF)Y,FOF
020779,湘财新能源量化选股混合A,混合型
020780,湘财新能源量化选股混合C,混合型
020781,平安富时中国国企开放共赢ETF联接A,指数型
020782,平安富时中国国企开放共赢ETF联接C,指数型
020784,国泰瑞和纯债债券C,债券型
020785,安信长鑫增强债券A,债券型
020786,安信长鑫增强债券C,债券型
020787,国寿安保泰裕债券A,债券型
020788,国寿安保泰裕债券C,债券型
020789,银华季季鑫90天持有期债券A,债券型
020790,银华季季鑫90天持有期债券C,债券型
020791,天弘中债1-5年政策性金融债指数发起C,指数型
020795,易方达养老2055五年持有混合(FOF)Y,FOF
020796,诺安泰鑫一年定期开放债券D,债券型
020797,诺安稳固收益一年定期开放债券C,债券型
020798,万家信用恒利债券D,债券型
020799,天弘红利智选混合A,混合型
020800,天弘红利智选混合C,混合型
020801,易方达红利混合A,混合型
020802,易方达红利混合C,混合型
020803,东方红量化选股混合发起A,混合型
020804,东方红量化选股混合发起C,混合型
020805,国投瑞银和嘉债券A,债券型
020806,国投瑞银和嘉债券C,债券型
020807,泰康悦享60天持有期债券A,债券型
020808,泰康悦享60天持有期债券C,债券型
020809,泰康悦享60天持有期债券D,债券型
020810,泰康悦享60天持有期债券E,债券型
020811,富国盛利增强债券发起式A,债券型
020812,富国盛利增强债券发起式C,债券型
020813,鑫元佳享120天持有债券A,债券型
020814,鑫元佳享120天持有债券C,债券型
020815,圆信永丰瑞盈债券A,债券型
020816,湘财红利量化选股混合A,混合型
020817,湘财红利量化选股混合C,混合型
020818,鹏扬永利90天持有债券A,债券型
020819,鹏扬永利90天持有债券C,债券型
020820,华夏短债债券D,债券型
020821,大成领先动力混合A,混合型
020822,大成领先动力混合C,混合型
020823,汇泉安阳纯债A,债券型
020824,汇泉安阳纯债C,债券型
020825,景顺长城景泰丰利纯债债券F,债券型
020826,交银货币C,货币型
020827,交银货币D,货币型
020828,东财北证50指数发起式A,指数型
020829,东财北证50指数发起式C,指数型
020830,东兴医药生物量化选股混合A,混合型
020831,东兴医药生物量化选股混合C,混合型
020832,圆信永丰瑞盈债券C,债券型
020833,东兴兴诚利率债A,债券型
020834,东兴兴诚利率债C,债券型
020835,招商进取策略优选3个月持有期混合发起式(FOF)A,FOF
020836,招商进取策略优选3个月持有期混合发起式(FOF)C,FOF
020837,华夏创业板中盘200ETF发起式联接A,指数型
020838,华夏创业板中盘200ETF发起式联接C,指数型
020839,南方中证半导体产业指数发起A,指数型
020840,南方中证半导体产业指数发起C,指数型
020841,汇添富稳益60天持有债券B,债券型
020842,联博智选混合A,混合型
020843,联博智选混合C,混合型
020844,英大CFETS0-3年政金债指数A,指数型
020845,英大CFETS0-3年政金债指数C,指数型
020846,人保泰睿积极配置三个月持有混合发起式(FOF)A,FOF
020847,人保泰睿积极配置三个月持有混合发起式(FOF)C,FOF
020848,尚正正泰平衡配置混合发起A,混合型
020849,尚正正泰平衡配置混合发起C,混合型
020850,东方享悦90天滚动持有债券A,债券型
020851,东方享悦90天滚动持有债券C,债券型
020852,中银证券现金管家货币C,货币型
020853,大成中证芯片产业指数发起式A,指数型
020854,大成中证芯片产业指数发起式C,指数型
020855,泉果泰然30天持有期债券A,债券型
020856,泉果泰然30天持有期债券C,债券型
020857,嘉实多益债券A,债券型
020858,嘉实多益债券C,债券型
020859,华富泰合平衡3个月持有混合发起式(FOF)A,FOF
020860,华富泰合平衡3个月持有混合发起式(FOF)C,FOF
020861,万家悦兴3个月定期开放债券型发起式D,债券型
020862,泰康稳健双利债券A,债券型
020863,泰康稳健双利债券C,债券型
020864,银华嘉选平衡混合发起式A,混合型
020865,银华嘉选平衡混合发起式C,混合型
020866,华安恒生港股通中国央企红利ETF发起式联接A,指数型
020867,华安恒生港股通中国央企红利ETF发起式联接C,指数型
020868,华夏沪深300ESG基准ETF发起式联接A,指数型
020869,华夏沪深300ESG基准ETF发起式联接C,指数型
020870,华夏创业板指数发起式A,指数型
020871,华夏创业板指数发起式C,指数型
020872,华夏创业板指数发起式E,指数型
020873,天弘科创板50指数A,指数型
020874,天弘科创板50指数C,指数型
020875,中欧量化驱动混合C,混合型
020876,中欧景气精选混合A,混合型
020877,中欧景气精选混合C,混合型
020880,天弘齐享债券发起D,债券型
020881,长信180天持有债券A,债券型
020882,长信180天持有债券C,债券型
020883,南方月月享30天滚动持有债券发起E,债券型
020884,鹏华成长先锋混合A,混合型
020885,鹏华成长先锋混合C,混合型
020886,交银中债0-3年政金债指数A,指数型
020887,交银中债0-3年政金债指数C,指数型
020888,南方天天利货币C,货币型
020889,融通通灿债券C,债券型
020890,银华添润定期开放债券D,债券型
020891,易方达安丰六个月持有债券A,债券型
020892,易方达安丰六个月持有债券C,债券型
020893,景顺长城国证机器人ETF联接A,指数型
020894,景顺长城国证机器人ETF联接C,指数型
020895,汇添富稳鼎120天滚动持有债券A,债券型
020896,汇添富稳鼎120天滚动持有债券C,债券型
020897,永赢璟利债券A,债券型
020898,永赢璟利债券C,债券型
020899,天弘中证全指通信设备指数发起A,指数型
020900,天弘中证全指通信设备指数发起C,指数型
020901,招商成长量化选股股票A,股票型
020902,招商成长量化选股股票C,股票型
020903,广发工程机械ETF联接A,指数型
020904,广发工程机械ETF联接C,指数型
020905,建信中债0-5年政金债指数A,指数型
020906,建信中债0-5年政金债指数C,指数型
020907,中航瑞尚利率债A,债券型
020908,中航瑞尚利率债C,债券型
020909,东方红欣和稳健3个月持有混合(FOF)A,FOF
020910,东方红欣和稳健3个月持有混合(FOF)C,FOF
020911,银华月月鑫30天持有期债券A,债券型
020912,银华月月鑫30天持有期债券C,债券型
020913,东兴鑫颐3个月滚动持有纯债A,债券型
020914,东兴鑫颐3个月滚动持有纯债C,债券型
020915,鹏扬稳鑫120天滚动持有债券A,债券型
020916,鹏扬稳鑫120天滚动持有债券C,债券型
020917,鹏扬稳鑫120天滚动持有债券E,债券型
020918,鹏扬聚优睿选混合A,混合型
020919,鹏扬聚优睿选混合C,混合型
020920,天弘同利债券(LOF)F,债券型
020921,博时富乐纯债债券C,债券型
020922,汇泉智享量化选股混合A,混合型
020923,汇泉智享量化选股混合C,混合型
020924,太平恒发三个月定开债,债券型
020925,格林泓卓利率债,债券型
020926,长信稳兴三个月定开债券E,债券型
020927,中信保诚稳鸿D,债券型
020928,博时富腾纯债债券C,债券型
020929,国投瑞银新活力混合D,混合型
020930,平安鼎信债券C,债券型
020931,富国景利纯债债券C,债券型
020932,南方润元纯债债券E,债券型
020933,南方尊享稳健增利债券A,债券型
020934,南方尊享稳健增利债券C,债券型
020935,国联益诚30天持有债券发起式A,债券型
020936,国联益诚30天持有债券发起式C,债券型
020937,长江90天持有期债券A,债券型
020938,长江90天持有期债券C,债券型
020939,永赢安裕120天滚动持有债券A,债券型
020940,永赢安裕120天滚动持有债券C,债券型
020941,安信青享纯债A,债券型
020942,安信青享纯债C,债券型
020943,鹏扬中债0-3年政金债指数A,指数型
020944,鹏扬中债0-3年政金债指数C,指数型
020945,工银如意货币D,货币型
020946,东方享誉30天滚动持有债券A,债券型
020947,东方享誉30天滚动持有债券C,债券型
020948,大成景朔利率债A,债券型
020949,大成景朔利率债C,债券型
020950,信澳臻享债券A,债券型
020951,信澳臻享债券C,债券型
020952,方正富邦瑞福6个月持有期债券A,债券型
020953,中欧稳悦120天滚动持有债券A,债券型
020954,中欧稳悦120天滚动持有债券C,债券型
020955,银华盛泓债券A,债券型
020956,银华盛泓债券C,债券型
020957,中银全球策略(QDII-FOF)C,QDII
020958,平安惠涌纯债C,债券型
020959,摩根纯债丰利债券D,债券型
020960,博时聚润纯债债券C,债券型
020961,方正富邦瑞福6个月持有期债券C,债券型
020962,中信保诚双盈债券(LOF)D,债券型
020963,中信保诚景华D,债券型
020964,安信企业价值优选混合C,混合型
020965,博时民泽纯债债券C,债券型
020966,东吴科技创新混合A,混合型
020967,东吴科技创新混合C,混合型
020968,国投瑞银顺昌纯债债券C,债券型
020969,中信保诚全球商品主题(QDII-FOF-LOF)C,QDII
020970,益民品质升级混合C,混合型
020971,中银货币D,货币型
020972,易方达机器人ETF联接A,指数型
020973,易方达机器人ETF联接C,指数型
020974,鑫元鸿利C,债券型
020975,万家科技量化选股混合发起式A,混合型
020976,万家科技量化选股混合发起式C,混合型
020977,银华长荣混合C,混合型
020978,广发汇荣三个月定开债券C,债券型
020979,西部利得价值回报混合A,混合型
020980,西部利得价值回报混合C,混合型
020981,华安国证机器人产业指数发起式A,指数型
020982,华安国证机器人产业指数发起式C,指数型
020983,博时国证消费电子主题指数发起式A,指数型
020984,博时国证消费电子主题指数发起式C,指数型
020985,汇安景气成长混合A,混合型
020986,汇安景气成长混合C,混合型
020987,东财高端制造增强E,指数型
020988,南方恒生科技ETF发起联接(QDII)A,指数型
020989,南方恒生科技ETF发起联接(QDII)C,指数型
020990,财通财通宝货币C,货币型
020991,西部利得合赢债券E,债券型
020992,华安中债7-10年国开债E,指数型
020993,红土创新添益债券A,债券型
020994,红土创新添益债券C,债券型
020995,景顺长城景兴信用纯债债券F,债券型
020998,南方臻利3个月定开债券发起C,债券型
020999,南方中证机器人ETF发起联接I,指数型
021000,南方纳斯达克100指数发起(QDII)I,指数型
021001,平安惠利纯债C,债券型
021002,南方中证房地产ETF发起联接I,指数型
021003,平安惠利纯债E,债券型
021004,南方上海金ETF联接I,指数型
021005,南方富时中国国企开放共赢ETF发起联接I,指数型
021006,南方中证全指医疗保健设备与服务ETF发起联接I,指数型
021007,长盛嘉鑫30天持有纯债A,债券型
021008,长盛嘉鑫30天持有纯债C,债券型
021009,信澳瑞享利率债C,债券型
021010,信澳安盛纯债C,债券型
021011,上银中债5-10年国开行债券指数C,指数型
021012,招商招享纯债D,债券型
021013,南方中证银行ETF发起联接I,指数型
021014,信澳悦享利率债C,债券型
021015,长江旭日混合A,混合型
021016,长江旭日混合C,混合型
021017,广发景宏债券C,债券型
021018,交银稳鑫短债债券E,债券型
021019,广发汇兴3个月定期开放债券C,债券型
021021,南方有色金属ETF联接I,指数型
021022,南方沪深300ETF联接I,指数型
021023,南方恒生指数ETF联接I,指数型
021024,德邦景颐债券D,债券型
021025,德邦景颐债券E,债券型
021026,德邦短债D,债券型
021027,太平医疗创新混合发起式A,混合型
021028,太平医疗创新混合发起式C,混合型
021029,南方中证全指证券公司ETF联接I,指数型
021030,汇添富国证港股通创新药ETF发起式联接A,指数型
021031,汇添富国证港股通创新药ETF发起式联接C,指数型
021032,南方创业板ETF联接I,指数型
021033,易方达储能电池ETF联接A,指数型
021034,易方达储能电池ETF联接C,指数型
021035,博时中证汽车零部件主题指数发起式A,指数型
021036,博时中证汽车零部件主题指数发起式C,指数型
021037,南方中债7-10年国开行债券指数I,指数型
021038,银华沪深300价值ETF发起式联接A,指数型
021039,银华沪深300价值ETF发起式联接C,指数型
021040,华富恒欣纯债债券E,债券型
021041,博时裕利纯债债券C,债券型
021042,天弘弘利债券C,债券型
021043,天弘弘利债券E,债券型
021044,国泰香港国企红利ETF联接(QDII)A,指数型
021045,国泰香港国企红利ETF联接(QDII)C,指数型
021046,平安港股通红利精选混合发起式A,混合型
021047,平安港股通红利精选混合发起式C,混合型
021048,景顺长城养老2035三年持有混合(FOF)Y,FOF
021049,易方达高股息量化选股股票发起式A,股票型
021050,易方达高股息量化选股股票发起式C,股票型
021051,国联中证500指数增强A,指数型
021052,国联中证500指数增强C,指数型
021053,南方恒生生物科技ETF发起联接(QDII)I,指数型
021054,永赢众利债券C,债券型
021055,永赢伟益债券C,债券型
021056,南方标普红利低波50ETF联接I,指数型
021057,南方中证新能源ETF联接I,指数型
021059,南方中证500ETF联接(LOF)I,指数型
021060,嘉实上证科创板生物医药ETF发起联接A,指数型
021061,嘉实上证科创板生物医药ETF发起联接C,指数型
021062,宏利市值优选混合C,混合型
021063,工银瑞升债券A,债券型
021064,工银瑞升债券C,债券型
021065,泰康中债0-3年政策性金融债指数A,指数型
021066,泰康中债0-3年政策性金融债指数C,指数型
021067,泰康瑞坤纯债债券A,债券型
021068,鹏华双季乐180天持有期债券A,债券型
021069,鹏华双季乐180天持有期债券C,债券型
021070,恒生前海恒荣纯债A,债券型
021071,恒生前海恒荣纯债C,债券型
021072,华夏中证智选500成长创新策略ETF发起式联接A,指数型
021073,华夏中证智选500成长创新策略ETF发起式联接C,指数型
021074,华夏中证沪深港黄金产业股票ETF发起式联接A,指数型
021075,华夏中证沪深港黄金产业股票ETF发起式联接C,指数型
021076,诺德安鸿C,债券型
021077,永赢安源60天滚动持有债券A,债券型
021078,永赢安源60天滚动持有债券C,债券型
021079,永赢安源60天滚动持有债券E,债券型
021080,鹏华中证车联网主题ETF发起式联接A,指数型
021081,鹏华中证车联网主题ETF发起式联接C,指数型
021082,鹏华中证工业互联网主题ETF发起式联接A,指数型
021083,鹏华中证工业互联网主题ETF发起式联接C,指数型
021084,鹏华中证光伏产业ETF发起式联接A,指数型
021085,鹏华中证光伏产业ETF发起式联接C,指数型
021086,鹏华国证粮食产业ETF发起式联接A,指数型
021087,鹏华国证粮食产业ETF发起式联接C,指数型
021088,鹏华中证港股通医药卫生ETF发起式联接A,指数型
021089,鹏华中证港股通医药卫生ETF发起式联接C,指数型
021090,鹏华中证云计算与大数据主题ETF发起式联接A,指数型
021091,鹏华中证云计算与大数据主题ETF发起式联接C,指数型
021092,广发中证港股通互联网ETF发起式联接A,指数型
021093,广发中证港股通互联网ETF发起式联接C,指数型
021094,东方低碳经济混合A,混合型
021095,东方低碳经济混合C,混合型
021096,融通增益债券D,债券型
021097,南方中证创新药产业ETF发起联接A,指数型
021098,南方中证创新药产业ETF发起联接C,指数型
021099,博时中证红利ETF发起式联接A,指数型
021100,博时中证红利ETF发起式联接C,指数型
021101,国泰北证50成份指数发起A,指数型
021102,国泰北证50成份指数发起C,指数型
021103,国寿安保沪深300ETF联接C,指数型
021104,华泰紫金中债1-5年国开债指数D,指数型
021105,银华中债0-5年政策性金融债指数,指数型
021106,宝盈盈悦纯债债券A,债券型
021107,宝盈盈悦纯债债券C,债券型
021108,国泰海通180天持有债券发起A,债券型
021109,国泰海通180天持有债券发起C,债券型
021110,信澳中债0-3年政策性金融债指数A,指数型
021111,信澳中债0-3年政策性金融债指数C,指数型
021112,渤海汇金2个月滚动持有债券发起A,债券型
021113,渤海汇金2个月滚动持有债券发起C,债券型
021114,博时裕康纯债债券C,债券型
021115,南方北证50成份指数发起I,指数型
021116,南方中证1000ETF发起联接I,指数型
021117,南方中证科创创业50ETF联接I,指数型
021118,宏利京元宝货币E,货币型
021119,中银月月鑫30天滚动持有债券A,债券型
021120,中银月月鑫30天滚动持有债券C,债券型
021121,中欧盈选稳健6个月持有混合发起(FOF)D,FOF
021122,中欧盈选稳健6个月持有混合发起(FOF)E,FOF
021123,华夏养老2060五年持有混合发起式(FOF)A,FOF
021124,华安安浦债券E,债券型
021125,博时上证超大盘ETF联接C,指数型
021126,华安鼎丰债券发起式E,债券型
021127,恒越季季乐3个月滚动持有债券A,债券型
021128,恒越季季乐3个月滚动持有债券C,债券型
021129,东财中证银行指数E,指数型
021130,信澳鑫安债券(LOF)C,债券型
021131,大成稳康6个月持有期债券A,债券型
021132,大成稳康6个月持有期债券C,债券型
021133,宏利货币E,货币型
021134,宏利活期友货币E,货币型
021135,创金合信货币D,货币型
021136,广发集享债券A,债券型
021137,广发集享债券C,债券型
021138,上银中债1-3年国开行债券指数C,指数型
021139,上银政策性金融债债券C,债券型
021140,易方达汽车零部件ETF联接A,指数型
021141,易方达汽车零部件ETF联接C,指数型
021142,华夏港股通央企红利ETF联接A,指数型
021143,华夏港股通央企红利ETF联接C,指数型
021144,易方达高等级信用债债券D,债券型
021145,银华甄选价值成长混合A,混合型
021146,银华甄选价值成长混合C,混合型
021147,财通华臻量化选股混合A,混合型
021148,财通华臻量化选股混合C,混合型
021151,广发景秀纯债C,债券型
021152,华泰紫金季季享定开债券发起D,债券型
021154,鹏华中短债3个月定开债券E,债券型
021155,平安惠锦纯债C,债券型
021156,华安中债1-5年国开行债券ETF联接E,指数型
021157,华安中债1-3年政策金融债E,指数型
021158,华安鼎益债券E,债券型
021159,天弘沪港深物联网ETF联接A,指数型
021160,天弘沪港深物联网ETF联接C,指数型
021161,天弘北证50成份指数发起A,指数型
021162,天弘北证50成份指数发起C,指数型
021163,鑫元中短债D,债券型
021164,天弘恒新混合D,混合型
021165,浙商惠裕纯债D,债券型
021166,财通颐享稳健养老一年持有期混合发起(FOF),FOF
021167,中泰红利量化选股股票发起A,股票型
021168,中泰红利量化选股股票发起C,股票型
021169,信澳慧理财货币C,货币型
021170,大成中证500指数增强A,指数型
021171,大成中证500指数增强C,指数型
021172,华安北证50成份指数发起式A,指数型
021173,华安北证50成份指数发起式C,指数型
021174,华泰柏瑞货币C,货币型
021175,东方红中证500指数增强发起A,指数型
021176,东方红中证500指数增强发起C,指数型
021177,摩根中证A50ETF发起式联接A,指数型
021178,摩根中证A50ETF发起式联接C,指数型
021179,易方达产业机遇混合A,混合型
021180,易方达产业机遇混合C,混合型
021181,中欧价值精选混合A,混合型
021182,中欧价值精选混合C,混合型
021183,平安中证A50ETF联接A,指数型
021184,平安中证A50ETF联接C,指数型
021185,中信保诚中证500指数增强A,指数型
021186,中信保诚中证500指数增强C,指数型
021187,摩根红利优选股票A,股票型
021188,摩根红利优选股票C,股票型
021189,南方亚太精选ETF联接(QDII)A,指数型
021190,南方亚太精选ETF联接(QDII)C,指数型
021193,中银中高等级债券E,债券型
021194,格林科技成长混合A,混合型
021195,格林科技成长混合C,混合型
021196,信澳鑫泰6个月持有期债券A,债券型
021197,信澳鑫泰6个月持有期债券C,债券型
021198,汇添富优选价值混合发起式A,混合型
021199,汇添富优选价值混合发起式C,混合型
021200,华夏中证装备产业ETF发起式联接A,指数型
021201,华夏中证装备产业ETF发起式联接C,指数型
021202,汇添富均衡回报混合发起式A,混合型
021203,汇添富均衡回报混合发起式C,混合型
021204,华夏医药量化选股混合A,混合型
021205,华夏医药量化选股混合C,混合型
021206,易方达中证A50ETF联接发起式A,指数型
021207,易方达中证A50ETF联接发起式C,指数型
021208,银华中证A50ETF联接A,指数型
021209,银华中证A50ETF联接C,指数型
021210,富国中证A50ETF发起式联接A,指数型
021211,富国中证A50ETF发起式联接C,指数型
021212,大成中证A50ETF联接A,指数型
021213,大成中证A50ETF联接C,指数型
021214,嘉实中证A50ETF联接A,指数型
021215,嘉实中证A50ETF联接C,指数型
021216,华宝中证A50ETF发起式联接A,指数型
021217,华宝中证A50ETF发起式联接C,指数型
021218,中邮核心优势灵活配置混合C,混合型
021219,平安价值精选混合A,混合型
021220,工银纯债债券D,债券型
021221,富国中债1-5年农发行债券指数E,指数型
021222,华泰柏瑞中证A50ETF发起式联接A,指数型
021223,华泰柏瑞中证A50ETF发起式联接C,指数型
021224,华宝上证科创板芯片ETF发起式联接A,指数型
021225,华宝上证科创板芯片ETF发起式联接C,指数型
021226,汇丰晋信平稳增利中短债债券D,债券型
021227,平安价值精选混合C,混合型
021228,万家年年恒荣D,债券型
021229,国联安中债0-3年政金债指数A,指数型
021230,国联安中债0-3年政金债指数C,指数型
021231,工银中证A50ETF联接A,指数型
021232,工银中证A50ETF联接C,指数型
021233,博时中证A50ETF发起式联接A,指数型
021234,博时中证A50ETF发起式联接C,指数型
021235,摩根瑞欣利率债债券A,债券型
021236,摩根瑞欣利率债债券C,债券型
021237,合煦智远嘉悦利率债A,债券型
021238,合煦智远嘉悦利率债C,债券型
021239,农银金泽60天持有债券A,债券型
021240,农银金泽60天持有债券C,债券型
021241,永赢逸享债券A,债券型
021242,永赢逸享债券C,债券型
021243,富国中证中央企业红利ETF发起式联接A,指数型
021244,富国中证中央企业红利ETF发起式联接C,指数型
021245,富国中证A100ETF发起式联接A,指数型
021246,富国中证A100ETF发起式联接C,指数型
021247,兴全红利混合A,混合型
021248,兴全红利混合C,混合型
021249,国泰惠丰纯债债券C,债券型
021250,华夏中证全指医疗器械ETF发起式联接A,指数型
021251,华夏中证全指医疗器械ETF发起式联接C,指数型
021252,华安中证信息技术应用创新产业指数发起式A,指数型
021253,华安中证信息技术应用创新产业指数发起式C,指数型
021254,富国沪深300ESG基准ETF发起式联接A,指数型
021255,富国沪深300ESG基准ETF发起式联接C,指数型
021256,浦银安盛中证A50指数增强A,指数型
021257,浦银安盛中证A50指数增强C,指数型
021258,富国中债-1-3年国开行债券指数E,指数型
021259,富国中债0-2年国开行债券指数E,指数型
021260,国泰海通120天持有债券发起A,债券型
021261,国泰海通120天持有债券发起C,债券型
021262,百嘉百臻利率债债券A,债券型
021263,百嘉百臻利率债债券C,债券型
021264,中信保诚景丰D,债券型
021265,兴业聚利灵活配置混合C,混合型
021266,中信保诚稳悦债券D,债券型
021267,安信180天持有债券A,债券型
021268,安信180天持有债券C,债券型
021269,宏利中债绿色普惠金融债券优选指数A,指数型
021270,宏利中债绿色普惠金融债券优选指数C,指数型
021271,华泰紫金远见回报12个月持有混合A,混合型
021272,华泰紫金远见回报12个月持有混合C,混合型
021273,摩根均衡精选混合A,混合型
021274,摩根均衡精选混合C,混合型
021275,万家上证科创板100指数增强发起式A,指数型
021276,万家上证科创板100指数增强发起式C,指数型
021277,广发全球精选股票(QDII)人民币C,QDII
021278,永赢上证科创板100指数增强发起A,指数型
021279,永赢上证科创板100指数增强发起C,指数型
021280,富国国证疫苗与生物科技ETF发起式联接A,指数型
021281,富国国证疫苗与生物科技ETF发起式联接C,指数型
021282,上银慧元利90天持有期债券A,债券型
021283,上银慧元利90天持有期债券C,债券型
021284,浦银安盛科创板100指数增强A,指数型
021285,浦银安盛科创板100指数增强C,指数型
021286,广发安盈混合E,混合型
021289,中金金辰债券,债券型
021290,安信宝利债券(LOF)F,债券型
021291,鹏华货币E,货币型
021292,鹏华国证疫苗与生物科技ETF发起式联接A,指数型
021293,鹏华国证疫苗与生物科技ETF发起式联接C,指数型
021294,鹏华中证港股通科技ETF发起式联接A,指数型
021295,鹏华中证港股通科技ETF发起式联接C,指数型
021296,鹏华国证有色金属行业ETF发起式联接A,指数型
021297,鹏华国证有色金属行业ETF发起式联接C,指数型
021298,中欧北证50成份指数发起A,指数型
021299,中欧北证50成份指数发起C,指数型
021300,诺德中证同业存单AAA指数7天持有期,指数型
021301,银河中证机器人指数发起式A,指数型
021302,银河中证机器人指数发起式C,指数型
021303,东方中债绿色普惠主题金融债券优选指数A,指数型
021304,东方中债绿色普惠主题金融债券优选指数C,指数型
021305,中欧品质精选混合A,混合型
021306,中欧品质精选混合C,混合型
021307,永赢宏泰短债E,债券型
021308,鹏华创新医药混合A,混合型
021309,鹏华创新医药混合C,混合型
021310,长信稳益纯债债券C,债券型
021311,长信纯债壹号债券E,债券型
021312,华宝安享混合C,混合型
021313,景顺长城沪港深精选股票C,股票型
021314,博时中证信息技术应用创新产业指数发起式A,指数型
021315,博时中证信息技术应用创新产业指数发起式C,指数型
021316,民生加银智选成长股票A,股票型
021317,民生加银智选成长股票C,股票型
021320,华富恒惠纯债债券A,债券型
021321,华富恒惠纯债债券C,债券型
021322,百嘉百兴纯债债券C,债券型
021323,博道和裕多元稳健30天持有期债券A,债券型
021324,博道和裕多元稳健30天持有期债券C,债券型
021325,易方达中债1-5年政金债指数A,指数型
021326,易方达中债1-5年政金债指数C,指数型
021327,富国中证细分机械设备产业主题ETF发起式联接A,指数型
021328,富国中证细分机械设备产业主题ETF发起式联接C,指数型
021329,富国上证科创板100ETF发起式联接A,指数型
021330,富国上证科创板100ETF发起式联接C,指数型
021331,中金金信债券C,债券型
021332,安信60天滚动持有债券A,债券型
021333,信澳国企智选混合A,混合型
021334,信澳国企智选混合C,混合型
021335,国联利率债A,债券型
021336,国联利率债C,债券型
021337,国联恒泰纯债B,债券型
021338,中信保诚60天持有债券A,债券型
021339,中信保诚60天持有债券C,债券型
021340,华宝0-2年政金债指数A,指数型
021341,华宝0-2年政金债指数C,指数型
021342,建信鑫诚90天持有期债券A,债券型
021343,建信鑫诚90天持有期债券C,债券型
021344,东财中证芯片ETF发起式联接E,指数型
021345,永赢汇享债券A,债券型
021346,永赢汇享债券C,债券型
021347,安信60天滚动持有债券C,债券型
021348,嘉实中债绿色普惠主题金融债券优选指数A,指数型
021349,嘉实中债绿色普惠主题金融债券优选指数C,指数型
021350,兴业稳利30天持有期债券A,债券型
021351,兴业稳利30天持有期债券C,债券型
021352,博时富华纯债债券C,债券型
021353,中信保诚中债0-3年政金债指数A,指数型
021354,中信保诚中债0-3年政金债指数C,指数型
021355,汇添富增强收益债券D,债券型
021356,信澳新目标灵活配置混合C,混合型
021358,东财中证沪港深互联网ETF发起式联接E,指数型
021359,大成中证A50ETF联接E,指数型
021360,国投瑞银和兴债券A,债券型
021361,国投瑞银和兴债券C,债券型
021362,易方达中证沪深港黄金产业股票指数发起式A,指数型
021363,易方达中证沪深港黄金产业股票指数发起式C,指数型
021364,渤海汇金新动能主题混合C,混合型
021365,华夏中证全指可选消费ETF发起式联接A,指数型
021366,华夏中证全指可选消费ETF发起式联接C,指数型
021367,华夏创业板综合ETF发起式联接A,指数型
021368,华夏创业板综合ETF发起式联接C,指数型
021369,华夏智胜优选混合发起式A,混合型
021370,华夏智胜优选混合发起式C,混合型
021371,华宝1-3年国开债指数C,指数型
021372,天弘价值驱动混合A,混合型
021373,天弘价值驱动混合C,混合型
021374,创金合信恒兴中短债债券D,债券型
021375,中欧中证红利低波动100指数发起A,指数型
021376,中欧中证红利低波动100指数发起C,指数型
021377,兴业中证港股通互联网ETF联接A,指数型
021378,兴业中证港股通互联网ETF联接C,指数型
021379,创金合信恒利超短债债券D,债券型
021380,创金合信季安盈3个月持有期债券E,债券型
021381,华宝量化对冲混合D,混合型
021382,博时科技驱动混合A,混合型
021383,博时科技驱动混合C,混合型
021385,天弘上证科创板100指数增强发起A,指数型
021386,天弘上证科创板100指数增强发起C,指数型
021387,永赢泰利债券B,债券型
021388,银河中证红利低波动100指数A,指数型
021389,银河中证红利低波动100指数C,指数型
021390,东兴成长优选混合发起A,混合型
021391,东兴成长优选混合发起C,混合型
021392,中信建投中债0-3年政金债指数A,指数型
021393,中信建投中债0-3年政金债指数C,指数型
021394,富荣富祥纯债C,债券型
021395,创金合信尊丰纯债C,债券型
021396,创金合信尊丰纯债D,债券型
021397,广发中证云计算与大数据ETF发起式联接A,指数型
021398,广发中证云计算与大数据ETF发起式联接C,指数型
021399,广发中证红利ETF发起式联接A,指数型
021400,广发中证红利ETF发起式联接C,指数型
021401,嘉实稳祥纯债债券E,债券型
021402,银华顺璟6个月定期开放债券D,债券型
021403,鹏华丰实定期开放债券D,债券型
021404,长江汇智量化选股混合发起A,混合型
021405,长江汇智量化选股混合发起C,混合型
021406,华夏沃利货币D,货币型
021407,东方红益丰纯债债券B,债券型
021408,兴业天融债券C,债券型
021409,平安元利90天持有债券A,债券型
021410,平安元利90天持有债券C,债券型
021411,长盛货币D,货币型
021412,富国泓利纯债债券型发起式D,债券型
021413,富国泓利纯债债券型发起式E,债券型
021414,华夏稳健增利4个月债券E,债券型
021415,泰康红利低波ETF联接A,指数型
021416,国富中债绿色普惠金融债券指数A,指数型
021417,国富中债绿色普惠金融债券指数C,指数型
021418,泰康红利低波ETF联接C,指数型
021419,广发汇择一年定期开放债券D,债券型
021420,广发国证信创ETF发起式联接A,指数型
021421,广发国证信创ETF发起式联接C,指数型
021422,工银尊享短债债券D,债券型
021423,易方达悦丰稳健债券A,债券型
021424,易方达悦丰稳健债券C,债券型
021425,长城月月鑫30天持有债券A,债券型
021426,长城月月鑫30天持有债券C,债券型
021427,国泰优质精选混合A,混合型
021428,国泰优质精选混合C,混合型
021429,中泰安弘债券A,债券型
021430,富国投资级信用债债券型E,债券型
021431,景顺长城精锐成长混合A,混合型
021432,景顺长城精锐成长混合C,混合型
021433,融通债券D,债券型
021434,融通通福债券(LOF)D,债券型
021435,博时季季兴90天滚动持有债券A,债券型
021436,博时季季兴90天滚动持有债券C,债券型
021437,鑫元鑫选稳健养老目标一年持有偏债混合(FOF)Y,FOF
021438,兴业裕恒债券C,债券型
021439,安信30天滚动持有债券A,债券型
021440,安信30天滚动持有债券C,债券型
021441,申万菱信安泰添益纯债债券A,债券型
021442,申万菱信安泰添益纯债债券C,债券型
021443,永赢安怡30天持有期债券A,债券型
021444,永赢安怡30天持有期债券C,债券型
021445,华安鸿福利率债,债券型
021446,华泰紫金丰睿债券发起D,债券型
021447,工银薪金货币D,货币型
021448,华宝成长策略混合C,混合型
021449,鑫元启丰债券,债券型
021450,富国医疗产业混合发起式A,混合型
021451,富国医疗产业混合发起式C,混合型
021452,富国绿色纯债一年定开债券C,债券型
021455,农银红利甄选混合A,混合型
021456,农银红利甄选混合C,混合型
021457,易方达恒生红利低波ETF联接A,指数型
021458,易方达恒生红利低波ETF联接C,指数型
021459,华安盈瑞稳健优选6个月持有混合(FOF)E,FOF
021460,汇添富增强收益债券E,债券型
021461,国投瑞银中证资源指数(LOF)C,指数型
021462,达诚添利利率债A,债券型
021463,达诚添利利率债C,债券型
021464,海富通中证港股通科技ETF发起联接A,指数型
021465,海富通中证港股通科技ETF发起联接C,指数型
021467,新华安享惠金定期债券E,债券型
021468,上银慧臻利率债债券A,债券型
021469,华安中证全指医疗器械指数发起式A,指数型
021470,华安中证全指医疗器械指数发起式C,指数型
021471,华夏中证全指信息技术ETF发起式联接A,指数型
021472,华夏中证全指信息技术ETF发起式联接C,指数型
021473,摩根瑞益纯债债券D,债券型
021474,华安上证科创板新一代信息技术ETF发起式联接A,指数型
021475,华安上证科创板新一代信息技术ETF发起式联接C,指数型
021476,银河ESG主题混合发起式A,混合型
021477,银河ESG主题混合发起式C,混合型
021478,东方周期优选灵活配置混合C,混合型
021479,国联安稳健混合C,混合型
021480,博时国证龙头家电ETF发起式联接A,指数型
021481,博时国证龙头家电ETF发起式联接C,指数型
021482,华夏中证红利低波动ETF发起式联接A,指数型
021483,华夏中证红利低波动ETF发起式联接C,指数型
021484,景顺长城上证科创板50成份ETF联接A,指数型
021485,景顺长城上证科创板50成份ETF联接C,指数型
021486,华夏聚丰混合(FOF)D,FOF
021487,工银瑞和3个月定开债券D,债券型
021488,长盛养老健康混合C,混合型
021489,中航趋势领航混合发起A,混合型
021490,中航趋势领航混合发起C,混合型
021491,中航远见领航混合发起A,混合型
021492,中航远见领航混合发起C,混合型
021493,摩根丰瑞债券D,债券型
021494,长盛沪深300指数(LOF)C,指数型
021495,华夏养老2060五年持有混合发起式(FOF)Y,FOF
021496,广发养老目标2045三年持有混合发起式(FOF)Y,FOF
021497,中欧颐享平衡养老目标三年持有混合发起(FOF)Y,FOF
021498,易方达汇悦平衡养老三年持有混合(FOF)Y,FOF
021499,博时黄金ETF联接E,指数型
021500,景顺长城优质成长股票C,股票型
021501,信澳科技驱动混合A,混合型
021502,信澳科技驱动混合C,混合型
021503,景顺长城成长之星股票C,股票型
021504,易方达养老2045五年持有混合(FOF)Y,FOF
021506,华泰紫金智盈债券E,债券型
021507,平安CFETS0-3年期政金债指数A,指数型
021508,平安CFETS0-3年期政金债指数C,指数型
021510,宏利半导体产业混合发起A,混合型
021511,宏利半导体产业混合发起C,混合型
021512,景顺长城支柱产业混合C,混合型
021513,富国港股通红利精选混合A,混合型
021514,富国港股通红利精选混合C,混合型
021515,汇添富红利智选混合发起式A,混合型
021516,汇添富红利智选混合发起式C,混合型
021517,兴华兴利债券A,债券型
021518,兴华兴利债券C,债券型
021519,长盛中债0-3年政金债指数A,指数型
021520,长盛中债0-3年政金债指数C,指数型
021521,中信保诚稳鸿E,债券型
021523,财通价值动量混合C,混合型
021524,天弘匠心臻选混合发起A,混合型
021525,天弘匠心臻选混合发起C,混合型
021526,南华丰汇混合C,混合型
021527,鑫元中证同业存单AAA指数7天持有期,指数型
021528,财通成长优选混合C,混合型
021529,中信保诚至泰中短债E,债券型
021530,路博迈安航90天持有债券A,债券型
021531,路博迈安航90天持有债券C,债券型
021532,天弘半导体设备指数A,指数型
021533,天弘半导体设备指数C,指数型
021534,华夏有色金属ETF联接D,指数型
021535,天弘中证软件服务指数发起A,指数型
021536,天弘中证软件服务指数发起C,指数型
021537,天弘月月兴30天持有期债券A,债券型
021538,天弘月月兴30天持有期债券C,债券型
021539,华安法国CAC40ETF发起式联接(QDII)A,指数型
021540,华安法国CAC40ETF发起式联接(QDII)C,指数型
021541,建信社会责任混合C,混合型
021542,国投瑞银信息消费混合C,混合型
021543,国投瑞银招财混合C,混合型
021544,博远增汇纯债债券A,债券型
021545,博远增汇纯债债券C,债券型
021546,国投瑞银创新医疗混合C,混合型
021548,富国稳健双鑫债券A,债券型
021549,富国稳健双鑫债券C,债券型
021550,博时中证红利低波动100ETF联接A,指数型
021551,博时中证红利低波动100ETF联接C,指数型
021552,广发景裕纯债A,债券型
021553,广发景裕纯债C,债券型
021554,兴业恒悦180天持有期债券A,债券型
021555,兴业恒悦180天持有期债券C,债券型
021556,长盛中证证券公司指数(LOF)C,指数型
021558,工银现代服务业混合C,混合型
021559,格林30天滚动持有债券A,债券型
021560,格林30天滚动持有债券C,债券型
021561,天弘中证央企红利50指数发起A,指数型
021562,天弘中证央企红利50指数发起C,指数型
021563,富安达上清所0-3年政金债指数A,指数型
021564,富安达上清所0-3年政金债指数C,指数型
021565,南方中债0-3年农发行债券指数A,指数型
021566,南方中债0-3年农发行债券指数C,指数型
021567,银河CFETS0-3年期政金债指数A,指数型
021568,银河CFETS0-3年期政金债指数C,指数型
021569,博时裕诚纯债债券C,债券型
021570,华夏红利量化选股股票A,股票型
021571,华夏红利量化选股股票C,股票型
021574,平安元恒90天持有债券A,债券型
021575,平安元恒90天持有债券C,债券型
021576,平安研究智选混合A,混合型
021577,平安研究智选混合C,混合型
021578,建信鑫益90天持有期债券A,债券型
021579,建信鑫益90天持有期债券C,债券型
021580,华夏人工智能ETF联接D,指数型
021581,贝莱德和悦利率债A,债券型
021582,贝莱德和悦利率债C,债券型
021583,中欧中证港股通央企红利指数发起(QDII)A,指数型
021584,中欧中证港股通央企红利指数发起(QDII)C,指数型
021587,永赢润益债券D,债券型
021588,广发景利纯债C,债券型
021589,博时智臻纯债债券C,债券型
021590,兴全竞争优势混合A,混合型
021591,兴全竞争优势混合C,混合型
021592,易米中证同业存单AAA指数7天持有期,指数型
021593,上银数字经济混合发起式A,混合型
021594,上银数字经济混合发起式C,混合型
021595,国联安新精选混合C,混合型
021596,天弘稳健回报债券发起E,债券型
021597,太平中债1-3年政策性金融债D,指数型
021598,建信普泽养老目标日期2050五年持有期混合发起(FOF)Y,FOF
021599,华泰紫金丰和偏债混合发起D,混合型
021600,富国鑫汇养老目标日期2035三年持有期混合发起式(FOF)Y,FOF
021601,交银稳利中短债债券E,债券型
021602,汇添富中证信息技术应用创新产业ETF发起式联接A,指数型
021603,汇添富中证信息技术应用创新产业ETF发起式联接C,指数型
021604,新华积极价值灵活配置混合C,混合型
021605,富国消费精选30股票C,股票型
021606,易方达中债新综指发起式(LOF)D,指数型
021607,南方上证科创板芯片ETF发起联接A,指数型
021608,南方上证科创板芯片ETF发起联接C,指数型
021609,广发中债7-10年国开债指数D,指数型
021610,国泰中证环保产业50ETF联接E,指数型
021611,银河银信债券E,债券型
021612,国投瑞银平衡养老目标三年持有期混合发起式(FOF)Y,FOF
021614,华泰紫金中证全指软件指数型发起A,指数型
021615,华泰紫金中证全指软件指数型发起C,指数型
021617,天弘优选债券C,债券型
021618,嘉实致华纯债债券C,债券型
021619,天弘石油天然气指数A,指数型
021620,天弘石油天然气指数C,指数型
021621,天弘汽车零部件指数A,指数型
021622,天弘汽车零部件指数C,指数型
021623,天弘新兴产业混合发起A,混合型
021624,天弘新兴产业混合发起C,混合型
021625,博时外延增长混合C,混合型
021626,华富半导体产业混合发起式A,混合型
021627,华富半导体产业混合发起式C,混合型
021628,嘉实稳华纯债债券E,债券型
021629,华安红利机遇股票发起式A,股票型
021630,华安红利机遇股票发起式C,股票型
021631,兴银聚优智选混合发起A,混合型
021632,兴银聚优智选混合发起C,混合型
021633,招商中证香港科技ETF发起式联接(QDII)A,指数型
021634,招商中证香港科技ETF发起式联接(QDII)C,指数型
021635,人保沪深300C,指数型
021636,长城周期优选混合发起式A,混合型
021637,长城周期优选混合发起式C,混合型
021638,景顺长城臻品三个月持有期混合(FOF)A,FOF
021639,景顺长城臻品三个月持有期混合(FOF)C,FOF
021640,华银鼎盛中短债D,债券型
021641,华银鼎盛中短债E,债券型
021642,富国资源精选混合发起式A,混合型
021643,国联安积极配置3个月持有混合(FOF)A,FOF
021644,国联安积极配置3个月持有混合(FOF)C,FOF
021645,东方红欣悦稳健3个月持有混合(FOF)A,FOF
021646,东方红欣悦稳健3个月持有混合(FOF)C,FOF
021647,东方红动力领航混合A,混合型
021648,东方红动力领航混合C,混合型
021649,富国臻选成长灵活配置混合C,混合型
021650,东方红红利量化选股混合发起A,混合型
021651,东方红红利量化选股混合发起C,混合型
021652,东财龙头家电指数E,指数型
021653,南方中证全指计算机ETF发起联接A,指数型
021654,南方中证全指计算机ETF发起联接C,指数型
021655,海富通量化选股混合A,混合型
021656,海富通量化选股混合C,混合型
021657,华夏纯债债券D,债券型
021658,华安恒生生物科技指数发起式(QDII)A,指数型
021659,华安恒生生物科技指数发起式(QDII)C,指数型
021660,中欧上证科创板100指数发起A,指数型
021661,中欧上证科创板100指数发起C,指数型
021662,国富亚洲机会股票(QDII)C,QDII
021663,汇百川远航混合A,混合型
021664,汇百川远航混合C,混合型
021665,中银周期优选混合发起A,混合型
021666,中银周期优选混合发起C,混合型
021668,申万菱信智华稳进配置3个月持有期混合型发起式(FOF)A,FOF
021669,申万菱信智华稳进配置3个月持有期混合型发起式(FOF)C,FOF
021670,金元顺安乾盛利率债债券,债券型
021671,银河天盈中短债E,债券型
021672,国泰中证全指软件ETF联接E,指数型
021673,国泰黄金股ETF联接A,指数型
021674,国泰黄金股ETF联接C,指数型
021675,平安双季鑫6个月持有债券A,债券型
021676,平安双季鑫6个月持有债券C,债券型
021677,国投瑞银启晨利率债债券,债券型
021678,永赢安泽6个月持有债券A,债券型
021679,永赢安泽6个月持有债券C,债券型
021680,永赢安泽6个月持有债券E,债券型
021681,国泰中证医疗ETF联接E,指数型
021682,华泰柏瑞创业板科技ETF发起式联接A,指数型
021683,华泰柏瑞创业板科技ETF发起式联接C,指数型
021684,兴全丰德债券A,债券型
021685,兴全丰德债券C,债券型
021687,鹏华北证50成份指数发起式A,指数型
021688,鹏华北证50成份指数发起式C,指数型
021689,国泰汽车整车ETF联接E,指数型
021690,招商资管北证50成份指数发起A,指数型
021691,招商资管北证50成份指数发起C,指数型
021692,招商资管智达量化选股混合发起A,混合型
021693,招商资管智达量化选股混合发起C,混合型
021694,银华抗通胀主题(QDII-FOF-LOF)C,QDII
021695,国寿安保泰宁利率债债券,债券型
021696,浙商汇金聚悦利率债A,债券型
021697,浙商汇金聚悦利率债C,债券型
021698,国泰中证光伏产业ETF发起联接E,指数型
021699,汇添富远见成长混合发起式A,混合型
021700,汇添富远见成长混合发起式C,混合型
021701,国泰上证国企红利ETF联接A,指数型
021702,国泰上证国企红利ETF联接C,指数型
021703,信澳稳宁30天滚动持有债券A,债券型
021704,信澳稳宁30天滚动持有债券C,债券型
021705,国联银行间1-3年中高等级信用债指数B,指数型
021706,国联银行间1-3年中高等级信用债指数E,指数型
021707,富国中证红利低波动ETF发起式联接A,指数型
021708,富国中证红利低波动ETF发起式联接C,指数型
021709,华泰紫金同存AAA指数7天持有发起,指数型
021710,华泰柏瑞港股通量化混合C,混合型
021711,南方周期优选混合发起A,混合型
021712,南方周期优选混合发起C,混合型
021713,鑫元招利D,债券型
021714,中欧中证全指医疗保健设备与服务指数发起A,指数型
021715,中欧中证全指医疗保健设备与服务指数发起C,指数型
021716,招商中证云计算与大数据主题ETF发起式联接A,指数型
021717,招商中证云计算与大数据主题ETF发起式联接C,指数型
021718,华泰紫金中证半导体产业指数型发起A,指数型
021719,华泰紫金中证半导体产业指数型发起C,指数型
021720,鹏华中债0-3年政金债指数A,指数型
021721,鹏华中债0-3年政金债指数C,指数型
021722,广发上证50ETF发起式联接A,指数型
021723,广发上证50ETF发起式联接C,指数型
021726,泓德智选启诚混合A,混合型
021727,泓德智选启诚混合C,混合型
021728,兴业福益债券C,债券型
021729,金鹰悦享债券D,债券型
021730,富达低碳成长混合A,混合型
021731,富达低碳成长混合C,混合型
021732,中银证券鸿瑞债券A,债券型
021733,中银证券鸿瑞债券C,债券型
021734,国富基本面优选混合C,混合型
021735,景顺长城沪港深红利成长低波指数E,指数型
021737,广发沪深300ETF联接F,指数型
021738,广发上海金ETF联接F,指数型
021739,广发创业板ETF发起式联接F,指数型
021740,前海开源黄金ETF联接C,指数型
021741,嘉实新财富混合C,混合型
021742,光大超短债债券E,债券型
021743,鹏扬淳享债券D,债券型
021745,广发中证1000ETF联接F,指数型
021746,南方悦享稳健添利债券A,债券型
021747,南方悦享稳健添利债券C,债券型
021748,西部利得同业存单指数7天持有,指数型
021749,易方达创业板成长ETF联接发起式A,指数型
021750,易方达创业板成长ETF联接发起式C,指数型
021751,兴全天添益货币E,货币型
021752,南方电力ETF联接A,指数型
021753,南方电力ETF联接C,指数型
021754,富国颐利纯债债券C,债券型
021755,中欧价值品质混合发起A,混合型
021756,中欧价值品质混合发起C,混合型
021757,中欧沪深300指数量化增强A,指数型
021758,中欧沪深300指数量化增强C,指数型
021759,中欧中证港股通创新药指数发起A,指数型
021760,中欧中证港股通创新药指数发起C,指数型
021761,红塔红土30天持有期债券A,债券型
021762,红塔红土30天持有期债券C,债券型
021763,汇添金货币E,货币型
021764,永赢安怡30天持有期债券E,债券型
021765,长盛北证50成份指数增强A,指数型
021766,长盛北证50成份指数增强C,指数型
021767,海富通中短债债券D,债券型
021768,广发科创50ETF发起式联接F,指数型
021769,海富通瑞福债券D,债券型
021770,南方中证全指汽车指数发起A,指数型
021771,南方中证全指汽车指数发起C,指数型
021772,汇添富双利增强债券D,债券型
021773,汇添富纳斯达克100ETF发起式联接(QDII)人民币E,指数型
021774,农银双利回报债券D,债券型
021775,招商金鸿债券D,债券型
021776,华安月月丰30天持有债券A,债券型
021777,华安月月丰30天持有债券C,债券型
021778,广发纳指100ETF联接(QDII)人民币F,指数型
021779,东方红成长先锋混合A,混合型
021780,东方红成长先锋混合C,混合型
021781,南方交元债券C,债券型
021782,路博迈中高等级信用债A,债券型
021783,路博迈中高等级信用债C,债券型
021784,前海开源股息率100强股票C,股票型
021785,国泰润利纯债债券C,债券型
021786,天弘永利兴宁债券A,债券型
021787,天弘永利兴宁债券C,债券型
021788,华安中证全指计算机指数发起式A,指数型
021789,华安中证全指计算机指数发起式C,指数型
021790,华宝宝嘉30天持有期债券A,债券型
021791,华宝宝嘉30天持有期债券C,债券型
021792,华泰保兴产业升级混合发起A,混合型
021793,华泰保兴产业升级混合发起C,混合型
021794,国泰海通安宜纯债债券,债券型
021795,广发稳信六个月持有期混合A,混合型
021796,广发稳信六个月持有期混合C,混合型
021797,财通稳裕回报债券A,债券型
021798,财通稳裕回报债券C,债券型
021799,嘉实中证A100指数增强发起式A,指数型
021800,嘉实中证A100指数增强发起式C,指数型
021801,汇添富丰穗60天持有债券A,债券型
021802,汇添富丰穗60天持有债券C,债券型
021803,华商鸿信纯债债券,债券型
021804,财通资管睿丰债券A,债券型
021805,财通资管睿丰债券C,债券型
021806,汇安中短债债券F,债券型
021807,财通资管鸿运中短债债券I,债券型
021808,国泰聚享纯债债券C,债券型
021809,华宝添益D,货币型
021810,富国创业板增强策略ETF发起式联接C,指数型
021811,富国创业板增强策略ETF发起式联接A,指数型
021812,东兴宸泰量化选股混合发起A,混合型
021813,东兴宸泰量化选股混合发起C,混合型
021814,华泰柏瑞红利量化选股混合A,混合型
021815,华泰柏瑞红利量化选股混合C,混合型
021818,华夏聚顺优选六个月持有债券(FOF)A,FOF
021819,华夏聚顺优选六个月持有债券(FOF)C,FOF
021820,嘉实新思路混合C,混合型
021821,兴业聚享6个月持有期混合A,混合型
021822,景顺长城国证石油天然气ETF发起式联接基金A,指数型
021823,景顺长城国证石油天然气ETF发起式联接基金C,指数型
021824,东海鑫兴30天持有债券A,债券型
021825,东海鑫兴30天持有债券C,债券型
021826,国投瑞银磐睿量化选股混合A,混合型
021827,国投瑞银磐睿量化选股混合C,混合型
021828,招商中证A100ETF发起式联接A,指数型
021829,招商中证A100ETF发起式联接C,指数型
021830,国寿安保农业产业股票发起式A,股票型
021831,国寿安保农业产业股票发起式C,股票型
021832,富国沪深300ETF发起式联接A,指数型
021833,富国沪深300ETF发起式联接C,指数型
021834,鹏扬淳利债券D,债券型
021835,东方红益恒纯债债券A,债券型
021836,东方红益恒纯债债券C,债券型
021837,南方皓元短债债券D,债券型
021838,嘉实纳斯达克100ETF发起联接(QDII)I人民币,指数型
021839,中欧中债3-5年政策性金融债指数A,指数型
021840,中欧中债3-5年政策性金融债指数C,指数型
021841,海富通集利纯债债券C,债券型
021842,国富全球科技互联混合(QDII)人民币C,QDII
021843,国富全球科技互联混合(QDII)美元现汇C,QDII
021844,东财中证证券保险指数E,指数型
021845,创金合信鑫瑞混合E,混合型
021846,创金合信聚鑫债券E,债券型
021847,国泰沪深300增强策略ETF发起联接A,指数型
021848,国泰沪深300增强策略ETF发起联接C,指数型
021849,财通资管中证同业存单AAA指数7天持有期,指数型
021850,广发景益债券C,债券型
021851,中银沪深300指数增强E,指数型
021852,建信中证500指数增强E,指数型
021853,博时稳健恒利债券A,债券型
021854,博时稳健恒利债券C,债券型
021855,博时中证油气资源ETF发起式联接A,指数型
021856,博时中证油气资源ETF发起式联接C,指数型
021857,东方红远见精选混合A,混合型
021858,东方红远见精选混合C,混合型
021859,浙商汇金红利精选混合型发起式A,混合型
021860,浙商汇金红利精选混合型发起式C,混合型
021861,嘉实中证软件服务ETF联接I,指数型
021862,嘉实央企创新驱动ETF联接I,指数型
021863,招商安和债券E,债券型
021864,中欧中证800研究智选混合发起A,混合型
021865,中欧中证800研究智选混合发起C,混合型
021866,嘉实沪深300红利低波动ETF联接I,指数型
021867,嘉实中证科创创业50ETF发起联接I,指数型
021868,上银慧臻利率债债券C,债券型
021869,上银慧鼎利债券C,债券型
021870,嘉实上证科创板芯片ETF发起联接I,指数型
021871,兴业聚享6个月持有期混合C,混合型
021873,中欧黄金股指数A,指数型
021874,中欧黄金股指数C,指数型
021875,路博迈资源精选股票发起A,股票型
021876,路博迈资源精选股票发起C,股票型
021877,中欧沪深300指数发起A,指数型
021878,中欧沪深300指数发起C,指数型
021879,嘉实中证主要消费ETF发起联接I,指数型
021880,嘉实中证医药健康100策略ETF联接I,指数型
021881,鑫元华证沪深港红利50指数A,指数型
021882,鑫元华证沪深港红利50指数C,指数型
021883,南方宝元债券E,债券型
021884,太平量化选股混合A,混合型
021885,太平量化选股混合C,混合型
021886,嘉实沪深300ETF联接(LOF)I,指数型
021887,嘉实中证500ETF联接I,指数型
021888,光大永利债券D,债券型
021889,中欧中证A50指数A,指数型
021890,中欧中证A50指数C,指数型
021891,融通中证港股通科技指数A,指数型
021892,融通中证港股通科技指数C,指数型
021893,易方达半导体设备ETF联接A,指数型
021894,易方达半导体设备ETF联接C,指数型
021895,国投瑞银中证机器人指数发起式A,指数型
021896,国投瑞银中证机器人指数发起式C,指数型
021897,广发景兴中短债E,债券型
021898,易方达汇享稳健养老一年持有混合(FOF)Y,FOF
021899,融通品质优选混合A,混合型
021900,融通品质优选混合C,混合型
021901,平安惠轩纯债C,债券型
021902,广发主题领先混合C,混合型
021903,格林中证同业存单AAA指数7天持有期,指数型
021904,中银ESG主题混合发起A,混合型
021905,中银ESG主题混合发起C,混合型
021906,汇添富安心中国债券D,债券型
021907,汇丰晋信货币D,货币型
021908,鹏华上证科创板50成份增强策略ETF发起式联接A,指数型
021909,鹏华上证科创板50成份增强策略ETF发起式联接C,指数型
021910,渤海汇金优选价值混合发起A,混合型
021911,渤海汇金优选价值混合发起C,混合型
021912,德邦新添利债券E,债券型
021915,博道大盘价值股票A,股票型
021916,博道大盘价值股票C,股票型
021917,富荣富兴纯债C,债券型
021918,永赢港股通品质生活慧选混合C,混合型
021919,国泰海通红利量化选股混合A,混合型
021920,国泰海通红利量化选股混合C,混合型
021921,汇泉安阳纯债D,债券型
021922,博时中证国新央企现代能源ETF发起式联接A,指数型
021923,博时中证国新央企现代能源ETF发起式联接C,指数型
021924,汇添富沪深300安中指数B,指数型
021925,国投瑞银弘信回报混合C,混合型
021926,国富日日收益货币E,货币型
021927,融通中证同业存单AAA指数7天持有期,指数型
021928,湘财鑫裕纯债A,债券型
021929,湘财鑫裕纯债C,债券型
021930,建信纯债债券F,债券型
021931,兴业华证沪港深红利100指数A,指数型
021932,兴业华证沪港深红利100指数C,指数型
021933,富国中证通信设备主题ETF发起式联接A,指数型
021934,富国中证通信设备主题ETF发起式联接C,指数型
021935,嘉实中债1-3政金债指数D,指数型
021937,华安半导体产业股票发起式A,股票型
021938,华安半导体产业股票发起式C,股票型
021941,中海丰泽利率债A,债券型
021942,中海丰泽利率债C,债券型
021943,国联新机遇混合C,混合型
021944,广发中证基建工程ETF联接F,指数型
021945,广发国证半导体芯片ETF联接F,指数型
021946,广发中证国新央企股东回报ETF发起式联接F,指数型
021947,广发中证光伏产业指数F,指数型
021948,广发中证军工ETF联接F,指数型
021949,南方深证主板50ETF联接A,指数型
021950,南方深证主板50ETF联接C,指数型
021951,建信中短债纯债债券F,债券型
021952,广发中证传媒ETF联接F,指数型
021953,西部利得新动向混合C,混合型
021954,金鹰添盈纯债债券D,债券型
021955,金鹰添盈纯债债券E,债券型
021956,平安养老目标日期2040三年持有混合(FOF)Y,FOF
021957,红土创新智能制造混合型发起式C,混合型
021958,南方黄金股A,指数型
021959,南方黄金股C,指数型
021960,建信双债增强债券F,债券型
021961,景顺长城中证国新港股通央企红利ETF联接A,指数型
021962,景顺长城中证国新港股通央企红利ETF联接C,指数型
021963,天弘储能电池指数A,指数型
021964,天弘储能电池指数C,指数型
021965,泓德智选启鑫混合A,混合型
021966,泓德智选启鑫混合C,混合型
021967,西部利得均衡优选混合A,混合型
021968,西部利得均衡优选混合C,混合型
021969,兴银鼎新灵活配置C,混合型
021970,平安5-10年期政策性金融债债券E,债券型
021971,南方港股通央企红利ETF联接A,指数型
021972,南方港股通央企红利ETF联接C,指数型
021973,天弘优势企业混合发起A,混合型
021974,天弘优势企业混合发起C,混合型
021975,创金合信红利甄选量化选股混合A,混合型
021976,创金合信红利甄选量化选股混合C,混合型
021977,中欧中证细分化工产业主题指数发起A,指数型
021978,中欧中证细分化工产业主题指数发起C,指数型
021979,兴全红利量化选股股票A,股票型
021980,兴全红利量化选股股票C,股票型
021981,安联中国精选混合A,混合型
021982,安联中国精选混合C,混合型
021983,中信保诚红利领航量化股票A,股票型
021984,中信保诚红利领航量化股票C,股票型
021985,财通资管先进制造混合发起式A,混合型
021986,财通资管先进制造混合发起式C,混合型
021987,国泰海通创新医药混合发起C,混合型
021988,银河中证通信设备主题指数发起式A,指数型
021989,银河中证通信设备主题指数发起式C,指数型
021990,中加专精特新量化选股混合发起式A,混合型
021991,中加专精特新量化选股混合发起式C,混合型
021992,新华双利债券E,债券型
021993,财通资管康恒平衡养老目标三年持有混合发起式(FOF)Y,FOF
021994,财通资管康泽稳健养老目标一年持有混合(FOF)Y,FOF
021995,南华丰睿量化选股混合A,混合型
021996,南华丰睿量化选股混合C,混合型
021997,中银中债3-5年期农发行债券指数D,指数型
021998,信澳慧管家货币F,货币型
021999,兴银朝阳C,债券型
022000,浙商汇金红利机遇混合A,混合型
022001,浙商汇金红利机遇混合C,混合型
022002,平安中短债债券I,债券型
022003,博道大盘成长股票A,股票型
022004,博道大盘成长股票C,股票型
022005,广发恒生科技ETF联接(QDII)F,指数型
022006,中信保诚至选混合E,混合型
022007,国泰利民安悦30天持有债券A,债券型
022008,国泰利民安悦30天持有债券C,债券型
022009,南方祥元债券E,债券型
022010,华富祥晖6个月持有期债券A,债券型
022011,华富祥晖6个月持有期债券C,债券型
022012,宏利鑫享90天持有债券A,债券型
022013,宏利鑫享90天持有债券C,债券型
022014,中欧稳裕30天滚动持有债券发起A,债券型
022015,中欧稳裕30天滚动持有债券发起C,债券型
022016,华泰柏瑞集利债券A,债券型
022017,华泰柏瑞集利债券C,债券型
022018,景顺长城景颐合利债券A,债券型
022019,景顺长城景颐合利债券C,债券型
022020,南方定元中短债债券E,债券型
022021,平安惠享纯债D,债券型
022022,圆信永丰中债0-3年政策性金融债指数A,指数型
022023,大摩中证同业存单AAA指数7天持有,指数型
022024,圆信永丰中债0-3年政策性金融债指数C,指数型
022025,汇添富中债7-10年国开债D,指数型
022026,金鹰中债0-3年政金债指数A,指数型
022027,金鹰中债0-3年政金债指数C,指数型
022028,京管泰富科技驱动混合A,混合型
022029,京管泰富科技驱动混合C,混合型
022030,蜂巢趋势臻选混合E,混合型
022031,华安安恒回报债券发起式A,债券型
022032,华安安恒回报债券发起式C,债券型
022033,兴业短债债券D,债券型
022034,南方稳信180天持有债券A,债券型
022036,南方稳信180天持有债券C,债券型
022037,天弘悦利债券D,债券型
022038,兴银数字经济智选混合发起A,混合型
022039,兴银数字经济智选混合发起C,混合型
022040,博时裕荣纯债债券C,债券型
022041,创金合信润业央企债主题三个月定开债券A,债券型
022042,创金合信润业央企债主题三个月定开债券C,债券型
022043,财通资管鸿商中短债E,债券型
022044,招商安宁债券A,债券型
022045,招商安宁债券C,债券型
022046,广发养老目标2060五年持有混合发起式(FOF)Y,FOF
022047,天弘招添利混合发起E,混合型
022048,中银证券现金管家货币D,货币型
022049,国泰安益灵活配置混合E,混合型
022050,富国中证医药50ETF联接E,指数型
022051,平安惠诚纯债C,债券型
022052,富国中证科创创业50ETF联接E,指数型
022053,富国中证价值ETF联接E,指数型
022054,富国中证央企创新驱动ETF联接E,指数型
022055,富国中证消费50ETF联接E,指数型
022056,嘉实季季惠享3个月持有期纯债A,债券型
022057,嘉实季季惠享3个月持有期纯债C,债券型
022058,平安双债添益债券E,债券型
022059,信澳鑫怡债券A,债券型
022060,信澳鑫怡债券C,债券型
022061,申万菱信季季瑞三个月持有期纯债债券A,债券型
022062,申万菱信季季瑞三个月持有期纯债债券C,债券型
022063,华富中证5年恒定久期国开债指数D,指数型
022064,博时裕创纯债债券C,债券型
022065,西部利得沣睿利率债债券A,债券型
022066,西部利得沣睿利率债债券C,债券型
022067,建信鑫源90天持有期债券A,债券型
022068,建信鑫源90天持有期债券C,债券型
022069,天弘中证工程机械主题指数发起A,指数型
022070,天弘中证工程机械主题指数发起C,指数型
022071,诺德安鸿D,债券型
022072,天弘港股红利高股息指数A,指数型
022073,天弘港股红利高股息指数C,指数型
022074,平安元嘉90天持有债券(FOF)A,FOF
022075,平安元嘉90天持有债券(FOF)C,FOF
022076,平安鑫瑞混合E,混合型
022077,富国中证沪港深500ETF联接E,指数型
022078,泰信债券周期回报C,债券型
022079,泰信债券周期回报D,债券型
022080,贝莱德中证同业存单AAA指数7天持有期,指数型
022081,景顺长城医疗产业股票A,股票型
022082,景顺长城医疗产业股票C,股票型
022083,华安中证有色金属矿业主题ETF发起式联接A,指数型
022084,华安中证有色金属矿业主题ETF发起式联接C,指数型
022085,富国中证科技50策略ETF联接E,指数型
022086,国泰嘉睿纯债债券E,债券型
022087,富国上证指数ETF联接E,指数型
022088,永赢安泰中短债D,债券型
022089,大成景轩中高等级债券F,债券型
022090,富安达沪深300指数增强A,指数型
022091,富安达沪深300指数增强C,指数型
022092,华商研究驱动混合A,混合型
022093,华商研究驱动混合C,混合型
022094,恒生前海恒源昭利债券A,债券型
022095,恒生前海恒源昭利债券C,债券型
022096,富国中证国企一带一路ETF联接E,指数型
022097,长城中证红利低波100ETF联接A,指数型
022098,长城中证红利低波100ETF联接C,指数型
022099,平安双盈添益债券E,债券型
022100,创金合信聚利债券E,债券型
022101,嘉实彭博国开债1-5年指数D,指数型
022102,富国中债7-10年政策性金融债ETF发起式联接F,指数型
022103,交银裕通纯债债券D,债券型
022104,广发创新药ETF联接F,指数型
022105,金鹰添利信用债债券E,债券型
022106,广发信息技术联接F,指数型
022107,华宝中短债债券D,债券型
022109,华泰保兴安悦债券D,债券型
022110,摩根中证A50ETF发起式联接E,指数型
022111,华泰保兴恒利中短债D,债券型
022113,国泰丰鑫纯债债券C,债券型
022114,前海开源弘泽债券D,债券型
022115,鑫元致远量化选股混合A,混合型
022116,鑫元致远量化选股混合C,混合型
022117,中欧中短债债券发起D,债券型
022118,鹏华丰玉债券E,债券型
022119,平安产业趋势混合A,混合型
022120,平安产业趋势混合C,混合型
022121,国泰海通中证香港科技指数发起(QDII)A,指数型
022122,国泰海通中证香港科技指数发起(QDII)C,指数型
022123,天弘安恒60天滚动持有短债E,债券型
022124,国寿安保策略精选混合C,混合型
022125,天治天得利货币C,货币型
022126,国泰利安中短债债券E,债券型
022127,华富可转债债券C,债券型
022128,华安纯债债券E,债券型
022129,华富安福债券C,债券型
022130,华富安福债券D,债券型
022131,鹏华普利债券E,债券型
022132,鹏华中债3-5年国开行债券指数D,指数型
022133,富国增利债券发起式E,债券型
022134,富国增利债券发起式F,债券型
022135,富国长江经济带纯债债券C,债券型
022136,富国长江经济带纯债债券E,债券型
022137,中银MSCI中国A50互联互通指数增强E,指数型
022138,平安元泓30天滚动持有短债E,债券型
022139,平安3-5年期政策性金融债债券E,债券型
022140,华安信用四季红债券E,债券型
022141,国泰利享安益短债债券F,债券型
022142,鹏华金利债券D,债券型
022143,富国景利纯债债券D,债券型
022144,银华中证高股息策略ETF发起式联接A,指数型
022145,银华中证高股息策略ETF发起式联接C,指数型
022146,金鹰元盛债券(LOF)D,债券型
022147,国联安中短债债券D,债券型
022148,诺安价值增长混合C,混合型
022149,诺安价值增长混合D,混合型
022150,诺安精选价值混合C,混合型
022151,国投瑞银中证港股通央企红利指数发起式A,指数型
022152,国投瑞银中证港股通央企红利指数发起式C,指数型
022153,华泰柏瑞红利精选混合A,混合型
022154,华泰柏瑞红利精选混合C,混合型
022155,交银裕隆纯债债券D,债券型
022156,鹏华可转债债券D,债券型
022157,东兴红利优选混合A,混合型
022158,东兴红利优选混合C,混合型
022159,富国丰利增强债券E,债券型
022161,鹏华安惠混合E,混合型
022162,交银纯债债券发起D,债券型
022163,鹏华稳利短债债券D,债券型
022164,西部利得央企优选股票A,股票型
022165,西部利得央企优选股票C,股票型
022166,招商智安稳健配置1年持有期混合(FOF)D,FOF
022167,富国资源精选混合发起式C,混合型
022168,富国洞见价值股票E,股票型
022169,大成中证红利指数E,指数型
022170,富国全球消费精选混合(QDII)人民币E,QDII
022171,富国新天锋债券(LOF)E,债券型
022173,海富通沪港深混合C,混合型
022174,海富通沪港深混合D,混合型
022175,富国宝利增强债券E,债券型
022176,国泰利享中短债债券F,债券型
022177,东财消费电子指数增强E,指数型
022178,东财食品饮料指数增强E,指数型
022179,新沃中债0-3年政策性金融债指数A,指数型
022180,新沃中债0-3年政策性金融债指数C,指数型
022181,财通资管睿安债券E,债券型
022182,招商智星稳健配置混合(FOF-LOF)D,FOF
022183,万家玖盛D,债券型
022184,富国全球科技互联网股票(QDII)C,QDII
022185,鹏华中债1-3年国开行债券指数D,指数型
022186,鹏华中债1-3年农发行债券指数D,指数型
022187,宝盈盈泰纯债债券E,债券型
022188,鹏华丰泽债券(LOF)A,债券型
022189,鹏华金城混合A,混合型
022190,鹏华金城混合C,混合型
022191,华宝稳健优选三个月持有混合(FOF)A,FOF
022192,华宝稳健优选三个月持有混合(FOF)C,FOF
022193,鹏华安诚混合D,混合型
022194,鹏华安诚混合E,混合型
022195,汇丰晋信景气优选混合A,混合型
022196,汇丰晋信景气优选混合C,混合型
022197,华富鼎信3个月持有期债券(FOF)A,FOF
022198,华富鼎信3个月持有期债券(FOF)C,FOF
022199,金鹰稳利配置三个月持有债券发起(FOF)A,FOF
022200,金鹰稳利配置三个月持有债券发起(FOF)C,FOF
022201,国泰利安中短债债券F,债券型
022202,富国盈和臻选3个月持有期混合(FOF)A,FOF
022203,富国盈和臻选3个月持有期混合(FOF)C,FOF
022204,永赢中证A50指数增强发起A,指数型
022205,永赢中证A50指数增强发起C,指数型
022206,富国价值优势混合C,混合型
022207,鹏华丰恒债券B,债券型
022208,华安稳固收益债券E,债券型
022209,中信保诚90天持有债券A,债券型
022210,中信保诚90天持有债券C,债券型
022211,人保红利智享混合A,混合型
022212,人保红利智享混合C,混合型
022213,中信保诚乾元30天持有债券A,债券型
022214,中信保诚乾元30天持有债券C,债券型
022215,人保泰和积极配置三个月持有混合发起式(FOF)A,FOF
022216,人保泰和积极配置三个月持有混合发起式(FOF)C,FOF
022217,合煦智远嘉悦利率债E,债券型
022218,华宝宝裕债券D,债券型
022219,华润元大双鑫债券D,债券型
022220,鹏华丰盈债券D,债券型
022221,鹏华稳健增利债券E,债券型
022222,中邮战略新兴产业混合C,混合型
022223,泉果消费机遇混合发起式A,混合型
022224,泓德智选领航混合A,混合型
022225,泓德智选领航混合C,混合型
022226,鹏华双债加利债券D,债券型
022227,鹏华丰瑞债券D,债券型
022228,博时裕盛纯债债券C,债券型
022229,富国兴利增强债券E,债券型
022230,金鹰年年邮享一年持有债券D,债券型
022231,金信民富债券E,债券型
022232,鹏华双债保利债券A,债券型
022233,鹏华双债增利债券D,债券型
022234,路博迈中国精选利率债C,债券型
022235,鹏华稳瑞中短债C,债券型
022236,鹏华稳瑞中短债E,债券型
022237,融通央企精选混合A,混合型
022238,融通央企精选混合C,混合型
022240,嘉实丰益纯债定期债券C,债券型
022241,国联恒安纯债B,债券型
022242,国联恒安纯债E,债券型
022243,中邮军民融合灵活配置混合C,混合型
022244,平安惠悦纯债C,债券型
022245,平安惠悦纯债E,债券型
022246,路博迈中高等级信用债E,债券型
022247,大成景乐纯债债券D,债券型
022248,鹏华弘达混合E,混合型
022249,平安金管家货币D,货币型
022250,国寿安保超短债债券E,债券型
022251,中信保诚增强收益债券(LOF)C,债券型
022252,中邮健康文娱灵活配置混合C,混合型
022253,前海开源1-3年国开债D,指数型
022254,国联盈泽中短债B,债券型
022255,鑫元中债1-3年国开行债券指数D,指数型
022256,鹏华丰鑫债券C,债券型
022257,鹏华丰鑫债券D,债券型
022258,鹏华弘尚混合E,混合型
022259,鹏华弘盛混合E,混合型
022260,鹏华丰利债券(LOF)E,债券型
022261,鹏华丰利债券(LOF)D,债券型
022262,华泰柏瑞中证A50ETF发起式联接E,指数型
022263,鹏华丰诚债券B,债券型
022264,鹏华丰诚债券E,债券型
022265,中欧诚悦债券C,债券型
022266,博时裕泉纯债债券C,债券型
022267,鹏华中债-0-3年AA+优选信用债指数D,指数型
022268,永赢迅利中高等级短债D,债券型
022269,中信保诚周期优选混合A,混合型
022270,中信保诚周期优选混合C,混合型
022271,合煦智远稳进纯债债券E,债券型
022272,景顺长城保守养老一年持有混合(FOF)Y,FOF
022273,鹏华丰和债券(LOF)E,债券型
022274,国泰港股红利ETF联接A,指数型
022275,国泰港股红利ETF联接C,指数型
022276,汇添富弘悦回报混合发起式A,混合型
022277,汇添富弘悦回报混合发起式C,混合型
022278,富国鑫旺积极养老目标五年持有期混合发起式(FOF)Y,FOF
022279,融通通和债券D,债券型
022280,鹏华纯债债券A,债券型
022281,鹏华弘润混合E,混合型
022282,鹏华弘华混合E,混合型
022283,鹏华安泽混合E,混合型
022284,鹏华弘信混合E,混合型
022285,鹏华弘实混合E,混合型
022286,长城医药产业精选混合发起式A,混合型
022287,长城医药产业精选混合发起式C,混合型
022288,合煦智远嘉选混合E,混合型
022289,银河沃丰债券C,债券型
022290,兴业中证红利指数A,指数型
022291,兴业中证红利指数C,指数型
022292,前海开源优选领航股票A,股票型
022293,前海开源优选领航股票C,股票型
022294,摩根纯债债券D,债券型
022295,财通聚利债券C,债券型
022296,天弘安康颐利混合E,混合型
022297,大成稳康6个月持有期债券E,债券型
022298,永赢鑫享混合D,混合型
022299,安信周期优选股票型发起A,股票型
022300,安信周期优选股票型发起C,股票型
022301,安信医药创新股票型发起A,股票型
022302,安信医药创新股票型发起C,股票型
022303,贝莱德安裕90天持有债券A,债券型
022304,贝莱德安裕90天持有债券C,债券型
022305,天弘月月宝30天持有期债券A,债券型
022306,天弘月月宝30天持有期债券C,债券型
022307,摩根90天持有期债券A,债券型
022308,摩根90天持有期债券C,债券型
022309,国联沪深300指数增强A,指数型
022310,国联沪深300指数增强C,指数型
022311,永赢中证500指数增强发起A,指数型
022312,永赢中证500指数增强发起C,指数型
022313,惠升和荣90天滚动持有债券A,债券型
022314,惠升和荣90天滚动持有债券C,债券型
022315,东方红益丰纯债债券E,债券型
022316,施罗德添益债券A,债券型
022317,施罗德添益债券C,债券型
022318,兴全恒嘉30天持有债券A,债券型
022319,兴全恒嘉30天持有债券C,债券型
022320,汇添富弘瑞回报混合发起式A,混合型
022321,汇添富弘瑞回报混合发起式C,混合型
022322,汇添富稳航30天持有债券D,债券型
022325,长城中证港股通高股息指数发起(QDII)A,指数型
022326,长城中证港股通高股息指数发起(QDII)C,指数型
022327,宏利高端装备股票A,股票型
022328,宏利高端装备股票C,股票型
022329,中泰安弘债券C,债券型
022330,鑫元中证800红利低波动ETF联接A,指数型
022331,鑫元中证800红利低波动ETF联接C,指数型
022332,广发同远回报混合A,混合型
022333,广发同远回报混合C,混合型
022334,广发产业甄选混合A,混合型
022335,广发产业甄选混合C,混合型
022336,京管泰富创新动力混合发起A,混合型
022337,京管泰富创新动力混合发起C,混合型
022338,长信稳瑞纯债债券A,债券型
022339,长信稳瑞纯债债券C,债券型
022340,融通创业板ETF发起式联接A,指数型
022341,融通创业板ETF发起式联接C,指数型
022342,长盛中证红利低波动100指数A,指数型
022343,长盛中证红利低波动100指数C,指数型
022344,景顺长城红利量化选股股票A,股票型
022345,景顺长城红利量化选股股票C,股票型
022346,东海美丽中国C,混合型
022347,中银上海金ETF联接E,指数型
022348,融通稳鑫90天持有期债券A,债券型
022349,融通稳鑫90天持有期债券C,债券型
022350,嘉实中证全指集成电路ETF发起联接A,指数型
022351,嘉实中证全指集成电路ETF发起联接C,指数型
022353,华泰紫金中债0-3年政金债指数A,指数型
022354,华泰紫金中债0-3年政金债指数C,指数型
022355,南方皓元短债债券E,债券型
022356,长盛元赢四个月定开债券,债券型
022357,富国盛利增强债券发起式E,债券型
022358,民生加银龙头优选股票C,股票型
022359,易方达中债7-10年期国开行债券指数D,指数型
022360,永赢易弘债券B,债券型
022361,天弘荣创一年持有混合C,混合型
022362,渤海汇金1个月持有债券发起A,债券型
022363,渤海汇金1个月持有债券发起C,债券型
022364,永赢科技智选混合发起A,混合型
022365,永赢科技智选混合发起C,混合型
022366,贝莱德沪深300指数增强A,指数型
022367,贝莱德沪深300指数增强C,指数型
022368,永赢睿恒混合C,混合型
022369,鹏华安益增强混合A,混合型
022370,鹏华安益增强混合C,混合型
022371,鹏华弘泰混合D,混合型
022372,汇安信泰稳健一年持有期混合E,混合型
022373,鹏华金享混合C,混合型
022374,富国亚洲收益债券(QDII)人民币E,QDII
022375,招商鑫诚短债D,债券型
022376,光大安选平衡养老目标三年持有混合(FOF)A,FOF
022378,浙商惠利纯债C,债券型
022379,富国安泽债券A,债券型
022380,富国安泽债券C,债券型
022381,金鹰添祥中短债D,债券型
022382,建信中证A股指数增强发起A,指数型
022383,建信中证A股指数增强发起C,指数型
022384,华夏中证信息技术应用创新产业ETF发起式联接A,指数型
022385,华夏中证信息技术应用创新产业ETF发起式联接C,指数型
022386,华夏中证汽车零部件主题ETF发起式联接A,指数型
022387,华夏中证汽车零部件主题ETF发起式联接C,指数型
022388,天弘稳兴债券A,债券型
022389,天弘稳兴债券C,债券型
022390,天弘稳兴债券E,债券型
022391,景顺长城中债0-3年国开行债券指数A,指数型
022392,景顺长城中债0-3年国开行债券指数C,指数型
022393,华泰柏瑞锦华债券A,债券型
022394,华泰柏瑞锦华债券C,债券型
022395,国泰海通稳健添利债券A,债券型
022396,国泰海通稳健添利债券C,债券型
022397,大成添鑫债券A,债券型
022398,大成添鑫债券C,债券型
022399,东海增益债券发起式A,债券型
022400,东海增益债券发起式C,债券型
022401,财通安泰利率债债券,债券型
022402,华商瑞丰短债债券E,债券型
022403,信澳稳悦60天滚动持有债券A,债券型
022404,信澳稳悦60天滚动持有债券C,债券型
022406,天弘月月兴30天持有期债券E,债券型
022407,苏新鑫盛利率债债券,债券型
022408,鑫元睿鑫添益债券A,债券型
022409,鑫元睿鑫添益债券C,债券型
022411,华富淳丰保守养老目标一年持有期混合(FOF),FOF
022413,诺德短债D,债券型
022414,前海开源国企精选混合发起A,混合型
022415,前海开源国企精选混合发起C,混合型
022416,汇添富弘盛回报混合发起式A,混合型
022417,汇添富弘盛回报混合发起式C,混合型
022418,金鹰鑫瑞混合D,混合型
022419,中欧优享债券A,债券型
022420,中欧优享债券C,债券型
022421,大成中证A500ETF发起式联接A,指数型
022422,大成中证A500ETF发起式联接C,指数型
022423,大成中证A500ETF发起式联接E,指数型
022424,广发中证A500ETF联接A,指数型
022425,广发中证A500ETF联接C,指数型
022426,泰康中证A500ETF联接A,指数型
022427,泰康中证A500ETF联接C,指数型
022428,天弘中证A500ETF联接A,指数型
022429,天弘中证A500ETF联接C,指数型
022430,华夏中证A500ETF联接A,指数型
022431,华夏中证A500ETF联接C,指数型
022432,中欧中证A500指数发起A,指数型
022433,中欧中证A500指数发起C,指数型
022434,南方中证A500ETF联接A,指数型
022435,南方中证A500ETF联接C,指数型
022436,摩根中证A500ETF联接A,指数型
022437,摩根中证A500ETF联接C,指数型
022438,华泰柏瑞中证A500ETF联接A,指数型
022439,华泰柏瑞中证A500ETF联接C,指数型
022440,万家中证A500ETF发起式联接A,指数型
022441,万家中证A500ETF发起式联接C,指数型
022442,工银中证A500ETF联接A,指数型
022443,工银中证A500ETF联接C,指数型
022444,景顺长城中证A500ETF联接A,指数型
022445,景顺长城中证A500ETF联接C,指数型
022446,前海开源周期精选混合A,混合型
022447,前海开源周期精选混合C,混合型
022448,国泰中证A500ETF发起联接A,指数型
022449,国泰中证A500ETF发起联接C,指数型
022450,银华中证A500ETF发起式联接A,指数型
022451,银华中证A500ETF发起式联接C,指数型
022452,银华中证A500ETF发起式联接I,指数型
022453,嘉实中证A500ETF联接A,指数型
022454,嘉实中证A500ETF联接C,指数型
022455,招商中证A500ETF发起式联接A,指数型
022456,招商中证A500ETF发起式联接C,指数型
022457,博时中证A500ETF联接A,指数型
022458,博时中证A500ETF联接C,指数型
022459,易方达中证A500ETF联接A,指数型
022460,易方达中证A500ETF联接C,指数型
022461,华商中证A500指数增强A,指数型
022462,华商中证A500指数增强C,指数型
022463,富国中证A500ETF发起式联接A,指数型
022464,富国中证A500ETF发起式联接C,指数型
022465,华安中证A500ETF发起式联接A,指数型
022466,华安中证A500ETF发起式联接C,指数型
022467,国泰海通中证A500指数增强A,指数型
022468,国泰海通中证A500指数增强C,指数型
022469,汇添富中证A500ETF联接A,指数型
022470,汇添富中证A500ETF联接C,指数型
022471,兴全安养稳健养老一年持有混合(FOF),FOF
022473,兴全中证A500指数增强A,指数型
022474,兴全中证A500指数增强C,指数型
022475,国泰中证畜牧养殖ETF联接E,指数型
022477,鹏华丰顺债券C,债券型
022479,汇丰晋信绿色债券A,债券型
022480,汇丰晋信绿色债券C,债券型
022481,国泰中证动漫游戏ETF联接E,指数型
022482,国泰中证新能源汽车ETF联接E,指数型
022483,国泰中证全指家用电器ETF联接E,指数型
022484,金鹰元祺债券C,债券型
022485,国金中证A500指数增强A,指数型
022486,国金中证A500指数增强C,指数型
022487,财通资管鸿慧中短债发起式I,债券型
022488,浦银安盛红利量化混合A,混合型
022489,浦银安盛红利量化混合C,混合型
022490,华商恒鑫回报混合A,混合型
022491,华商恒鑫回报混合C,混合型
022492,金元顺安鑫怡混合发起式A,混合型
022493,金元顺安鑫怡混合发起式C,混合型
022494,国泰上证综合ETF联接E,指数型
022495,嘉实红利精选混合发起式A,混合型
022496,嘉实红利精选混合发起式C,混合型
022497,国泰CES半导体芯片行业ETF联接E,指数型
022498,国泰中证生物医药ETF联接E,指数型
022500,国泰中证全指通信设备ETF联接E,指数型
022501,国泰中证煤炭ETF联接E,指数型
022502,国泰黄金ETF联接E,指数型
022503,富国全球债券(QDII)人民币E,QDII
022504,招商沪深300ETF发起式联接A,指数型
022505,招商沪深300ETF发起式联接C,指数型
022506,泓德裕泰债券D,债券型
022507,华泰紫金丰和偏债混合发起E,混合型
022508,泉果消费机遇混合发起式C,混合型
022509,国泰中证全指证券公司ETF联接E,指数型
022510,鹏华丰盛债券A,债券型
022511,鹏华丰盛债券D,债券型
022512,南方亚洲美元收益债券(QDII)E(人民币),QDII
022513,人保中证800指数增强A,指数型
022514,人保中证800指数增强C,指数型
022515,农银金盈债券C,债券型
022516,泰信债券增强收益D,债券型
022517,中加聚利纯债定开D,债券型
022518,南方产业智选股票C,股票型
022519,东海祥龙(LOF)C,混合型
022520,泓德红利优选混合(LOF)C,混合型
022521,中欧农业产业混合发起A,混合型
022522,中欧农业产业混合发起C,混合型
022523,天弘标普500发起(QDII-FOF)D,QDII
022524,天弘越南市场股票发起(QDII)D,QDII
022525,天弘纳斯达克100指数发起(QDII)D,指数型
022526,天弘永利优享债券E,债券型
022527,天弘多元收益债券E,债券型
022528,天弘中债1-5年政策性金融债指数发起E,指数型
022529,天弘安怡30天滚动持有短债发起A,债券型
022530,天弘安怡30天滚动持有短债发起E,债券型
022531,天弘安悦90天滚动持有短债发起A,债券型
022532,天弘安悦90天滚动持有短债发起E,债券型
022533,天弘中债1-3年国开债指数发起E,指数型
022534,景顺长城稳定收益债券F,债券型
022535,天弘中债3-5年政策性金融债指数发起E,指数型
022536,天弘安益债券E,债券型
022537,天弘季季兴三个月定开债券发起E,债券型
022538,天弘招利短债E,债券型
022539,天弘安利短债D,债券型
022540,天弘安利短债E,债券型
022541,国泰中证计算机主题ETF联接E,指数型
022542,天弘优选债券E,债券型
022543,天弘沪深300指数增强发起E,指数型
022544,天弘中证科技100指数增强发起E,指数型
022545,天弘国证消费100指数增强发起E,指数型
022547,泓德悦享一年持有期混合A,混合型
022548,泓德悦享一年持有期混合C,混合型
022550,平安瑞利6个月持有混合A,混合型
022551,平安瑞利6个月持有混合C,混合型
022552,天弘优利短债发起D,债券型
022553,天弘优利短债发起E,债券型
022554,天弘恒新混合E,混合型
022555,天弘安康颐利混合F,混合型
022556,天弘安康颐和混合E,混合型
022557,天弘丰利债券(LOF)F,债券型
022558,天弘中证医药主题指数增强E,指数型
022559,天弘中证高端装备制造指数增强E,指数型
022560,万家启源稳健三个月持有期混合发起式(FOF)A,FOF
022561,万家启源稳健三个月持有期混合发起式(FOF)C,FOF
022562,万家启源稳健三个月持有期混合发起式(FOF)E,FOF
022563,农银中证同业存单AAA指数7天持有,指数型
022564,永赢昭利债券B,债券型
022565,银华华丰三个月持有期混合(FOF)A,FOF
022566,银华华丰三个月持有期混合(FOF)C,FOF
022567,天弘中证500指数增强E,指数型
022568,金鹰元丰债券D,债券型
022569,银华上证科创板100ETF联接I,指数型
022570,东方红景瑞精选混合A,混合型
022571,东方红景瑞精选混合C,混合型
022572,汇添富弘达回报混合发起式A,混合型
022573,汇添富弘达回报混合发起式C,混合型
022574,鹏华丰达债券D,债券型
022575,人保民鸿混合A,混合型
022576,人保民鸿混合C,混合型
022577,鹏华信用增利债券D,债券型
022578,天弘价值精选混合发起E,混合型
022579,天弘多元增利债券E,债券型
022580,天弘增利短债发起E,债券型
022581,天弘弘择短债E,债券型
022582,天弘工盈三个月持有期债券E,债券型
022583,天弘添利债券(LOF)F,债券型
022584,天弘齐享债券发起E,债券型
022585,申万菱信安泰景利纯债C,债券型
022586,国泰中证钢铁ETF联接E,指数型
022587,天弘增益回报债券发起式E,债券型
022588,南方中债3-5年农发行债券指数I,指数型
022589,南方稳福120天持有债券E,债券型
022590,中信保诚幸福消费混合C,混合型
022591,人保鑫瑞中短债债券E,债券型
022592,中加聚鑫纯债一年D,债券型
022593,人保鑫盛纯债E,债券型
022594,金鹰安荣配置两年持有债券发起(FOF)A,FOF
022595,金鹰安荣配置两年持有债券发起(FOF)D,FOF
022596,华安添颐混合C,混合型
022597,富国红利质选混合A,混合型
022598,富国红利质选混合C,混合型
022599,博时沪深300ETF发起式联接A,指数型
022600,博时沪深300ETF发起式联接C,指数型
022601,华安现金富利货币C,货币型
022602,天弘信利债券E,债券型
022605,人保货币E,货币型
022606,银华中证A50ETF联接I,指数型
022607,汇安行业龙头混合C,混合型
022608,人保鑫泽纯债E,债券型
022609,南方中债1-5年国开行债券指数I,指数型
022610,国泰中证A500ETF发起联接I,指数型
022611,国泰利添120天滚动持有债券A,债券型
022612,国泰利添120天滚动持有债券C,债券型
022614,南方中证A100ETF联接I,指数型
022615,路博迈悦航30天持有债券A,债券型
022616,路博迈悦航30天持有债券C,债券型
022617,摩根共同分类目录绿色债券A,债券型
022618,摩根共同分类目录绿色债券C,债券型
022619,永赢安和30天持有债券A,债券型
022620,永赢安和30天持有债券C,债券型
022621,民生加银双月鑫60天持有债券A,债券型
022622,民生加银双月鑫60天持有债券C,债券型
022623,万家鑫明债券A,债券型
022624,万家鑫明债券C,债券型
022625,华安安益灵活配置混合E,混合型
022626,诺安中证A100指数D,指数型
022627,博时中证A100ETF联接A,指数型
022628,博时中证A100ETF联接C,指数型
022629,南方稳见3个月持有混合(FOF)A,FOF
022630,南方稳见3个月持有混合(FOF)C,FOF
022631,财通聚福稳健3个月持有期混合发起(FOF)A,FOF
022632,财通聚福稳健3个月持有期混合发起(FOF)C,FOF
022633,南方中债0-2年国开行债券指数I,指数型
022634,贝莱德安泽60天持有债券A,债券型
022635,贝莱德安泽60天持有债券C,债券型
022636,宏利中证同业存单AAA指数7天持有,指数型
022637,东方招益债券A,债券型
022638,东方招益债券C,债券型
022639,太平恒庆利率债A,债券型
022640,太平恒庆利率债C,债券型
022641,富达中债0-5年政策性金融债A,指数型
022642,富达中债0-5年政策性金融债C,指数型
022643,中欧国证消费电子主题指数发起A,指数型
022644,中欧国证消费电子主题指数发起C,指数型
022645,富国天惠成长混合(LOF)D,混合型
022646,华安上证180ETF联接I,指数型
022647,华安恒生科技ETF发起式联接(QDII)I,指数型
022648,博时月月兴30天持有期债券A,债券型
022649,博时月月兴30天持有期债券C,债券型
022650,天治中债0-3年政策性金融债指数A,指数型
022651,天治中债0-3年政策性金融债指数C,指数型
022652,圆信永丰丰和E,债券型
022653,华安黄金ETF联接I,指数型
022654,华安创业板50ETF联接I,指数型
022655,农银天天利货币C,货币型
022656,国泰民安增益纯债债券E,债券型
022657,建信丰融债券A,债券型
022658,建信丰融债券C,债券型
022659,平安惠泰纯债C,债券型
022660,永赢宏泰短债D,债券型
022661,华富中证A100ETF联接C,指数型
022662,永赢润益债券B,债券型
022663,华泰柏瑞港股通红利ETF联接基金I,指数型
022664,华泰柏瑞纳斯达克100ETF发起式联接(QDII)I,指数型
022665,鹏华中证A500ETF联接A,指数型
022666,鹏华中证A500ETF联接C,指数型
022667,永赢瑞益债券D,债券型
022668,尚正正达债券A,债券型
022669,尚正正达债券C,债券型
022670,招商中证A500指数增强发起式A,指数型
022671,招商中证A500指数增强发起式C,指数型
022672,平安产业竞争力混合C,混合型
022673,平安产业竞争力混合A,混合型
022674,中欧中证A500指数增强A,指数型
022675,中欧中证A500指数增强C,指数型
022676,富国中证A500指数增强A,指数型
022677,富国中证A500指数增强C,指数型
022678,华泰柏瑞中证红利低波ETF联接I,指数型
022679,华泰柏瑞上证科创板50成份ETF联接I,指数型
022680,华泰柏瑞恒生科技ETF联接(QDII)I,指数型
022681,华泰柏瑞中韩半导体ETF发起式联接(QDII)I,指数型
022682,平安盈弘6个月持有债券(FOF)A,FOF
022683,平安盈弘6个月持有债券(FOF)C,FOF
022684,创金合信尊泰纯债债券C,债券型
022685,中银中证1000指数增强E,指数型
022686,广发中证A500指数增强A,指数型
022687,广发中证A500指数增强C,指数型
022688,申万菱信中证A500指数增强A,指数型
022689,申万菱信中证A500指数增强C,指数型
022690,华安医药生物股票发起式A,股票型
022691,华安医药生物股票发起式C,股票型
022692,工银添益快线货币B,货币型
022693,恒生前海港股通价值混合A,混合型
022694,恒生前海港股通价值混合C,混合型
022695,鹏华中证800ETF发起式联接A,指数型
022696,鹏华中证800ETF发起式联接C,指数型
022697,长信中证A500指数增强A,指数型
022698,长信中证A500指数增强C,指数型
022699,华泰柏瑞沪深300ETF联接I,指数型
022700,睿远港股通核心价值混合A,混合型
022701,睿远港股通核心价值混合C,混合型
022702,人保核心智选混合A,混合型
022703,人保核心智选混合C,混合型
022704,银河科技成长混合发起式A,混合型
022705,银河科技成长混合发起式C,混合型
022706,银河中证A500指数增强A,指数型
022707,银河中证A500指数增强C,指数型
022708,泓德泓益量化混合C,混合型
022709,万家臻选混合C,混合型
022710,工银智能制造股票C,股票型
022711,南方中债1-3年国开行债券指数I,指数型
022712,中信保诚惠泽C,债券型
022713,中信保诚惠泽D,债券型
022714,万家新兴蓝筹C,混合型
022715,贝莱德中证A500指数增强A,指数型
022716,贝莱德中证A500指数增强C,指数型
022717,永赢锐见进取混合A,混合型
022718,永赢锐见进取混合C,混合型
022719,广发中证国新港股通央企红利ETF发起式联接A,指数型
022720,广发中证国新港股通央企红利ETF发起式联接C,指数型
022721,创金合信尊盛纯债债券C,债券型
022722,博时信用优选债券E,债券型
022723,工银现金货币B,货币型
022724,南方中债7-10年国开行债券指数D,指数型
022725,博时上证科创板芯片ETF发起式联接A,指数型
022726,博时上证科创板芯片ETF发起式联接C,指数型
022727,南方中债3-5年农发行债券指数D,指数型
022728,中银上证科创板50ETF联接A,指数型
022729,中银上证科创板50ETF联接C,指数型
022730,创金合信转债精选债券E,债券型
022731,平安中证汽车零部件主题ETF联接A,指数型
022732,平安中证汽车零部件主题ETF联接C,指数型
022733,申万菱信盛利精选混合C,混合型
022734,申万菱信新动力混合C,混合型
022735,申万菱信新经济混合C,混合型
022736,南方景元中高等级信用债债券D,债券型
022737,南方贺元利率债债券D,债券型
022738,国泰海通安睿纯债债券C,债券型
022739,申万菱信新能源汽车主题灵活配置混合C,混合型
022740,申万菱信乐享混合C,混合型
022741,万家180指数C,指数型
022742,华泰柏瑞中证A500ETF联接I,指数型
022743,鹏华增瑞混合(LOF)C,混合型
022744,广发可转债债券D,债券型
022745,博道中证A500指数增强A,指数型
022746,博道中证A500指数增强C,指数型
022747,申万菱信恒利三个月定期开放债券C,债券型
022748,平安港股通红利优选混合A,混合型
022749,平安港股通红利优选混合C,混合型
022750,南方中证港股通汽车产业主题ETF发起联接A,指数型
022751,南方中证港股通汽车产业主题ETF发起联接C,指数型
022752,农银货币C,货币型
022753,汇安稳裕债券C,债券型
022754,易方达科鑫量化选股股票发起式A,股票型
022755,易方达科鑫量化选股股票发起式C,股票型
022756,鹏扬中证A500指数增强A,指数型
022757,鹏扬中证A500指数增强C,指数型
022758,国泰海通君得盛债券D,债券型
022759,摩根中证A500ETF联接I,指数型
022760,华富安享债券C,债券型
022761,鹏华绿色债券,债券型
022762,长城中证A500指数A,指数型
022763,长城中证A500指数C,指数型
022764,富国中债优选投资级信用债指数发起式A,指数型
022765,富国中债优选投资级信用债指数发起式C,指数型
022766,博时裕荣纯债债券D,债券型
022767,博时裕弘纯债债券D,债券型
022768,浦银安盛中证A500指数增强A,指数型
022769,浦银安盛中证A500指数增强C,指数型
022770,兴业中证A500指数增强A,指数型
022771,兴业中证A500指数增强C,指数型
022772,易方达稳裕120天滚动债券A,债券型
022773,易方达稳裕120天滚动债券C,债券型
022774,鹏华沪深300ETF联接(LOF)D,指数型
022775,财通汇利债券C,债券型
022780,南方中债1-5年国开行债券指数D,指数型
022781,中泰中证A500指增发起A,指数型
022782,中泰中证A500指增发起C,指数型
022783,南方中债0-2年国开行债券指数D,指数型
022784,国泰鑫策略价值灵活配置混合C,混合型
022785,国泰鑫策略价值灵活配置混合E,混合型
022786,大摩稳丰利率债A,债券型
022787,大摩稳丰利率债C,债券型
022788,国投瑞银恒信债券A,债券型
022789,国投瑞银恒信债券C,债券型
022790,苏新中证500指数增强A,指数型
022791,苏新中证500指数增强C,指数型
022792,鹏华中证细分化工产业主题ETF联接I,指数型
022793,鹏华中证港股通消费ETF联接I,指数型
022794,鹏华国证疫苗与生物科技ETF发起式联接I,指数型
022795,鹏华国证ESG300ETF联接I,指数型
022796,鹏华国证2000指数增强I,指数型
022797,鹏华中证内地低碳经济主题ETF联接I,指数型
022798,博时富发纯债债券D,债券型
022799,博时富华纯债债券D,债券型
022800,西部利得中证A500指数增强A,指数型
022801,西部利得中证A500指数增强C,指数型
022802,西部利得消费精选混合A,混合型
022803,西部利得消费精选混合C,混合型
022804,中加中证A500指数增强发起式A,指数型
022805,中加中证A500指数增强发起式C,指数型
022806,博时富益纯债债券C,债券型
022807,创金合信恒睿90天持有期债券A,债券型
022808,创金合信恒睿90天持有期债券C,债券型
022809,博时裕乾纯债债券E,债券型
022811,人保中证A500指数增强A,指数型
022812,人保中证A500指数增强C,指数型
022813,人保民瑞30天滚动持有A,债券型
022814,人保民瑞30天滚动持有C,债券型
022815,浙商汇金聚沣30天持有期高等级债券A,债券型
022816,浙商汇金聚沣30天持有期高等级债券C,债券型
022817,宏利中证A500指数增强A,指数型
022818,宏利中证A500指数增强C,指数型
022819,鹏华中证500指数增强I,指数型
022820,融通中证A500指数增强A,指数型
022821,融通中证A500指数增强C,指数型
022822,鹏华中证1000指数增强I,指数型
022823,鹏华中证高铁产业指数(LOF)I,指数型
022824,鹏华沪深300指数增强I,指数型
022825,鹏华中证一带一路主题指数(LOF)I,指数型
022826,华宝上证180价值ETF联接C,指数型
022827,南方中债1-3年国开行债券指数D,指数型
022828,南方赢元债券D,债券型
022829,南方定元中短债债券D,债券型
022830,华富安鑫债券C,债券型
022831,华商电子行业量化股票发起式C,股票型
022834,鹏华中证沪港深科技龙头指数(LOF)I,指数型
022835,京管泰富中债京津冀综合C,指数型
022836,建信中债0-3年政金债指数A,指数型
022837,建信中债0-3年政金债指数C,指数型
022838,平安元通90天滚动持有债券A,债券型
022839,平安元通90天滚动持有债券C,债券型
022840,招商华证价值优选50指数发起式A,指数型
022841,招商华证价值优选50指数发起式C,指数型
022842,摩根恒鑫债券A,债券型
022843,摩根恒鑫债券C,债券型
022844,鹏华中证港股通医药卫生ETF发起式联接I,指数型
022845,鹏华上证科创100ETF联接I,指数型
022846,富国景气优选混合A,混合型
022847,富国景气优选混合C,混合型
022848,鹏华国证粮食产业ETF发起式联接I,指数型
022849,招商中证A50指数增强发起式A,指数型
022850,招商中证A50指数增强发起式C,指数型
022851,诺安汇利混合E,混合型
022852,中航优选领航混合发起A,混合型
022853,中航优选领航混合发起C,混合型
022854,中航中证智选均衡配置指数发起A,指数型
022855,中航中证智选均衡配置指数发起C,指数型
022857,华夏上证综合全收益指数增强A,指数型
022858,华夏上证综合全收益指数增强C,指数型
022859,中银沪深300指数A,指数型
022860,中银沪深300指数C,指数型
022861,鹏华国证石油天然气ETF联接I,指数型
022862,鹏华中证光伏产业ETF发起式联接I,指数型
022863,鹏华国证半导体芯片ETF联接I,指数型
022866,博道沪深300指数量化增强A,指数型
022867,博道沪深300指数量化增强C,指数型
022868,英大国企改革C,股票型
022869,华夏公用事业ETF联接A,指数型
022870,博时裕恒纯债债券C,债券型
022871,中加裕盈纯债债券C,债券型
022872,南方耀元债券C,债券型
022873,华夏公用事业ETF联接C,指数型
022874,南方赢元债券C,债券型
022875,南方宁元债券C,债券型
022876,南方光元债券C,债券型
022877,交银丰晟收益债券E,债券型
022878,长城久稳债券E,债券型
022879,汇泉均衡智选混合A,混合型
022880,汇泉均衡智选混合C,混合型
022881,鹏华中证中药ETF联接I,指数型
022882,鹏华中证云计算与大数据主题ETF发起式联接I,指数型
022883,鹏华中证工业互联网主题ETF发起式联接I,指数型
022884,鹏华中证港股通科技ETF发起式联接I,指数型
022885,鹏华中证车联网主题ETF发起式联接I,指数型
022886,鹏华国证有色金属行业ETF发起式联接I,指数型
022887,华宝标普港股通低波红利ETF联接A,指数型
022888,华宝标普港股通低波红利ETF联接C,指数型
022889,广发汇宜一年定期开放债券C,债券型
022890,嘉实沪深300ETF联接(LOF)Y,指数型
022891,国联物联网主题C,混合型
022892,易方达中证A50ETF联接发起式Y,指数型
022893,汇添富中证500指数增强Y,指数型
022894,景顺长城中证A500ETF联接Y,指数型
022895,易方达上证科创50联接Y,指数型
022896,广发创业板ETF发起式联接Y,指数型
022897,嘉实沪深300红利低波动ETF联接Y,指数型
022898,中欧中证A500指数发起Y,指数型
022899,中欧沪深300指数发起Y,指数型
022900,创金合信中证红利低波动指数Y,指数型
022901,英大领先回报C,混合型
022902,富国中证A500ETF发起式联接Y,指数型
022903,富国中证红利指数增强Y,指数型
022904,大成中证A500ETF发起式联接Y,指数型
022905,嘉实中证A500ETF联接Y,指数型
022906,富国沪深300指数增强Y,指数型
022907,易方达创业板ETF联接Y,指数型
022908,国投瑞银沪深300指数量化增强Y,指数型
022909,国投瑞银中证500指数量化增强Y,指数型
022910,易方达中证科创创业50联接Y,指数型
022911,摩根中证A500ETF联接Y,指数型
022912,南方创业板ETF联接Y,指数型
022913,易方达中证500ETF联接发起式Y,指数型
022914,易方达沪深300精选增强Y,指数型
022915,嘉实中证500ETF联接Y,指数型
022916,博时中证A500ETF联接Y,指数型
022917,万家沪深300指数增强Y,指数型
022918,南方中证A500ETF联接Y,指数型
022919,申万菱信中证500指数优选增强Y,指数型
022920,博时创业板ETF联接Y,指数型
022921,南方中证500ETF联接(LOF)Y,指数型
022922,博时沪深300指数Y,指数型
022923,易方达深证100ETF联接Y,指数型
022924,南方沪深300ETF联接Y,指数型
022925,易方达中证红利ETF联接发起式Y,指数型
022926,华宝中证A100ETF联接Y,指数型
022927,大成中证红利指数Y,指数型
022928,易方达沪深300ETF联接Y,指数型
022929,华安创业板50指数Y,指数型
022930,易方达中证A500ETF联接Y,指数型
022931,华安中证A500ETF发起式联接Y,指数型
022932,工银科创ETF联接Y,指数型
022933,易方达上证50增强Y,指数型
022934,交银创业板50指数Y,指数型
022935,工银沪深300指数Y,指数型
022936,国泰沪深300指数Y,指数型
022937,西部利得中证500指数增强(LOF)Y,指数型
022938,招商中证A500ETF发起式联接Y,指数型
022939,华夏科创创业50ETF发起式联接Y,指数型
022940,天弘沪深300指数增强发起Y,指数型
022941,鹏扬中证科创创业50ETF联接Y,指数型
022942,泰康中证A500ETF联接Y,指数型
022943,华夏中证500指数智选增强Y,指数型
022944,银华中证A500ETF发起式联接Y,指数型
022945,华夏科创50ETF联接Y,指数型
022946,建信中证500指数增强Y,指数型
022947,华泰柏瑞中证A500ETF联接Y,指数型
022948,华泰柏瑞沪深300ETF联接Y,指数型
022949,汇添富沪深300指数增强Y,指数型
022950,华泰柏瑞上证科创板50成份ETF联接Y,指数型
022951,华泰柏瑞中证红利低波ETF联接Y,指数型
022952,富国创业板ETF联接Y,指数型
022953,富国中证500指数增强(LOF)Y,指数型
022954,华夏沪深300指数增强Y,指数型
022955,天弘沪深300ETF联接Y,指数型
022956,天弘上证50ETF联接Y,指数型
022957,华夏中证500指数增强Y,指数型
022958,华夏中证500ETF联接Y,指数型
022959,华夏上证50ETF联接Y,指数型
022960,天弘创业板ETF联接Y,指数型
022961,天弘中证500ETF联接Y,指数型
022962,兴全沪深300指数增强(LOF)Y,指数型
022963,兴全中证800六个月持有指数Y,指数型
022964,广发沪深300ETF联接Y,指数型
022965,广发中证500ETF联接(LOF)Y,指数型
022966,天弘中证A500ETF联接Y,指数型
022967,万家中证A500ETF发起式联接Y,指数型
022968,银河丰利债券C,债券型
022969,鹏华上证科创板50成份增强策略ETF发起式联接I,指数型
022970,鹏华安泽混合D,混合型
022971,广发中证A500ETF联接Y,指数型
022972,鹏华弘信混合D,混合型
022973,大成沪深300指数Y,指数型
022974,鹏华弘实混合D,混合型
022975,工银中证A50ETF联接Y,指数型
022976,华安创业板50ETF联接Y,指数型
022977,平安利率债E,债券型
022978,博时臻选楚汇三个月持有债券(FOF)B,FOF
022979,华夏中证A500ETF联接Y,指数型
022980,天弘中证红利低波动100联接Y,指数型
022981,天弘中证科创创业50ETF联接Y,指数型
022982,工银中证A500ETF联接Y,指数型
022983,华夏沪深300ETF联接Y,指数型
022984,鹏华纯债债券B,债券型
022985,诺安鼎利混合D,混合型
022986,华宝双债增强债券D,债券型
022987,鹏华沪深300ETF联接(LOF)I,指数型
022988,鹏华中证500ETF联接I,指数型
022989,鹏华丰收债券A,债券型
022990,鹏华丰收债券C,债券型
022991,鹏华丰收债券D,债券型
022992,鹏华中证500指数(LOF)I,指数型
022993,中信保诚稳瑞债券D,债券型
022994,中信保诚稳健债券D,债券型
022995,中海科技创新混合A,混合型
022996,中海科技创新混合C,混合型
022997,平安元享90天持有债券(FOF)A,FOF
022998,平安元享90天持有债券(FOF)C,FOF
023001,汇添富上证科创板100ETF联接A,指数型
023002,汇添富上证科创板100ETF联接C,指数型
023003,兴全盈鑫多元配置三个月持有混合(FOF)A,FOF
023004,兴全盈鑫多元配置三个月持有混合(FOF)C,FOF
023005,广发养老目标2055五年持有混合发起式(FOF),FOF
023006,易方达汇享保守养老一年持有混合(FOF)A,FOF
023007,兴华智选成长三个月持有混合发起(FOF)A,FOF
023008,兴华智选成长三个月持有混合发起(FOF)C,FOF
023009,海富通配置优选三个月持有混合(FOF)A,FOF
023010,海富通配置优选三个月持有混合(FOF)C,FOF
023011,中信保诚货币C,货币型
023012,南方信元债券C,债券型
023013,南方安睿混合C,混合型
023014,南方安康混合C,混合型
023015,招商招华纯债D,债券型
023016,路博迈CFETS0-5年期气候变化高等级债券综合指数,指数型
023017,南方丰元信用增强债券D,债券型
023018,南方恩元债券发起C,债券型
023019,南方臻元债券C,债券型
023020,南方臻利3个月定开债券发起E,债券型
023021,中邮信息产业灵活配置混合C,混合型
023022,交银中证A500指数A,指数型
023023,交银中证A500指数C,指数型
023024,鹏华创业板50ETF联接I,指数型
023025,南方升元中短期利率债债券D,债券型
023026,大成景苏利率债A,债券型
023027,大成景苏利率债C,债券型
023028,富达任远稳健三个月持有混合(FOF)A,FOF
023029,富达任远稳健三个月持有混合(FOF)C,FOF
023030,招商稳嘉120天滚动持有纯债A,债券型
023031,招商稳嘉120天滚动持有纯债C,债券型
023032,安信优选价值混合A,混合型
023033,安信优选价值混合C,混合型
023034,中欧恒生科技指数发起(QDII)A,指数型
023035,中欧恒生科技指数发起(QDII)C,指数型
023036,中欧资源精选混合发起A,混合型
023037,中欧资源精选混合发起C,混合型
023038,汇安中证A500指数A,指数型
023039,汇安中证A500指数C,指数型
023040,中欧多利债券A,债券型
023041,中欧多利债券C,债券型
023042,民生加银中证A500指数A,指数型
023043,民生加银中证A500指数C,指数型
023044,太平科技先锋混合发起式A,混合型
023045,太平科技先锋混合发起式C,混合型
023046,南方骏元中短期利率债债券C,债券型
023047,南方达元债券E,债券型
023048,南方通利债券E,债券型
023049,南方宝顺混合E,混合型
023050,交银上证科创板100指数A,指数型
023051,交银上证科创板100指数C,指数型
023052,交银中证A50指数A,指数型
023053,交银中证A50指数C,指数型
023054,南方宝祥混合E,混合型
023055,富国上证科创板50成份ETF联接A,指数型
023056,富国上证科创板50成份ETF联接C,指数型
023057,富国安怡120天持有期债券发起式A,债券型
023058,富国安怡120天持有期债券发起式C,债券型
023059,汇添富沪深300ETF发起式联接A,指数型
023060,汇添富沪深300ETF发起式联接C,指数型
023061,宝盈中债绿色普惠金融债券优选指数A,指数型
023062,宝盈中债绿色普惠金融债券优选指数C,指数型
023063,国投瑞银和宜债券E,债券型
023064,申万菱信沪深300价值ETF联接A,指数型
023065,申万菱信沪深300价值ETF联接C,指数型
023066,安联安裕债券A,债券型
023067,安联安裕债券C,债券型
023068,鹏华添泽120天滚动持有债券A,债券型
023069,鹏华添泽120天滚动持有债券C,债券型
023070,鹏华恒生港股通高股息率指数发起式A,指数型
023071,鹏华恒生港股通高股息率指数发起式C,指数型
023072,招商招悦纯债D,债券型
023073,国泰海通中证港股通高股息投资指数发起(QDII)A,指数型
023074,国泰海通中证港股通高股息投资指数发起(QDII)C,指数型
023075,鹏华上证科创板新能源ETF发起式联接A,指数型
023076,鹏华上证科创板新能源ETF发起式联接C,指数型
023077,诺德安锦利率债,债券型
023078,西部利得多策略优选混合A,混合型
023079,南方泽元债券C,债券型
023080,长信利保债券E,债券型
023081,南方致远混合E,混合型
023082,东方红慧选成长混合A,混合型
023083,东方红慧选成长混合C,混合型
023084,汇安核心资产混合E,混合型
023085,招商招旭纯债E,债券型
023086,浦银经济带崛起混合E,混合型
023087,联博汇利债券A,债券型
023088,联博汇利债券C,债券型
023091,鑫元合丰纯债D,债券型
023092,招商招坤纯债D,债券型
023093,中邮货币C,货币型
023094,安信中国制造混合C,混合型
023095,中邮新思路灵活配置混合C,混合型
023096,中邮消费升级灵活配置混合C,混合型
023097,安信比较优势混合C,混合型
023098,安信消费医药股票C,股票型
023099,金信周期价值混合A,混合型
023100,金信周期价值混合C,混合型
023101,国寿安保智慧生活股票C,股票型
023102,招商和惠养老目标日期2045五年持有期混合发起式(FOF)Y,FOF
023103,圆信永丰医药健康C,混合型
023104,中银中证港股通高股息投资指数A,指数型
023105,中银中证港股通高股息投资指数C,指数型
023106,光大红利量化混合A,混合型
023107,光大红利量化混合C,混合型
023108,广发中证A50ETF联接A,指数型
023109,广发中证A50ETF联接C,指数型
023110,安信一带一路指数C,指数型
023111,景顺长城上证科创板200指数A,指数型
023112,景顺长城上证科创板200指数C,指数型
023113,施罗德添源纯债债券A,债券型
023114,施罗德添源纯债债券C,债券型
023115,景顺长城衡益混合,混合型
023117,华安高端装备股票发起式A,股票型
023118,华安高端装备股票发起式C,股票型
023119,民生加银中证全指指数增强A,指数型
023120,民生加银中证全指指数增强C,指数型
023129,富国致盛量化选股股票A,股票型
023130,富国致盛量化选股股票C,股票型
023131,圆信永丰兴和60天滚动持有债券A,债券型
023132,圆信永丰兴和60天滚动持有债券C,债券型
023134,泰康招享混合E,混合型
023135,农银创新驱动混合A,混合型
023136,农银创新驱动混合C,混合型
023139,南方ESG纯债债券发起C,债券型
023141,国泰金龙债券D,债券型
023142,兴全中证500指数增强A,指数型
023143,兴全中证500指数增强C,指数型
023144,汇添富中证油气资源ETF发起式联接A,指数型
023145,汇添富中证油气资源ETF发起式联接C,指数型
023146,中金沪深300ETF联接A,指数型
023147,中金沪深300ETF联接C,指数型
023148,兴业上证180ETF联接A,指数型
023149,兴业上证180ETF联接C,指数型
023150,鹏扬平衡养老目标三年持有混合发起式(FOF)Y,FOF
023153,中银证券中证A500指数A,指数型
023154,中银证券中证A500指数C,指数型
023156,博时中债5-10农发行E,指数型
023157,汇丰晋信养老目标日期2036一年持有期混合(FOF)Y,FOF
023158,上银先进制造混合发起式A,混合型
023159,上银先进制造混合发起式C,混合型
023160,前海开源康悦稳健养老一年持有混合(FOF)A,FOF
023162,银河上证国有企业红利ETF发起式联接A,指数型
023163,银河上证国有企业红利ETF发起式联接C,指数型
023164,招商安和债券D,债券型
023165,博时转债增强债券E,债券型
023166,兴全恒嘉30天持有债券E,债券型
023167,浦银盛世E,混合型
023168,创金合信怡久回报债券E,债券型
023169,兴证资管国企红利优选混合发起式A,混合型
023170,兴证资管国企红利优选混合发起式C,混合型
023171,兴华安泽纯债A,债券型
023172,兴华安泽纯债C,债券型
023173,兴华景成混合A,混合型
023174,兴华景成混合C,混合型
023175,中邮中小盘灵活配置混合C,混合型
023176,中邮沪港深精选混合C,混合型
023177,安信灵活配置混合C,混合型
023178,安信价值精选股票C,股票型
023179,华泰柏瑞上证180ETF联接A,指数型
023180,华泰柏瑞上证180ETF联接C,指数型
023181,华泰柏瑞上证180ETF联接I,指数型
023182,太平中证红利指数A,指数型
023183,太平中证红利指数C,指数型
023184,平安中证A500ETF联接A,指数型
023185,平安中证A500ETF联接C,指数型
023186,国联安红利慧选混合发起式A,混合型
023187,国联安红利慧选混合发起式C,混合型
023188,景顺长城量化新动力股票C,股票型
023189,平安添润债券E,债券型
023192,招商资管中证500指数增强发起A,指数型
023193,景顺长城产业趋势混合C,混合型
023194,平安鼎信债券E,债券型
023196,南方中证物联网主题ETF发起联接A,指数型
023197,南方中证物联网主题ETF发起联接C,指数型
023198,招商资管中证500指数增强发起C,指数型
023199,鹏华上证180ETF发起式联接A,指数型
023200,鹏华上证180ETF发起式联接C,指数型
023201,兴全中证沪港深500指数增强A,指数型
023202,兴全中证沪港深500指数增强C,指数型
023203,兴全中证沪港深300指数增强A,指数型
023204,兴全中证沪港深300指数增强C,指数型
023210,国泰海通君得盈债券D,债券型
023213,博时鑫源混合E,混合型
023214,中泰双鑫6个月持有债券A,债券型
023215,中泰双鑫6个月持有债券C,债券型
023216,华安众利120天持有债券A,债券型
023217,华安众利120天持有债券C,债券型
023218,国寿安保尊富30天持有期债券A,债券型
023219,国寿安保尊富30天持有期债券C,债券型
023220,招商稳健策略优选3个月持有期混合发起式(FOF)A,FOF
023221,招商稳健策略优选3个月持有期混合发起式(FOF)C,FOF
023222,鹏华恒生中国央企ETF发起式联接A,指数型
023223,鹏华恒生中国央企ETF发起式联接C,指数型
023224,景顺长城180天持有期债券A,债券型
023225,景顺长城180天持有期债券C,债券型
023226,兴全盈丰多元配置三个月持有混合(ETF-FOF)A,FOF
023227,兴全盈丰多元配置三个月持有混合(ETF-FOF)C,FOF
023228,易方达上证180ETF联接A,指数型
023229,易方达上证180ETF联接C,指数型
023230,南方上证180ETF发起联接A,指数型
023231,南方上证180ETF发起联接C,指数型
023232,国泰合利6个月持有混合A,混合型
023233,国泰合利6个月持有混合C,混合型
023234,银华上证180ETF发起式联接A,指数型
023235,银华上证180ETF发起式联接C,指数型
023236,银华上证180ETF发起式联接I,指数型
023237,富国安嘉60天滚动持有债券发起式A,债券型
023238,富国安嘉60天滚动持有债券发起式C,债券型
023239,大摩恒安30天持有期债券A,债券型
023240,大摩恒安30天持有期债券C,债券型
023241,安信长鑫增强债券E,债券型
023242,中欧恒生消费指数发起(QDII)A,指数型
023243,中欧恒生消费指数发起(QDII)C,指数型
023244,东海启元添益6个月持有混合发起式A,混合型
023245,东海启元添益6个月持有混合发起式C,混合型
023246,中航中债-投资级公司绿色债精选指数A,指数型
023247,中航中债-投资级公司绿色债精选指数C,指数型
023248,永赢泓利债券A,债券型
023249,永赢泓利债券C,债券型
023250,信澳季季鑫90天持有期债券A,债券型
023251,信澳季季鑫90天持有期债券C,债券型
023252,天弘上证180ETF发起联接A,指数型
023253,天弘上证180ETF发起联接C,指数型
023254,汇添富中证全指软件ETF发起式联接A,指数型
023255,汇添富中证全指软件ETF发起式联接C,指数型
023256,东海增益债券发起式E,债券型
023257,国融中证同业存单AAA指数7天持有期,指数型
023258,宏利悦利利率债A,债券型
023259,宏利悦利利率债C,债券型
023260,华润元大中债绿色普惠主题金融债券优选指数A,指数型
023261,华润元大中债绿色普惠主题金融债券优选指数C,指数型
023262,景顺长城资源垄断混合(LOF)C,混合型
023263,景顺长城内需增长混合C,混合型
023264,景顺长城内需增长贰号混合C,混合型
023265,景顺长城智能生活混合C,混合型
023266,贝莱德富元添益债券A,债券型
023267,贝莱德富元添益债券C,债券型
023268,合煦智远中证同业存单AAA指数7天持有期,指数型
023269,景顺长城量化成长演化混合C,混合型
023270,景顺长城量化对冲策略三个月定期开放混合C,混合型
023271,华富中证5年恒定久期国开债指数E,指数型
023274,万家安弘纯债D,债券型
023275,中银淳利三个月持有债券A,债券型
023276,中银淳利三个月持有债券C,债券型
023277,华夏鼎合债券A,债券型
023278,华夏鼎合债券C,债券型
023279,人保中证同业存单AAA指数7天持有,指数型
023280,工银稳健丰利120天滚动持有债券A,债券型
023281,工银稳健丰利120天滚动持有债券C,债券型
023282,永赢多元增利债券A,债券型
023283,永赢多元增利债券C,债券型
023284,华夏聚益优选三个月持有债券(FOF)A,FOF
023285,华夏聚益优选三个月持有债券(FOF)C,FOF
023286,前海开源人工智能主题混合C,混合型
023287,创金合信恒荣120天持有期债券A,债券型
023288,创金合信恒荣120天持有期债券C,债券型
023289,国泰多策略收益灵活配置混合C,混合型
023290,鹏华沪深300指数量化增强A,指数型
023291,鹏华沪深300指数量化增强C,指数型
023292,华宝宝益90天持有期债券A,债券型
023293,华宝宝益90天持有期债券C,债券型
023294,民生加银稳鑫120天滚动持有债券A,债券型
023295,民生加银稳鑫120天滚动持有债券C,债券型
023296,富国安阳90天持有期债券发起式A,债券型
023297,富国安阳90天持有期债券发起式C,债券型
023298,汇添富中证A500指数增强A,指数型
023299,汇添富中证A500指数增强C,指数型
023300,东海祥瑞E,债券型
023301,鹏华添和30天持有期债券A,债券型
023302,鹏华添和30天持有期债券C,债券型
023303,建信中证A500指数增强A,指数型
023304,建信中证A500指数增强C,指数型
023305,永赢中证A500指数增强A,指数型
023306,永赢中证A500指数增强C,指数型
023307,方正富邦稳鑫纯债A,债券型
023308,方正富邦稳鑫纯债C,债券型
023309,博时宏观回报债券E,债券型
023310,博时恒泰债券E,债券型
023311,西部利得月月兴30天持有期债券A,债券型
023312,西部利得月月兴30天持有期债券C,债券型
023313,国泰聚鑫量化选股混合发起A,混合型
023314,国泰聚鑫量化选股混合发起C,混合型
023315,摩根30天持有期债券A,债券型
023316,摩根30天持有期债券C,债券型
023317,华泰保兴开元3个月持有债券发起A,债券型
023318,华泰保兴开元3个月持有债券发起C,债券型
023319,华宝中证A500指数增强A,指数型
023320,华宝中证A500指数增强C,指数型
023321,华宝中证800红利低波动ETF联接A,指数型
023322,华宝中证800红利低波动ETF联接C,指数型
023323,华商上证科创板100指数增强A,指数型
023324,华商上证科创板100指数增强C,指数型
023325,路博迈中证A500指数增强A,指数型
023326,路博迈中证A500指数增强C,指数型
023327,恒生前海福瑞30天持有期债券A,债券型
023328,恒生前海福瑞30天持有期债券C,债券型
023331,华富中证A500指数A,指数型
023332,华富中证A500指数C,指数型
023333,金鹰中证A500指数发起A,指数型
023334,金鹰中证A500指数发起C,指数型
023335,泓德中证A500指数增强A,指数型
023336,泓德中证A500指数增强C,指数型
023337,兴银鑫裕丰六个月持有债券A,债券型
023338,兴银鑫裕丰六个月持有债券C,债券型
023339,鹏华中证A500指数增强A,指数型
023340,鹏华中证A500指数增强C,指数型
023341,中海中证A500指数增强A,指数型
023342,中海中证A500指数增强C,指数型
023343,惠升和盛纯债,债券型
023344,信澳星瑞智选混合A,混合型
023345,信澳星瑞智选混合C,混合型
023346,博时裕新纯债债券C,债券型
023347,苏新中证A500指数增强A,指数型
023348,苏新中证A500指数增强C,指数型
023349,泓德裕和纯债债券D,债券型
023350,诺安多策略混合C,混合型
023351,兴银合丰债券E,债券型
023354,汇添富添福吉祥混合C,混合型
023355,大成添利宝货币C,货币型
023356,博道和盈利率债A,债券型
023357,博道和盈利率债C,债券型
023358,中欧稳添90天滚动持有债券A,债券型
023359,中欧稳添90天滚动持有债券C,债券型
023360,平安元裕90天持有债券A,债券型
023361,平安元裕90天持有债券C,债券型
023362,鹏扬研究精选混合A,混合型
023363,鹏扬研究精选混合C,混合型
023364,平安添悦债券E,债券型
023365,南华丰利量化选股混合A,混合型
023366,南华丰利量化选股混合C,混合型
023367,海富通中证A500指数增强A,指数型
023368,海富通中证A500指数增强C,指数型
023371,国泰创业板50ETF发起联接A,指数型
023372,国泰创业板50ETF发起联接C,指数型
023373,建信富时100指数(QDII)D人民币,指数型
023374,安信锦顺利率债A,债券型
023375,安信锦顺利率债C,债券型
023376,鹏华中证传媒指数(LOF)I,指数型
023377,鹏华中证移动互联网指数(LOF)I,指数型
023378,鹏华中证环保产业指数(LOF)I,指数型
023379,鹏华中证800证券保险指数(LOF)I,指数型
023380,鹏华中证800地产指数(LOF)I,指数型
023381,鹏华创业板指数(LOF)I,指数型
023382,华泰柏瑞上证科创板200ETF发起式联接A,指数型
023383,华泰柏瑞上证科创板200ETF发起式联接C,指数型
023384,平安中证人工智能主题ETF发起式联接A,指数型
023385,平安中证人工智能主题ETF发起式联接C,指数型
023386,国泰聚智量化选股混合发起A,混合型
023387,国泰聚智量化选股混合发起C,混合型
023388,华泰柏瑞上证科创板200ETF发起式联接I,指数型
023389,易方达中证港股通高股息投资ETF联接发起式A,指数型
023390,易方达中证港股通高股息投资ETF联接发起式C,指数型
023391,天弘合利债券发起E,债券型
023392,景顺长城稳健增益债券F,债券型
023393,宝盈创新医疗混合发起式A,混合型
023394,宝盈创新医疗混合发起式C,混合型
023395,宝盈北证50成份指数发起式A,指数型
023396,宝盈北证50成份指数发起式C,指数型
023397,尚正研究睿选混合发起A,混合型
023398,尚正研究睿选混合发起C,混合型
023399,尚正中证A500指数发起A,指数型
023400,尚正中证A500指数发起C,指数型
023401,光大保德信货币C,货币型
023402,广发全球精选股票(QDII)人民币F,QDII
023403,前海开源鼎裕债券D,债券型
023404,海富通致远量化选股股票发起A,股票型
023405,海富通致远量化选股股票发起C,股票型
023406,汇添富纯债(LOF)B,债券型
023407,华宝创业板人工智能ETF发起式联接A,指数型
023408,华宝创业板人工智能ETF发起式联接C,指数型
023409,银河强化债券C,债券型
023410,天弘恒生红利低波指数A,指数型
023411,天弘恒生红利低波指数C,指数型
023414,工银创业板50ETF联接A,指数型
023415,工银创业板50ETF联接C,指数型
023416,天弘丰益债券发起E,债券型
023417,天弘荣创一年持有混合E,混合型
023418,宏利中证A50指数增强A,指数型
023419,宏利中证A50指数增强C,指数型
023420,永赢锐见先锋混合A,混合型
023421,永赢锐见先锋混合C,混合型
023422,建信纳斯达克100指数(QDII)D人民币,指数型
023423,东财沪深300E,指数型
023424,华泰紫金添悦180天持有期债券发起A,债券型
023425,华泰紫金添悦180天持有期债券发起C,债券型
023426,中欧恒生沪深港汽车主题指数发起A,指数型
023427,中欧恒生沪深港汽车主题指数发起C,指数型
023428,南方养老目标2050五年持有混合发起(FOF)Y,FOF
023429,嘉实创业板50ETF联接A,指数型
023430,嘉实创业板50ETF联接C,指数型
023431,天弘中证A50指数A,指数型
023432,天弘中证A50指数C,指数型
023433,金元顺安乾利混合A,混合型
023434,金元顺安乾利混合C,混合型
023435,富安达中证A500指数增强A,指数型
023436,富安达中证A500指数增强C,指数型
023437,永赢上证科创板50成份指数A,指数型
023438,永赢上证科创板50成份指数C,指数型
023440,方正富邦货币E,货币型
023441,前海开源北证50成份指数发起A,指数型
023442,前海开源北证50成份指数发起C,指数型
023443,永赢鑫辰混合E,混合型
023444,前海开源中证500等权ETF联接A,指数型
023445,前海开源中证500等权ETF联接C,指数型
023446,长城上证科创板100指数增强A,指数型
023447,长城上证科创板100指数增强C,指数型
023448,上银资源精选混合发起式A,混合型
023449,上银资源精选混合发起式C,混合型
023450,博时稳定价值债券E,债券型
023451,中欧信息科技混合发起A,混合型
023452,中欧信息科技混合发起C,混合型
023453,汇添富稳恒6个月持有债券A,债券型
023454,汇添富稳恒6个月持有债券C,债券型
023455,汇添富增强回报债券A,债券型
023456,汇添富增强回报债券C,债券型
023457,前海开源研究优选混合A,混合型
023458,前海开源研究优选混合C,混合型
023459,交银安悦平衡养老三年持有期混合发起(FOF)Y,FOF
023460,广发安盈混合F,混合型
023461,中欧中证人工智能主题指数发起A,指数型
023462,中欧中证人工智能主题指数发起C,指数型
023463,工银稳健丰裕30天持有债券A,债券型
023464,工银稳健丰裕30天持有债券C,债券型
023465,国投瑞银和兴债券E,债券型
023466,华安中证A500增强策略ETF发起式联接A,指数型
023467,华安中证A500增强策略ETF发起式联接C,指数型
023468,华安众泰纯债A,债券型
023469,华安众泰纯债C,债券型
023470,国投瑞银稳定增利债券E,债券型
023471,南方泽享稳健添利债券A,债券型
023472,南方泽享稳健添利债券C,债券型
023473,太平中证A500指数增强A,指数型
023474,太平中证A500指数增强C,指数型
023475,农银中证A500指数增强A,指数型
023476,农银中证A500指数增强C,指数型
023477,万家稳宁债券A,债券型
023478,万家稳宁债券C,债券型
023479,万家中证全指公用事业ETF联接A,指数型
023480,万家中证全指公用事业ETF联接C,指数型
023481,万家中证港股通创新药ETF发起式联接A,指数型
023482,万家中证港股通创新药ETF发起式联接C,指数型
023483,中金中证A500ETF联接A,指数型
023484,中金中证A500ETF联接C,指数型
023485,创金合信文丰债券A,债券型
023486,创金合信文丰债券C,债券型
023487,西部利得裕丰回报债券A,债券型
023488,西部利得裕丰回报债券C,债券型
023489,国投瑞银恒泽中短债债券E,债券型
023490,国投瑞银中高等级债券E,债券型
023491,民生加银恒悦债券,债券型
023492,华富吉福120天滚动持有债券A,债券型
023493,华富吉福120天滚动持有债券C,债券型
023494,新华中证A500指数增强A,指数型
023495,新华中证A500指数增强C,指数型
023496,嘉实汇明纯债债券A,债券型
023497,嘉实汇明纯债债券C,债券型
023498,人保中证500C,指数型
023499,博道中证800指数增强A,指数型
023500,博道中证800指数增强C,指数型
023501,安信中证A500指数增强A,指数型
023502,安信中证A500指数增强C,指数型
023503,中信建投中证A500指数增强A,指数型
023504,中信建投中证A500指数增强C,指数型
023505,兴银中证港股通科技ETF发起式联接A,指数型
023506,兴银中证港股通科技ETF发起式联接C,指数型
023507,富国安丰60天持有期债券发起式A,债券型
023508,富国安丰60天持有期债券发起式C,债券型
023509,金鹰中证同业存单AAA指数7天持有,指数型
023510,博时中债7-10政金债指数D,指数型
023511,华商瑞丰短债债券F,债券型
023512,景顺长城景颐丰利债券F,债券型
023513,银华增强收益债券D,债券型
023514,宝盈中证A500指数增强A,指数型
023515,宝盈中证A500指数增强C,指数型
023516,华泰保兴中证A500指数增强A,指数型
023517,华泰保兴中证A500指数增强C,指数型
023518,国投瑞银上证科创板200指数发起式A,指数型
023519,国投瑞银上证科创板200指数发起式C,指数型
023520,博时上证科创板人工智能ETF发起式联接A,指数型
023521,博时上证科创板人工智能ETF发起式联接C,指数型
023522,中金中证A500指数增强A,指数型
023523,中金中证A500指数增强C,指数型
023524,广发制造智选股票发起式A,股票型
023525,广发制造智选股票发起式C,股票型
023526,凯石元鑫混合发起式A,混合型
023527,凯石元鑫混合发起式C,混合型
023528,摩根60天持有期债券A,债券型
023529,摩根60天持有期债券C,债券型
023530,永赢国证通用航空产业ETF发起联接A,指数型
023531,永赢国证通用航空产业ETF发起联接C,指数型
023532,西部利得事件驱动股票C,股票型
023533,鑫元中债3-5年国开行债券指数D,指数型
023534,永赢中证港股通央企红利ETF联接A,指数型
023535,永赢中证港股通央企红利ETF联接C,指数型
023536,博时中证金融科技主题ETF联接A,指数型
023537,博时中证金融科技主题ETF联接C,指数型
023538,华夏安和债券A,债券型
023539,华夏安和债券C,债券型
023540,中欧稳航90天持有债券A,债券型
023541,中欧稳航90天持有债券C,债券型
023542,平安恒泽混合E,混合型
023543,平安恒鑫混合E,混合型
023544,东方中证A500指数增强A,指数型
023545,东方中证A500指数增强C,指数型
023546,永赢悦享债券B,债券型
023547,平安上证180ETF联接A,指数型
023548,平安上证180ETF联接C,指数型
023549,中邮核心优选混合C,混合型
023550,银华上证科创板人工智能ETF发起式联接A,指数型
023551,银华上证科创板人工智能ETF发起式联接C,指数型
023552,银华上证科创板人工智能ETF发起式联接I,指数型
023553,华泰柏瑞中证A股ETF发起式联接A,指数型
023554,华泰柏瑞中证A股ETF发起式联接C,指数型
023555,华宝深证100指数发起A,指数型
023556,华宝深证100指数发起C,指数型
023557,富安达富祥利率债D,债券型
023558,富安达上清所0-3年政金债指数D,指数型
023559,招商普盛全球配置(QDII)人民币C,QDII
023560,富达创新驱动混合发起A,混合型
023561,富达创新驱动混合发起C,混合型
023562,广发中证800指数增强A,指数型
023563,广发中证800指数增强C,指数型
023564,易方达科创人工智能ETF联接A,指数型
023565,易方达科创人工智能ETF联接C,指数型
023566,德邦高端装备混合发起式A,混合型
023567,德邦高端装备混合发起式C,混合型
023568,招商资管中证A500指数增强发起A,指数型
023569,招商资管中证A500指数增强发起C,指数型
023570,浦银安盛周期优选混合A,混合型
023571,浦银安盛周期优选混合C,混合型
023572,万家中证港股通央企红利ETF联接A,指数型
023573,万家中证港股通央企红利ETF联接C,指数型
023574,长信利众债券(LOF)E,债券型
023575,海富通稳鑫三个月持有债券A,债券型
023576,海富通稳鑫三个月持有债券C,债券型
023577,海富通中证同业存单AAA指数7天持有,指数型
023578,平安添裕债券E,债券型
023579,博时四月兴120天持有期债券A,债券型
023580,博时四月兴120天持有期债券C,债券型
023581,金鹰民族新兴混合C,混合型
023582,交银180天持有期债券A,债券型
023583,交银180天持有期债券C,债券型
023584,中欧红利智选混合A,混合型
023585,中欧红利智选混合C,混合型
023586,长城三个月滚动持有债券A,债券型
023587,长城三个月滚动持有债券B,债券型
023588,长城三个月滚动持有债券C,债券型
023589,长城中短债债券A,债券型
023590,长城中短债债券C,债券型
023591,南方全球精选配置股票(QDII-FOF)C,QDII
023592,中信保诚中证800医药指数(LOF)E,指数型
023593,中信保诚中证800有色指数(LOF)E,指数型
023594,中信保诚中证信息安全指数(LOF)E,指数型
023595,中信保诚中证智能家居指数(LOF)E,指数型
023596,中信保诚中证基建工程指数(LOF)E,指数型
023597,景顺长城中证港股通创新药ETF联接A,指数型
023598,景顺长城中证港股通创新药ETF联接C,指数型
023599,中信保诚安鑫回报债券D,债券型
023600,中信保诚安鑫回报债券E,债券型
023601,东吴货币D,货币型
023602,泰信优势领航混合C,混合型
023603,泰信优势领航混合D,混合型
023604,景顺长城景泰益利纯债债券C,债券型
023605,申万菱信量化对冲策略灵活配置混合发起式C,混合型
023606,平安鑫瑞混合F,混合型
023607,光大沪深300指数增强A,指数型
023608,光大沪深300指数增强C,指数型
023609,光大中证A500指数A,指数型
023610,光大中证A500指数C,指数型
023611,中信保诚双盈债券(LOF)C,债券型
023612,蜂巢丰嘉债券E,债券型
023613,中欧中证红利低波动指数A,指数型
023614,中欧中证红利低波动指数C,指数型
023615,银华远景债券D,债券型
023616,博时中证800指数增强A,指数型
023617,博时中证800指数增强C,指数型
023618,富国天丰强化债券(LOF)C,债券型
023619,华夏中证A500指数增强A,指数型
023620,华夏中证A500指数增强C,指数型
023621,华夏上证科创板200ETF联接A,指数型
023622,华夏上证科创板200ETF联接C,指数型
023623,前海开源港股通价值领航混合A,混合型
023624,前海开源港股通价值领航混合C,混合型
023625,创金合信货币F,货币型
023626,南方崇元纯债债券E,债券型
023627,鑫元货币D,货币型
023628,平安鼎信债券F,债券型
023629,平安鑫享混合F,混合型
023630,鑫元中证A100指数A,指数型
023631,鑫元中证A100指数C,指数型
023632,景顺长城新兴产业混合A,混合型
023633,景顺长城新兴产业混合C,混合型
023634,国泰中债优选投资级信用债指数发起A,指数型
023635,国泰中债优选投资级信用债指数发起C,指数型
023636,易方达安旭90天持有债券A,债券型
023637,易方达安旭90天持有债券C,债券型
023638,国泰A股电网设备ETF联接A,指数型
023639,国泰A股电网设备ETF联接C,指数型
023640,银华季季丰90天滚动持有债券A,债券型
023641,银华季季丰90天滚动持有债券C,债券型
023642,合煦智远欣悦利率债A,债券型
023643,合煦智远欣悦利率债C,债券型
023644,华富富润债券A,债券型
023645,华富富润债券C,债券型
023646,前海开源鼎瑞债券D,债券型
023647,广发科技智选股票发起式A,股票型
023648,广发科技智选股票发起式C,股票型
023649,汇安裕宏利率债债券A,债券型
023650,汇安裕宏利率债债券C,债券型
023651,富国上证科创板芯片ETF发起式联接A,指数型
023652,富国上证科创板芯片ETF发起式联接C,指数型
023653,安信鑫利30天持有债券A,债券型
023654,安信鑫利30天持有债券C,债券型
023655,融通中证诚通央企科技创新ETF发起式联接A,指数型
023656,融通中证诚通央企科技创新ETF发起式联接C,指数型
023657,大成元鸿锦利债券A,债券型
023658,大成元鸿锦利债券C,债券型
023659,华泰柏瑞北证50成份指数A,指数型
023660,华泰柏瑞北证50成份指数C,指数型
023661,华泰柏瑞北证50成份指数I,指数型
023662,国泰海通稳健悦享90天持有债券发起A,债券型
023663,国泰海通稳健悦享90天持有债券发起C,债券型
023664,中信保诚稳和利率债债券A,债券型
023665,中信保诚稳和利率债债券C,债券型
023666,中信保诚中证同业存单AAA指数7天持有,指数型
023667,汇丰晋信2016周期混合D,混合型
023668,中银中证A500指数增强A,指数型
023669,中银中证A500指数增强C,指数型
023670,中银中证A500指数增强E,指数型
023671,华商收益增强债券C,债券型
023672,东方红裕丰回报债券A,债券型
023673,东方红裕丰回报债券C,债券型
023674,德邦新兴产业混合发起式A,混合型
023675,德邦新兴产业混合发起式C,混合型
023676,长盛盛和纯债D,债券型
023677,百嘉百达利率债债券A,债券型
023678,百嘉百达利率债债券C,债券型
023679,格林上证科创板综合指数增强A,指数型
023680,格林上证科创板综合指数增强C,指数型
023681,格林60天持有期债券A,债券型
023682,格林60天持有期债券C,债券型
023683,方正富邦瑞实90天持有期债券A,债券型
023684,方正富邦瑞实90天持有期债券C,债券型
023685,建信上海金ETF联接D,指数型
023686,建信上证科创板200ETF联接A,指数型
023687,建信上证科创板200ETF联接C,指数型
023688,中信保诚优质纯债债券D,债券型
023689,中信保诚稳丰D,债券型
023690,中信保诚稳利D,债券型
023691,中信保诚稳益D,债券型
023692,诺德安悦,债券型
023693,长盛货币C,货币型
023694,国寿安保尊悦纯债债券A,债券型
023695,国寿安保尊悦纯债债券C,债券型
023696,海富通添益货币C,货币型
023697,银河久泰债券C,债券型
023698,长城元利债券A,债券型
023699,长城元利债券C,债券型
023700,招商中债1-5年进出口行D,指数型
023702,银华可转债债券D,债券型
023703,鑫元优享30天持有债券A,债券型
023704,鑫元优享30天持有债券C,债券型
023706,华泰紫金稳健养老目标一年持有(FOF)Y,FOF
023707,东海海鑫双悦3个月持有债券A,债券型
023708,东海海鑫双悦3个月持有债券C,债券型
023709,万家现金宝货币D,货币型
023711,中金中证优选300指数(LOF)B,指数型
023712,前海开源康颐平衡养老三年(FOF)Y,FOF
023713,国联安主题驱动混合C,混合型
023714,东方养老目标2050五年持有混合发起(FOF)Y,FOF
023715,华夏中证动漫游戏ETF发起式联接D,指数型
023716,嘉实致盈债券D,债券型
023717,中泰福瑞稳健养老一年持有混合发起(FOF)Y,FOF
023718,嘉实商业银行精选债券D,债券型
023719,华夏上证科创板综合ETF联接A,指数型
023720,华夏上证科创板综合ETF联接C,指数型
023721,天弘上证科创板综合ETF联接A,指数型
023722,天弘上证科创板综合ETF联接C,指数型
023723,景顺长城上证科创板综合价格ETF联接A,指数型
023724,景顺长城上证科创板综合价格ETF联接C,指数型
023725,工银上证科创板综合价格ETF联接A,指数型
023726,工银上证科创板综合价格ETF联接C,指数型
023727,博时上证科创板综合ETF联接A,指数型
023728,博时上证科创板综合ETF联接C,指数型
023729,易方达上证科创板综合ETF联接A,指数型
023730,易方达上证科创板综合ETF联接C,指数型
023731,南方上证科创板综合ETF联接A,指数型
023732,南方上证科创板综合ETF联接C,指数型
023733,国泰上证科创板综合ETF发起联接A,指数型
023734,国泰上证科创板综合ETF发起联接C,指数型
023735,汇添富上证科创板综合ETF联接A,指数型
023736,汇添富上证科创板综合ETF联接C,指数型
023737,富国上证科创板综合价格ETF联接A,指数型
023738,富国上证科创板综合价格ETF联接C,指数型
023739,招商上证科创板综合ETF联接A,指数型
023740,招商上证科创板综合ETF联接C,指数型
023741,华泰柏瑞上证科创板综合ETF联接A,指数型
023742,华泰柏瑞上证科创板综合ETF联接C,指数型
023743,建信上证科创板综合ETF联接A,指数型
023744,建信上证科创板综合ETF联接C,指数型
023745,兴银现金收益C,货币型
023746,华富新华中诚信红利价值指数A,指数型
023747,华富新华中诚信红利价值指数C,指数型
023748,广发上证科创板200ETF联接A,指数型
023749,广发上证科创板200ETF联接C,指数型
023750,国富兴海回报混合C,混合型
023751,百嘉百瑞混合发起式C,混合型
023752,长信量化中小盘股票C,股票型
023753,永赢信息产业智选混合发起A,混合型
023754,永赢信息产业智选混合发起C,混合型
023755,永赢中证A500ETF发起联接A,指数型
023756,永赢中证A500ETF发起联接C,指数型
023757,鹏华上证科创综合ETF联接A,指数型
023758,鹏华上证科创综合ETF联接C,指数型
023761,广发智选启航混合A,混合型
023762,广发智选启航混合C,混合型
023763,华夏恒生科技ETF发起式联接(QDII)D,指数型
023764,华夏恒生互联网科技业ETF发起式联接(QDII)D,指数型
023765,华夏中证5G通信主题ETF联接D,指数型
023766,华夏中证全指证券公司ETF联接D,指数型
023767,国投瑞银货币E,货币型
023768,国投瑞银中高等级债券D,债券型
023769,信澳慧理财货币E,货币型
023770,平安鼎弘混合(LOF)E,混合型
023771,鹏华弘泰混合E,混合型
023772,鹏华稳健添利债券E,债券型
023773,兴银中债优选投资级信用债指数A,指数型
023774,兴银中债优选投资级信用债指数C,指数型
023775,兴银MSCI中国A50互联互通指数发起A,指数型
023776,兴银MSCI中国A50互联互通指数发起C,指数型
023777,上银慧盈利货币C,货币型
023778,中欧骏泰货币E,货币型
023779,华夏中证大数据产业ETF发起式联接D,指数型
023780,摩根汇智优选混合A,混合型
023781,摩根汇智优选混合C,混合型
023782,华夏创业板成长ETF联接D,指数型
023783,山证资管裕享增强债券发起式E,债券型
023784,中欧增强回报债券(LOF)D,债券型
023785,华富祥康12个月持有期债券A,债券型
023786,华富祥康12个月持有期债券C,债券型
023787,国联稳健增益债券A,债券型
023788,国联稳健增益债券C,债券型
023789,国投瑞银优化增强债券D,债券型
023790,国投瑞银优化增强债券E,债券型
023791,浦银安盛普航3个月定开债券,债券型
023792,国投瑞银双债债券D,债券型
023793,国投瑞银双债债券E,债券型
023794,路博迈兴航60天滚动持有债券A,债券型
023795,路博迈兴航60天滚动持有债券C,债券型
023796,农银天天利货币D,货币型
023797,泰康现金管家货币E,货币型
023798,西部利得双季享6个月持有期债券A,债券型
023799,西部利得双季享6个月持有期债券C,债券型
023800,广发添福60天滚动持有债券A,债券型
023801,广发添福60天滚动持有债券C,债券型
023802,华宝安睿债券A,债券型
023803,华宝安睿债券C,债券型
023804,汇安聚利债券A,债券型
023805,汇安聚利债券C,债券型
023806,招商红利量化选股混合A,混合型
023807,招商红利量化选股混合C,混合型
023808,交银安心收益债券D,债券型
023809,泓德裕惠债券A,债券型
023810,泓德裕惠债券C,债券型
023811,兴业恒泰债券A,债券型
023812,兴业恒泰债券C,债券型
023813,摩根双债增利债券D,债券型
023814,泰康中债1-5年政策性金融债指数A,指数型
023815,泰康中债1-5年政策性金融债指数C,指数型
023816,兴业天禧债券C,债券型
023818,景顺长城优信增利债券F,债券型
023819,天弘中证A500指数增强A,指数型
023820,天弘中证A500指数增强C,指数型
023821,泓德中证500指数增强A,指数型
023822,泓德中证500指数增强C,指数型
023823,银华增强收益债券C,债券型
023824,永赢国企机遇慧选混合发起A,混合型
023825,永赢国企机遇慧选混合发起C,混合型
023826,华商中证500指数增强A,指数型
023827,华商中证500指数增强C,指数型
023828,万家中证半导体材料设备主题ETF发起式联接A,指数型
023829,万家中证半导体材料设备主题ETF发起式联接C,指数型
023830,华泰柏瑞创业板50ETF联接A,指数型
023831,华泰柏瑞创业板50ETF联接C,指数型
023832,华泰柏瑞中证油气产业ETF发起式联接A,指数型
023833,华泰柏瑞中证油气产业ETF发起式联接C,指数型
023834,广发资源智选股票发起式A,股票型
023835,广发资源智选股票发起式C,股票型
023836,大成恒丰宝货币C,货币型
023837,银华四月丰120天滚动持有债券A,债券型
023838,银华四月丰120天滚动持有债券C,债券型
023839,银华甄选价值回报混合A,混合型
023840,银华甄选价值回报混合C,混合型
023841,交银增利债券D,债券型
023842,创金合信中证A500指数增强A,指数型
023843,创金合信中证A500指数增强C,指数型
023844,交银增利增强债券D,债券型
023845,大成丰财宝货币E,货币型
023846,诺德丰景90天持有债券A,债券型
023847,诺德丰景90天持有债券C,债券型
023848,宏利悦享30天持有债券A,债券型
023849,宏利悦享30天持有债券C,债券型
023850,富国富钱包货币C,货币型
023851,富国上证科创板新能源ETF发起式联接A,指数型
023852,富国上证科创板新能源ETF发起式联接C,指数型
023853,景顺长城量化精选股票C,股票型
023854,景顺长城沪港深领先科技股票C,股票型
023855,景顺长城量化小盘股票C,股票型
023856,景顺长城景骊成长混合C,混合型
023859,富国创业板50ETF发起式联接A,指数型
023860,富国创业板50ETF发起式联接C,指数型
023861,国投瑞银中证A500指数增强A,指数型
023862,国投瑞银中证A500指数增强C,指数型
023863,东财中证A500ETF联接A,指数型
023864,东财中证A500ETF联接C,指数型
023865,兴业中证A500ETF联接A,指数型
023866,兴业中证A500ETF联接C,指数型
023867,安信永利信用债券D,债券型
023868,华宝安盈混合C,混合型
023869,摩根中证A500指数增强A,指数型
023870,摩根中证A500指数增强C,指数型
023871,人保均衡智选混合A,混合型
023872,人保均衡智选混合C,混合型
023873,博时上证综合指数增强A,指数型
023874,博时上证综合指数增强C,指数型
023875,兴全合润混合C,混合型
023876,申万菱信中证A500ETF联接A,指数型
023877,申万菱信中证A500ETF联接C,指数型
023878,国联安增瑞政金债债券D,债券型
023879,浙商汇金中证A500指数A,指数型
023880,浙商汇金中证A500指数C,指数型
023881,兴全商业模式混合(LOF)C,混合型
023882,华夏创业板50ETF发起式联接A,指数型
023883,华夏创业板50ETF发起式联接C,指数型
023884,华夏中证金融科技主题ETF发起式联接A,指数型
023885,华夏中证金融科技主题ETF发起式联接C,指数型
023886,永赢北证50成份指数发起A,指数型
023887,永赢北证50成份指数发起C,指数型
023888,交银裕道纯债一年定期开放债券发起C,债券型
023889,国泰海通上证科创板综合价格指数增强A,指数型
023890,国泰海通上证科创板综合价格指数增强C,指数型
023891,博时上证科创板综合价格指数增强A,指数型
023892,博时上证科创板综合价格指数增强C,指数型
023893,大成上证科创板综合指数增强A,指数型
023894,大成上证科创板综合指数增强C,指数型
023895,天弘上证科创板综合指数增强A,指数型
023896,天弘上证科创板综合指数增强C,指数型
023897,华商上证科创板综合指数增强A,指数型
023898,华商上证科创板综合指数增强C,指数型
023899,富达港股通精选混合发起A,混合型
023900,富达港股通精选混合发起C,混合型
023901,博道上证科创板综合指数增强A,指数型
023902,博道上证科创板综合指数增强C,指数型
023903,国投瑞银上证科创板综合价格指数增强A,指数型
023904,国投瑞银上证科创板综合价格指数增强C,指数型
023905,中欧上证科创板综合指数A,指数型
023906,中欧上证科创板综合指数C,指数型
023907,富国全球健康生活主题混合(QDII)人民币C,QDII
023908,安信上证科创综指增强发起A,指数型
023909,安信上证科创综指增强发起C,指数型
023910,金信民兴债券E,债券型
023911,国联上证科创板综合指数增强A,指数型
023912,国联上证科创板综合指数增强C,指数型
023913,富国上证科创板综合价格指数增强A,指数型
023914,富国上证科创板综合价格指数增强C,指数型
023915,永赢价值发现慧选混合发起A,混合型
023917,华夏国证自由现金流ETF发起式联接A,指数型
023918,华夏国证自由现金流ETF发起式联接C,指数型
023919,国泰富时现金流ETF联接A,指数型
023920,国泰富时现金流ETF联接C,指数型
023921,联博智远混合A,混合型
023922,联博智远混合C,混合型
023924,国泰招享添利六个月持有混合发起E,混合型
023925,永赢价值发现慧选混合发起C,混合型
023926,鹏华上证科创板200ETF联接A,指数型
023927,鹏华上证科创板200ETF联接C,指数型
023928,中欧可转债债券E,债券型
023929,银华国证港股通创新药ETF发起式联接A,指数型
023930,银华国证港股通创新药ETF发起式联接C,指数型
023931,嘉实价值臻选混合C,混合型
023932,银华中证A500指数增强A,指数型
023933,银华中证A500指数增强C,指数型
023934,长城上证科创板综合指数A,指数型
023935,长城上证科创板综合指数C,指数型
023936,嘉实中债3-5年国开债指数D,指数型
023937,苏新上证科创综指增强A,指数型
023938,苏新上证科创综指增强C,指数型
023939,泉果研究精选混合A,混合型
023940,泉果研究精选混合C,混合型
023941,永赢上证科创板综合指数A,指数型
023942,永赢上证科创板综合指数C,指数型
023943,天弘安和平衡混合A,混合型
023944,天弘安和平衡混合C,混合型
023947,嘉实价值精选股票C,股票型
023948,银华品质消费股票C,股票型
023949,银河中证A500ETF联接A,指数型
023950,银河中证A500ETF联接C,指数型
023951,农银平衡价值混合A,混合型
023952,农银平衡价值混合C,混合型
023953,汇安嘉盈一年持有期债券E,债券型
023954,富国天瑞强势混合C,混合型
023955,国金安瑞平衡A,混合型
023956,国金安瑞平衡C,混合型
023957,景顺长城中证A500指数增强A,指数型
023958,景顺长城中证A500指数增强C,指数型
023959,渤海汇金鑫泉平衡混合发起A,混合型
023960,渤海汇金鑫泉平衡混合发起C,混合型
023961,金鹰稳进配置六个月持有混合发起(FOF)B,FOF
023962,金鹰稳进配置六个月持有混合发起(FOF)D,FOF
023963,金鹰优选配置三个月持有混合发起(FOF)B,FOF
023964,金鹰优选配置三个月持有混合发起(FOF)D,FOF
023965,中金中证A500指数增强B,指数型
023966,大成元辰招利债券D,债券型
023967,嘉实新消费股票C,股票型
023968,博时创业板50指数A,指数型
023969,博时创业板50指数C,指数型
023970,泰康上证科创板综合指数增强A,指数型
023971,泰康上证科创板综合指数增强C,指数型
023972,博时天颐债券E,债券型
023973,平安惠泽纯债C,债券型
023974,平安惠泽纯债E,债券型
023975,兴银中证全指公用事业指数发起A,指数型
023976,兴银中证全指公用事业指数发起C,指数型
023977,中欧优享债券E,债券型
023978,天弘安康颐睿一年持有混合D,混合型
023979,诺德华证价值优选50指数发起式A,指数型
023980,诺德华证价值优选50指数发起式C,指数型
023981,泰信中证A500指数增强A,指数型
023982,泰信中证A500指数增强C,指数型
023983,南方浩祥3个月持有债券发起(FOF)C,FOF
023984,广发添利货币D,货币型
023985,恒生前海恒利纯债E,债券型
023986,恒生前海恒悦纯债E,债券型
023987,恒生前海恒润纯债E,债券型
023988,恒生前海恒源昭利债券E,债券型
023989,博时上证科创板人工智能ETF发起式联接E,指数型
023990,博时上证科创板100ETF联接E,指数型
023991,华富恒利债券E,债券型
023992,前海开源可转债债券C,债券型
023993,东吴货币E,货币型
023994,中信保诚汇利债券A,债券型
023995,中信保诚汇利债券C,债券型
023996,博时丰庆纯债债券C,债券型
023997,平安鼎信债券D,债券型
023998,易方达上证科创板综合增强A,指数型
023999,易方达上证科创板综合增强C,指数型
024000,农银上证科创板50指数A,指数型
024001,农银上证科创板50指数C,指数型
024002,汇添富国证自由现金流ETF联接A,指数型
024003,汇添富国证自由现金流ETF联接C,指数型
024004,国联中证A50联接A,指数型
024005,国联中证A50联接C,指数型
024006,国投瑞银兴润6个月定期开放混合(FOF)A,FOF
024007,国投瑞银兴润6个月定期开放混合(FOF)C,FOF
024008,圆信永丰瑞盈债券E,债券型
024009,广发悦康三个月持有混合(FOF)A,FOF
024010,广发悦康三个月持有混合(FOF)C,FOF
024011,万家沪深300ETF联接A,指数型
024012,万家沪深300ETF联接C,指数型
024013,万家启诚平衡三个月持有期混合(FOF)A,FOF
024014,万家启诚平衡三个月持有期混合(FOF)C,FOF
024015,万家启尊价值三个月持有期混合发起式(FOF)A,FOF
024016,万家启尊价值三个月持有期混合发起式(FOF)C,FOF
024017,东海合益3个月定开债券发起式A,债券型
024018,东海合益3个月定开债券发起式C,债券型
024019,东海合益3个月定开债券发起式D,债券型
024020,华商创新成长混合发起式C,混合型
024021,中欧积极多元配置3个月持有混合(ETF-FOF)A,FOF
024022,中欧积极多元配置3个月持有混合(ETF-FOF)C,FOF
024023,申万菱信行业精选混合A,混合型
024024,申万菱信行业精选混合C,混合型
024025,国联安上证科创板综合指数增强A,指数型
024026,国联安上证科创板综合指数增强C,指数型
024027,招商均衡优选混合A,混合型
024028,招商均衡优选混合C,混合型
024029,招商恒生港股通高股息低波动ETF发起式联接A,指数型
024030,招商恒生港股通高股息低波动ETF发起式联接C,指数型
024033,嘉实上证科创板综合ETF联接A,指数型
024034,嘉实上证科创板综合ETF联接C,指数型
024035,中加智选回报三个月持有期债券(FOF)A,FOF
024036,中加智选回报三个月持有期债券(FOF)C,FOF
024037,银华港股科技30联接A,指数型
024038,银华港股科技30联接C,指数型
024039,银华港股科技30联接I,指数型
024040,光大阳光三个月持有期混合(FOF)A,FOF
024041,光大阳光三个月持有期混合(FOF)C,FOF
024042,富国恒生A股专精特新企业ETF发起式联接A,指数型
024043,富国恒生A股专精特新企业ETF发起式联接C,指数型
024044,东方红港股通价值优选混合发起A,混合型
024045,东方红港股通价值优选混合发起C,混合型
024046,富国致享量化选股股票A,股票型
024047,富国致享量化选股股票C,股票型
024048,东方红盈丰稳健6个月持有混合(FOF)A,FOF
024049,东方红盈丰稳健6个月持有混合(FOF)C,FOF
024050,华宝中证信息技术应用创新产业ETF发起式联接A,指数型
024051,华宝中证信息技术应用创新产业ETF发起式联接C,指数型
024052,工银科技先锋混合发起式A,混合型
024053,工银科技先锋混合发起式C,混合型
024054,大成睿浦智选三个月持有混合发起式(FOF),FOF
024055,大成恒生医疗保健ETF发起式联接(QDII)A,指数型
024056,大成恒生医疗保健ETF发起式联接(QDII)C,指数型
024057,宏利鼎森稳健3个月持有混合(FOF)A,FOF
024058,宏利鼎森稳健3个月持有混合(FOF)C,FOF
024059,汇添富中证光伏产业ETF发起式联接A,指数型
024060,汇添富中证光伏产业ETF发起式联接C,指数型
024061,汇添富行业轮动90天持有混合发起(FOF)A,FOF
024062,汇添富行业轮动90天持有混合发起(FOF)C,FOF
024063,汇添富创业板ETF联接A,指数型
024064,汇添富创业板ETF联接C,指数型
024065,华宝新活力混合I,混合型
024066,金鹰稳利配置三个月持有债券发起(FOF)B,FOF
024067,金鹰稳利配置三个月持有债券发起(FOF)D,FOF
024068,海富通新内需混合D,混合型
024069,上银中证半导体产业指数发起式A,指数型
024070,上银中证半导体产业指数发起式C,指数型
024071,上银创业板50指数发起式A,指数型
024072,上银创业板50指数发起式C,指数型
024073,上银国证自由现金流指数A,指数型
024074,上银国证自由现金流指数C,指数型
024075,长盛中证A500指数增强A,指数型
024076,长盛中证A500指数增强C,指数型
024077,南方希元可转债债券D,债券型
024078,长城国证自由现金流ETF联接A,指数型
024079,长城国证自由现金流ETF联接C,指数型
024080,安信长鑫增强债券D,债券型
024081,国联稳健添益债券A,债券型
024082,国联稳健添益债券C,债券型
024083,浦银安盛科创板综合指数增强A,指数型
024084,浦银安盛科创板综合指数增强C,指数型
024085,兴业上证科创板综合价格ETF联接A,指数型
024086,兴业上证科创板综合价格ETF联接C,指数型
024087,百嘉科技创新混合A,混合型
024088,百嘉科技创新混合C,混合型
024089,银华钰丰债券A,债券型
024090,银华钰丰债券C,债券型
024091,中金中证1000指数增强发起B,指数型
024092,国金安和债券A,债券型
024093,国金安和债券C,债券型
024094,圆信永丰强化收益E,债券型
024095,国寿安保尊兴增强回报债券A,债券型
024096,国寿安保尊兴增强回报债券C,债券型
024097,东海锐安短债债券型发起式A,债券型
024098,东海锐安短债债券型发起式C,债券型
024100,东海润兴债券A,债券型
024101,东海润兴债券C,债券型
024102,浙商汇金锦利增强30天持有期债券A,债券型
024103,浙商汇金锦利增强30天持有期债券C,债券型
024104,鑫元诚鑫添益债券A,债券型
024105,鑫元诚鑫添益债券C,债券型
024106,万家裕利债券A,债券型
024107,万家裕利债券C,债券型
024108,中邮核心成长混合C,混合型
024109,金鹰添裕纯债债券D,债券型
024110,融通增元债券A,债券型
024111,融通增元债券C,债券型
024112,华富富源三个月持有期债券A,债券型
024113,华富富源三个月持有期债券C,债券型
024114,泓德丰泽混合(LOF)C,混合型
024115,海富通添合收益债券A,债券型
024116,海富通添合收益债券C,债券型
024117,中欧国证自由现金流指数A,指数型
024118,中欧国证自由现金流指数C,指数型
024120,中邮核心主题混合C,混合型
024123,华富安顺一年持有期债券A,债券型
024124,华富安顺一年持有期债券C,债券型
024125,华富安顺一年持有期债券D,债券型
024126,太平嘉裕债券A,债券型
024127,太平嘉裕债券C,债券型
024128,宏利嘉利债券A,债券型
024129,宏利嘉利债券C,债券型
024130,长盛元赢六个月定开债券,债券型
024131,兴银颐福保守养老目标一年持有混合发起(FOF),FOF
024132,鹏扬合利债券A,债券型
024133,鹏扬合利债券C,债券型
024134,鹏扬合利债券D,债券型
024135,中泰双益债券A,债券型
024136,中泰双益债券C,债券型
024137,中加聚享昭利120天持有债券A,债券型
024138,中加聚享昭利120天持有债券C,债券型
024139,鹏华上证180ETF发起式联接I,指数型
024140,鹏华恒生港股通高股息率指数发起式I,指数型
024141,鹏华上证科创综合ETF联接I,指数型
024142,南方深证100ETF联接A,指数型
024143,南方深证100ETF联接C,指数型
024144,华夏中证港股通汽车产业主题ETF发起式联接A,指数型
024145,华夏中证港股通汽车产业主题ETF发起式联接C,指数型
024146,富国深证100ETF联接A,指数型
024147,富国深证100ETF联接C,指数型
024148,长城恒生科技指数(QDII)A,指数型
024149,长城恒生科技指数(QDII)C,指数型
024150,长城丰泽债券A,债券型
024151,长城丰泽债券C,债券型
024152,万家稳健增利债券D,债券型
024153,华安消费机遇股票发起式A,股票型
024154,华安消费机遇股票发起式C,股票型
024155,长盛元赢30天持有债券A,债券型
024156,长盛元赢30天持有债券C,债券型
024157,鹏华上证科创板新能源ETF发起式联接I,指数型
024158,鹏华沪深300指数量化增强I,指数型
024159,大成港股通机遇混合A,混合型
024160,大成港股通机遇混合C,混合型
024161,大成北证50成份指数发起式A,指数型
024162,大成北证50成份指数发起式C,指数型
024163,上银中债1-3年农发行债券指数C,指数型
024164,泰康招享混合D,混合型
024165,泰康稳健双利债券D,债券型
024166,西部利得恒生科技指数(QDII)A,指数型
024167,西部利得恒生科技指数(QDII)C,指数型
024168,信澳蓝筹精选股票C,股票型
024169,信澳先进智造股票型C,股票型
024170,信澳新能源产业股票C,股票型
024171,信澳医药健康混合C,混合型
024172,信澳中小盘混合C,混合型
024173,信澳红利回报混合C,混合型
024174,东财上证科创板综指ETF联接A,指数型
024175,中欧大盘价值混合A,混合型
024176,中欧大盘价值混合C,混合型
024177,兴全天添益货币C,货币型
024178,博时裕顺纯债债券C,债券型
024179,富国中证500ETF发起式联接A,指数型
024180,富国中证500ETF发起式联接C,指数型
024181,泰信双息双利债券A,债券型
024182,兴银上证科创板综合指数增强发起A,指数型
024183,兴银上证科创板综合指数增强发起C,指数型
024184,鹏华国证钢铁行业指数(LOF)I,指数型
024185,东财上证科创板综指ETF联接C,指数型
024186,博时沪深300指数I,指数型
024187,信澳消费优选混合C,混合型
024188,富国均衡投资混合,混合型
024189,华泰柏瑞恒生消费ETF发起式联接A,指数型
024190,华泰柏瑞恒生消费ETF发起式联接C,指数型
024191,长信先锐混合E,混合型
024192,国投瑞银中证全指公用事业ETF发起式联接A,指数型
024193,国投瑞银中证全指公用事业ETF发起式联接C,指数型
024194,永赢国证商用卫星通信产业ETF发起联接A,指数型
024195,永赢国证商用卫星通信产业ETF发起联接C,指数型
024196,中金消费升级股票C,股票型
024199,中邮中证同业存单AAA指数7天持有,指数型
024202,永赢制造升级智选混合发起A,混合型
024203,永赢制造升级智选混合发起C,混合型
024205,华夏卓享债券D,债券型
024206,长信利鑫债券(LOF)E,债券型
024207,信澳产业升级混合C,混合型
024208,创金合信创和一个月滚动持有债券A,债券型
024209,创金合信创和一个月滚动持有债券C,债券型
024210,建信鑫稳回报灵活配置混合D,混合型
024211,建信鑫稳回报灵活配置混合F,混合型
024212,嘉实稳固收益债券D,债券型
024213,嘉实稳宏债券D,债券型
024214,华安优势领航混合A,混合型
024215,华安优势领航混合C,混合型
024216,汇泉安瑞回报债券A,债券型
024217,汇泉安瑞回报债券C,债券型
024218,融通中证诚通央企红利ETF联接A,指数型
024219,融通中证诚通央企红利ETF联接C,指数型
024220,汇安中证红利低波动100指数A,指数型
024221,汇安中证红利低波动100指数C,指数型
024222,汇安质选增利债券A,债券型
024223,汇安质选增利债券C,债券型
024224,国新国证新锐C,混合型
024225,长城沪深300自由现金流指数A,指数型
024226,长城沪深300自由现金流指数C,指数型
024227,东方红中证港股通高股息投资指数A,指数型
024228,东方红中证港股通高股息投资指数C,指数型
024229,国新国证新利混合C,混合型
024230,中金现金管家货币D,货币型
024231,人保中证A50指数增强A,指数型
024232,人保中证A50指数增强C,指数型
024233,国泰多策略收益灵活配置混合E,混合型
024234,南方中债0-5年中高等级江苏省城投类债券指数D,指数型
024235,南方沪港深核心优势混合C,混合型
024237,博时纳斯达克100ETF发起式联接(QDII)I人民币,指数型
024238,信澳新财富混合C,混合型
024239,华夏全球科技先锋混合(QDII)C,QDII
024240,华夏智胜优选混合发起式D,混合型
024241,鹏华空天军工指数(LOF)I,指数型
024242,鹏华中证A股资源产业指数(LOF)I,指数型
024243,鹏华恒生中国央企ETF发起式联接I,指数型
024244,鹏华北证50成份指数发起式I,指数型
024245,广发上证科创板人工智能ETF发起式联接A,指数型
024246,广发上证科创板人工智能ETF发起式联接C,指数型
024247,工银中证港股通高股息精选ETF联接A,指数型
024248,工银中证港股通高股息精选ETF联接C,指数型
024249,景顺长城上证科创板综合指数增强A,指数型
024250,景顺长城上证科创板综合指数增强C,指数型
024251,工银尊利中短债债券D,债券型
024252,申万菱信中证红利指数A,指数型
024253,申万菱信中证红利指数C,指数型
024254,国联中证800指数增强A,指数型
024255,国联中证800指数增强C,指数型
024256,宏利消费红利指数I,指数型
024257,宏利新起点混合C,混合型
024258,鑫元中证800红利低波动ETF联接I,指数型
024259,大成景兴信用债债券D,债券型
024260,长信汇智量化选股混合E,混合型
024261,中邮先进制造混合发起式A,混合型
024262,中邮先进制造混合发起式C,混合型
024263,华夏中证红利质量ETF发起式联接D,指数型
024264,惠升中债7-10年政金债指数C,指数型
024265,天弘价值驱动混合D,混合型
024266,融通中证诚通央企ESGETF联接A,指数型
024267,融通中证诚通央企ESGETF联接C,指数型
024268,长信均衡优选混合E,混合型
024269,泰康安泽中短债E,债券型
024270,诺安策略精选股票C,股票型
024271,恒生前海瑞丰混合A,混合型
024272,恒生前海瑞丰混合C,混合型
024273,华夏中证农业主题ETF发起式联接D,指数型
024274,东兴中证A500指数增强A,指数型
024275,东兴中证A500指数增强C,指数型
024276,汇添富养老目标日期2060五年持有混合发起式(FOF),FOF
024277,国泰利惠90天滚动持有债券A,债券型
024278,国泰利惠90天滚动持有债券C,债券型
024279,招商金睿90天持有期债券A,债券型
024280,招商金睿90天持有期债券C,债券型
024281,景顺长城安悦180天持有期债券A,债券型
024282,景顺长城安悦180天持有期债券C,债券型
024283,摩根货币D,货币型
024284,易方达安如30天持有债券A,债券型
024285,易方达安如30天持有债券C,债券型
024286,泰康悦享180天持有期债券A,债券型
024287,泰康悦享180天持有期债券C,债券型
024288,兴业福盛债券A,债券型
024289,兴业福盛债券C,债券型
024290,中航月月鑫30天持有期债券A,债券型
024291,中航月月鑫30天持有期债券C,债券型
024292,华泰紫金多元均衡三个月持有(FOF)A,FOF
024293,华泰紫金多元均衡三个月持有(FOF)C,FOF
024294,创金合信恒鑫60天滚动持有债券A,债券型
024295,创金合信恒鑫60天滚动持有债券C,债券型
024296,华夏6个月持有债券A,债券型
024297,华夏6个月持有债券C,债券型
024298,浦银安盛中证A500ETF联接A,指数型
024299,浦银安盛中证A500ETF联接C,指数型
024300,交银120天滚动持有债券A,债券型
024301,交银120天滚动持有债券C,债券型
024302,中加聚诚纯债债券A,债券型
024303,财通资管鸿曜90天持有债券A,债券型
024304,财通资管鸿曜90天持有债券C,债券型
024305,华宝安元债券D,债券型
024306,兴业兴和盛债券A,债券型
024307,兴业兴和盛债券C,债券型
024308,东财30天滚动持有债券发起式A,债券型
024309,东财30天滚动持有债券发起式C,债券型
024310,长江乐享货币D,货币型
024311,工银养老目标2060五年持有混合发起(FOF)Y,FOF
024312,易方达汇享保守养老一年持有混合(FOF)Y,FOF
024313,华商沪深300指数增强A,指数型
024314,华商沪深300指数增强C,指数型
024315,南方中证全指家用电器指数发起A,指数型
024316,南方中证全指家用电器指数发起C,指数型
024317,前海开源研究驱动混合A,混合型
024318,前海开源研究驱动混合C,混合型
024319,永赢新兴产业智选混合发起A,混合型
024320,永赢新兴产业智选混合发起C,混合型
024323,光大添利30天滚动持有债券A,债券型
024324,光大添利30天滚动持有债券C,债券型
024325,博时月月兴30天持有期债券E,债券型
024326,农银中证800自由现金流指数A,指数型
024327,农银中证800自由现金流指数C,指数型
024328,易方达恒生港股通创新药ETF联接发起式A,指数型
024329,易方达恒生港股通创新药ETF联接发起式C,指数型
024330,华夏资源精选混合发起式A,混合型
024331,华夏资源精选混合发起式C,混合型
024332,招商中证500增强策略ETF发起式联接A,指数型
024333,招商中证500增强策略ETF发起式联接C,指数型
024334,华安盈安稳健优选3个月持有债券(FOF)E,FOF
024335,建信宁扬60天持有期债券A,债券型
024336,建信宁扬60天持有期债券C,债券型
024337,财通中证A500指数增强A,指数型
024338,财通中证A500指数增强C,指数型
024339,招商资管中债1-5年政策性金融债指数A,指数型
024340,招商资管中债1-5年政策性金融债指数C,指数型
024341,银华中债1-3年农发行债券指数D,指数型
024343,东方臻萃3个月定开债券D,债券型
024344,汇添富创新医药混合C,混合型
024345,浙商汇金上证科创板综合指数A,指数型
024346,浙商汇金上证科创板综合指数C,指数型
024347,金信民达纯债E,债券型
024348,中欧国证通用航空产业指数发起A,指数型
024349,中欧国证通用航空产业指数发起C,指数型
024350,建信上证智选科创板创新价值ETF联接A,指数型
024351,建信上证智选科创板创新价值ETF联接C,指数型
024352,长江中证A500指数增强发起A,指数型
024353,长江中证A500指数增强发起C,指数型
024354,国泰红利智选混合A,混合型
024355,国泰红利智选混合C,混合型
024356,国泰启明回报混合,混合型
024357,东方阿尔法健康产业混合发起A,混合型
024358,东方阿尔法健康产业混合发起C,混合型
024359,中欧上证科创板综合指数增强A,指数型
024360,中欧上证科创板综合指数增强C,指数型
024361,中欧红利慧选混合发起A,混合型
024362,中欧红利慧选混合发起C,混合型
024363,华富中证港股通创新药指数型发起式A,指数型
024364,华富中证港股通创新药指数型发起式C,指数型
024365,华富华证沪深港汽车制造主题指数型发起式A,指数型
024366,华富华证沪深港汽车制造主题指数型发起式C,指数型
024367,华宝沪深300自由现金流ETF联接A,指数型
024368,华宝沪深300自由现金流ETF联接C,指数型
024369,天弘富时自由现金流指数A,指数型
024370,天弘富时自由现金流指数C,指数型
024371,天弘中证港股通央企红利ETF联接A,指数型
024372,天弘中证港股通央企红利ETF联接C,指数型
024373,招商消费悦享混合发起式A,混合型
024374,招商消费悦享混合发起式C,混合型
024375,南方中证A500指数增强A,指数型
024376,南方中证A500指数增强C,指数型
024377,易方达科智量化选股股票发起式A,股票型
024378,易方达科智量化选股股票发起式C,股票型
024379,平安港股通医疗创新精选混合A,混合型
024380,平安港股通医疗创新精选混合C,混合型
024381,广发中证港股通汽车ETF发起式联接A,指数型
024382,广发中证港股通汽车ETF发起式联接C,指数型
024383,万家上证50ETF发起式联接A,指数型
024384,万家上证50ETF发起式联接C,指数型
024385,国金红利量化选股混合A,混合型
024386,国金红利量化选股混合C,混合型
024387,华安沣信债券E,债券型
024388,中航智选领航混合发起A,混合型
024389,中航智选领航混合发起C,混合型
024390,中信建投上证科创板综合指数增强A,指数型
024391,中信建投上证科创板综合指数增强C,指数型
024392,民生加银中债3-5年政金债指数C,指数型
024393,永赢恒生消费指数发起(QDII)A,指数型
024394,永赢恒生消费指数发起(QDII)C,指数型
024395,银华兴盛股票C,股票型
024396,东兴产业升级混合发起A,混合型
024397,东兴产业升级混合发起C,混合型
024398,浦银安盛港股通央企红利混合A,混合型
024399,浦银安盛港股通央企红利混合C,混合型
024400,国投瑞银中证全指自由现金流指数发起式A,指数型
024401,国投瑞银中证全指自由现金流指数发起式C,指数型
024402,渤海汇金中证全指自由现金流指数发起A,指数型
024403,渤海汇金中证全指自由现金流指数发起C,指数型
024404,兴银聚丰债券C,债券型
024405,兴银聚丰债券E,债券型
024406,大成洞察优势混合,混合型
024407,鑫元中证港股通创新药指数发起式A,指数型
024408,鑫元中证港股通创新药指数发起式C,指数型
024409,鑫元科创AI指数发起式A,指数型
024410,鑫元科创AI指数发起式C,指数型
024411,华夏上证科创板人工智能ETF联接A,指数型
024412,华夏上证科创板人工智能ETF联接C,指数型
024413,中欧核心价值混合发起A,混合型
024414,中欧核心价值混合发起C,混合型
024415,长信沪深300指数量化增强A,指数型
024416,长信沪深300指数量化增强C,指数型
024417,华夏上证科创板半导体材料设备主题ETF发起式联接A,指数型
024418,华夏上证科创板半导体材料设备主题ETF发起式联接C,指数型
024419,华夏创业板新能源ETF发起式联接A,指数型
024420,华夏创业板新能源ETF发起式联接C,指数型
024421,华夏信选混合A,混合型
024422,华夏信选混合C,混合型
024423,东方阿尔法科技优选混合发起A,混合型
024424,东方阿尔法科技优选混合发起C,混合型
024425,南方稳航120天滚动持有债券A,债券型
024426,南方稳航120天滚动持有债券C,债券型
024427,中欧价值领航混合,混合型
024428,鹏华畅享债券D,债券型
024429,东方红核心价值混合A,混合型
024430,东方红核心价值混合C,混合型
024431,富国均衡配置混合A,混合型
024432,富国均衡配置混合C,混合型
024433,嘉实成长共赢混合A,混合型
024434,嘉实成长共赢混合C,混合型
024435,天弘品质价值混合A,混合型
024436,天弘品质价值混合C,混合型
024437,华安竞争优势混合A,混合型
024438,华安竞争优势混合C,混合型
024439,交银瑞安混合A,混合型
024440,交银瑞安混合C,混合型
024441,汇添富均衡潜力优选混合A,混合型
024442,汇添富均衡潜力优选混合C,混合型
024443,华夏瑞享回报混合A,混合型
024444,华夏瑞享回报混合C,混合型
024445,工银泓裕回报混合,混合型
024446,中欧大盘智选混合发起A,混合型
024447,中欧大盘智选混合发起C,混合型
024448,广发价值稳进混合A,混合型
024449,广发价值稳进混合C,混合型
024450,易方达成长进取混合A,混合型
024451,易方达成长进取混合C,混合型
024452,博时卓睿成长股票A,股票型
024453,博时卓睿成长股票C,股票型
024454,景顺长城成长同行混合,混合型
024455,银华成长智选混合A,混合型
024456,银华成长智选混合C,混合型
024457,安信价值共赢混合A,混合型
024458,安信价值共赢混合C,混合型
024459,华商致远回报混合A,混合型
024460,华商致远回报混合C,混合型
024461,宏利睿智领航混合A,混合型
024462,南方瑞享混合A,混合型
024463,南方瑞享混合C,混合型
024464,招商价值严选混合,混合型
024465,万家新机遇同享混合A,混合型
024466,万家新机遇同享混合C,混合型
024467,鹏华共赢未来混合A,混合型
024468,鹏华共赢未来混合C,混合型
024469,大成至臻回报混合A,混合型
024470,大成至臻回报混合C,混合型
024471,平安价值优享混合A,混合型
024472,平安价值优享混合C,混合型
024473,信澳优势行业混合A,混合型
024474,兴全合熙混合A,混合型
024475,兴全合熙混合C,混合型
024476,南华科技创新混合发起A,混合型
024477,南华科技创新混合发起C,混合型
024478,鑫元创业AI指数发起式A,指数型
024479,鑫元创业AI指数发起式C,指数型
024480,财通品质甄选混合A,混合型
024481,财通品质甄选混合C,混合型
024482,嘉合磐恒债券D,债券型
024483,东吴裕盈平衡混合A,混合型
024484,东吴裕盈平衡混合C,混合型
024485,东吴裕盈平衡混合D,混合型
024486,东吴裕盈平衡混合E,混合型
024487,东吴裕盈平衡混合F,混合型
024488,东吴中短债债券发起A,债券型
024489,东吴中短债债券发起B,债券型
024490,东吴中短债债券发起C,债券型
024491,平安中证A50ETF联接E,指数型
024492,平安创业板ETF联接E,指数型
024493,平安元亨120天持有债券(FOF)A,FOF
024494,平安元亨120天持有债券(FOF)C,FOF
024495,平安盈轩90天持有债券(ETF-FOF)A,FOF
024496,平安盈轩90天持有债券(ETF-FOF)C,FOF
024497,鑫元华证沪深港红利50指数I,指数型
024498,宏利睿智领航混合C,混合型
024499,兴华景和混合发起A,混合型
024500,兴华景和混合发起C,混合型
024501,招商科技智选混合发起式A,混合型
024502,招商科技智选混合发起式C,混合型
024503,东兴安盈宝C,货币型
024504,平安中证新能车ETF联接E,指数型
024505,国联恒鑫纯债B,债券型
024506,长城睿达多元稳健3个月持有混合发起(FOF)A,FOF
024507,长城睿达多元稳健3个月持有混合发起(FOF)C,FOF
024508,中信保诚至泰中短债D,债券型
024509,泓德上证科创板综合指数增强A,指数型
024510,泓德上证科创板综合指数增强C,指数型
024511,广发恒荣三个月持有期混合E,混合型
024514,大成丰财宝货币D,货币型
024515,海富通瑞泽90天持有债券发起A,债券型
024516,海富通瑞泽90天持有债券发起C,债券型
024517,海富通聚益优选三个月持有债券(FOF)A,FOF
024518,海富通聚益优选三个月持有债券(FOF)C,FOF
024519,华安上海清算所0-5年政金债指数A,指数型
024520,华安上海清算所0-5年政金债指数C,指数型
024521,财通聚元平衡3个月持有期混合发起(FOF)A,FOF
024522,财通聚元平衡3个月持有期混合发起(FOF)C,FOF
024523,国联安双月鑫60天滚动持有债券A,债券型
024524,国联安双月鑫60天滚动持有债券C,债券型
024525,鑫元安鑫宝D,货币型
024526,路博迈旭航债券A,债券型
024527,路博迈旭航债券C,债券型
024528,工银稳健添益债券A,债券型
024529,工银稳健添益债券C,债券型
024530,万家稳康30天持有期债券A,债券型
024531,万家稳康30天持有期债券C,债券型
024532,鑫元鑫选积极配置3个月持有期混合发起式(FOF)A,FOF
024533,鑫元鑫选积极配置3个月持有期混合发起式(FOF)C,FOF
024534,平安港股通科技精选混合A,混合型
024535,平安港股通科技精选混合C,混合型
024536,招商添渝6个月持有期纯债A,债券型
024537,招商添渝6个月持有期纯债C,债券型
024538,天弘中债投资级公司信用债精选指数发起A,指数型
024539,天弘中债投资级公司信用债精选指数发起C,指数型
024540,英大安瑞6个月定开债券A,债券型
024541,英大安瑞6个月定开债券C,债券型
024542,平安中证汽车零部件主题ETF联接E,指数型
024543,平安MSCI中国A股国际ETF联接E,指数型
024544,平安中证港股医药ETF联接E,指数型
024545,平安富时中国国企开放共赢ETF联接E,指数型
024546,平安300ETF联接E,指数型
024550,上银慧景利60天滚动持有债券A,债券型
024551,上银慧景利60天滚动持有债券C,债券型
024552,财通安盛90天滚动持有债券A,债券型
024553,财通安盛90天滚动持有债券C,债券型
024554,财通安盛90天滚动持有债券E,债券型
024555,博时富宁纯债债券C,债券型
024556,平安500ETF联接E,指数型
024557,平安中证消费电子主题ETF发起式联接E,指数型
024558,平安鑫享混合D,混合型
024559,鑫元鸿利E,债券型
024560,华宝上证科创板人工智能ETF发起式联接A,指数型
024561,华宝上证科创板人工智能ETF发起式联接C,指数型
024562,鹏扬淳华债券A,债券型
024563,鹏扬淳华债券C,债券型
024564,易方达中证红利价值ETF联接A,指数型
024565,易方达中证红利价值ETF联接C,指数型
024566,易方达国证自由现金流ETF联接A,指数型
024567,易方达国证自由现金流ETF联接C,指数型
024568,财通资管通达稳鑫3个月持有债券型(FOF)A,FOF
024569,财通资管通达稳鑫3个月持有债券型(FOF)C,FOF
024570,银华国证自由现金流ETF联接A,指数型
024571,银华国证自由现金流ETF联接C,指数型
024574,嘉实国证自由现金流ETF联接A,指数型
024575,嘉实国证自由现金流ETF联接C,指数型
024576,永赢沪深300指数增强A,指数型
024577,永赢沪深300指数增强C,指数型
024578,万家中证800自由现金流ETF联接A,指数型
024579,万家中证800自由现金流ETF联接C,指数型
024580,宏利活期友货币F,货币型
024581,宏利京元宝货币F,货币型
024582,汇添富稳惠6个月持有债券A,债券型
024583,汇添富稳惠6个月持有债券C,债券型
024584,华泰保兴上证科创板综合指数增强发起A,指数型
024585,华泰保兴上证科创板综合指数增强发起C,指数型
024586,中信建投稳鑫30天持有期债券A,债券型
024587,中信建投稳鑫30天持有期债券C,债券型
024588,人保鑫利债券E,债券型
024589,宏利货币F,货币型
024590,中欧港股通机遇混合发起A,混合型
024591,中欧港股通机遇混合发起C,混合型
024592,圆信永丰科技驱动混合发起A,混合型
024593,圆信永丰科技驱动混合发起C,混合型
024594,财通华晟量化选股混合A,混合型
024595,财通华晟量化选股混合C,混合型
024596,财通成长量化选股混合A,混合型
024597,财通成长量化选股混合C,混合型
024598,兴业医疗创新混合发起式A,混合型
024599,兴业医疗创新混合发起式C,混合型
024600,招商资管中证机器人指数发起A,指数型
024601,招商资管中证机器人指数发起C,指数型
024602,方正富邦中证全指自由现金流ETF联接A,指数型
024603,方正富邦中证全指自由现金流ETF联接C,指数型
024604,大成景悦中短债D,债券型
024605,前海开源上证科创板50成份指数A,指数型
024606,前海开源上证科创板50成份指数C,指数型
024607,兴业中债1-3政策性金融债D,指数型
024608,上银新兴价值成长混合C,混合型
024609,平安上证180ETF联接E,指数型
024610,平安中证人工智能主题ETF发起式联接E,指数型
024611,平安上证红利低波动指数E,指数型
024612,鑫元裕利D,债券型
024613,摩根沪深300自由现金流ETF联接A,指数型
024614,摩根沪深300自由现金流ETF联接C,指数型
024615,天弘稳健回报债券发起D,债券型
024616,大成中证全指自由现金流ETF发起式联接A,指数型
024617,大成中证全指自由现金流ETF发起式联接C,指数型
024618,平安中证光伏产业指数E,指数型
024619,嘉实中证机器人ETF发起联接A,指数型
024620,嘉实中证机器人ETF发起联接C,指数型
024621,华泰柏瑞锦华债券D,债券型
024622,华泰柏瑞中证全指自由现金流ETF联接A,指数型
024623,华泰柏瑞中证全指自由现金流ETF联接C,指数型
024624,苏新中证800自由现金流指数A,指数型
024625,苏新中证800自由现金流指数C,指数型
024626,华富沪深300指数增强A,指数型
024627,华富沪深300指数增强C,指数型
024628,华夏房地产ETF联接D,指数型
024629,华夏中证新能源汽车ETF发起式联接D,指数型
024630,兴银中证红利低波动指数发起A,指数型
024631,兴银中证红利低波动指数发起C,指数型
024632,中欧消费精选混合发起A,混合型
024633,中欧消费精选混合发起C,混合型
024634,招商上证科创板综合价格指数增强发起式A,指数型
024635,招商上证科创板综合价格指数增强发起式C,指数型
024636,招商沪深300增强策略ETF发起式联接A,指数型
024637,招商沪深300增强策略ETF发起式联接C,指数型
024638,永赢汇达6个月持有混合A,混合型
024639,永赢汇达6个月持有混合C,混合型
024640,中欧化工产业混合发起A,混合型
024641,中欧化工产业混合发起C,混合型
024642,华夏中证银行ETF联接D,指数型
024643,华夏食品饮料ETF联接D,指数型
024644,银河家盈债券C,债券型
024645,平安瑞和6个月持有混合A,混合型
024646,平安瑞和6个月持有混合C,混合型
024647,中欧制造升级混合发起A,混合型
024648,中欧制造升级混合发起C,混合型
024649,建信利率债债券C,债券型
024650,前海开源中证A500指数增强A,指数型
024651,前海开源中证A500指数增强C,指数型
024652,汇添富稳安三个月持有债券D,债券型
024655,鹏华中证800自由现金流ETF联接A,指数型
024656,鹏华中证800自由现金流ETF联接C,指数型
024657,鹏华中证800自由现金流ETF联接I,指数型
024658,国联价值均衡混合A,混合型
024659,国联价值均衡混合C,混合型
024660,建信稳定鑫利债券E,债券型
024661,国联鑫价值混合B,混合型
024662,富国创业板人工智能ETF发起式联接A,指数型
024663,富国创业板人工智能ETF发起式联接C,指数型
024665,上银上证科创板综合指数增强发起式A,指数型
024666,上银上证科创板综合指数增强发起式C,指数型
024667,富安达优势成长混合C,混合型
024668,中银欣享利率债债券C,债券型
024669,华商中证800指数增强A,指数型
024670,华商中证800指数增强C,指数型
024671,泰康安惠纯债债券D,债券型
024672,永赢价值回报混合A,混合型
024673,永赢价值回报混合C,混合型
024674,兴合景气智选混合发起式A,混合型
024675,兴合景气智选混合发起式C,混合型
024676,万家多元价值混合发起式A,混合型
024677,万家多元价值混合发起式C,混合型
024678,东海产业优选混合发起式A,混合型
024679,东海产业优选混合发起式C,混合型
024680,东海产业优选混合发起式D,混合型
024681,中信建投凤凰货币D,货币型
024682,民生加银成长优选股票C,股票型
024683,东海价值臻选混合A,混合型
024684,东海价值臻选混合C,混合型
024685,东海价值臻选混合D,混合型
024686,东海价值臻选混合E,混合型
024687,东海产业优选混合发起式E,混合型
024688,富国国证通用航空产业ETF发起式联接A,指数型
024689,富国国证通用航空产业ETF发起式联接C,指数型
024690,民生加银中债1-3年农发债指数C,指数型
024691,鑫元新兴产业睿选混合发起式A,混合型
024692,鑫元新兴产业睿选混合发起式C,混合型
024693,鑫元消费睿选混合发起式A,混合型
024694,鑫元消费睿选混合发起式C,混合型
024695,摩根盈元稳健三个月持有期混合(FOF)A,FOF
024696,摩根盈元稳健三个月持有期混合(FOF)C,FOF
024697,华夏信远一年持有混合A,混合型
024698,华夏信远一年持有混合B,混合型
024699,华夏信远一年持有混合C,混合型
024700,嘉实中证港股通创新药ETF发起联接A,指数型
024701,嘉实中证港股通创新药ETF发起联接C,指数型
024702,嘉实中证港股通汽车产业主题指数发起式A,指数型
024703,嘉实中证港股通汽车产业主题指数发起式C,指数型
024704,中银增利债券D,债券型
024705,嘉实中证港股通高股息投资ETF发起联接A,指数型
024706,嘉实中证港股通高股息投资ETF发起联接C,指数型
024707,中金恒瑞债券A,债券型
024708,中金恒瑞债券C,债券型
024709,中金精选股票A,股票型
024710,中金精选股票C,股票型
024711,中金新锐股票A,股票型
024712,中金新锐股票C,股票型
024713,博时国证大盘价值ETF联接A,指数型
024714,博时国证大盘价值ETF联接C,指数型
024715,大成中证800指数增强发起式A,指数型
024716,大成中证800指数增强发起式C,指数型
024717,汇安成长领航混合A,混合型
024718,汇安成长领航混合C,混合型
024719,新华中证同业存单AAA指数7天持有,指数型
024720,中银中高等级债券D,债券型
024721,兴业丰利债券C,债券型
024722,兴业丰泰债券C,债券型
024723,金鹰添瑞中短债E,债券型
024724,山证资管日日添利货币E,货币型
024725,南方创业板人工智能ETF联接A,指数型
024726,南方创业板人工智能ETF联接C,指数型
024727,工银臻选回报混合,混合型
024728,信澳中证同业存单AAA指数7天持有期,指数型
024729,兴业先进制造混合发起式A,混合型
024730,兴业先进制造混合发起式C,混合型
024731,富国双利增强债券E,债券型
024732,鹏华上证科创板生物医药ETF发起式联接A,指数型
024733,鹏华上证科创板生物医药ETF发起式联接C,指数型
024734,鹏华上证科创板生物医药ETF发起式联接I,指数型
024735,永赢港股通科技智选混合发起A,混合型
024736,永赢港股通科技智选混合发起C,混合型
024737,永赢新材料智选混合发起A,混合型
024738,永赢新材料智选混合发起C,混合型
024739,华泰柏瑞中证港股通科技ETF发起式联接A,指数型
024740,华泰柏瑞中证港股通科技ETF发起式联接C,指数型
024741,人保上证科创板综合指数增强A,指数型
024742,人保上证科创板综合指数增强C,指数型
024743,浦银安盛北证50成份指数A,指数型
024744,浦银安盛北证50成份指数C,指数型
024745,汇添富中证800自由现金流ETF联接A,指数型
024746,汇添富中证800自由现金流ETF联接C,指数型
024747,兴全欣越混合D,混合型
024748,博时中证卫星产业指数A,指数型
024749,博时中证卫星产业指数C,指数型
024750,兴业上证科创板人工智能指数A,指数型
024751,兴业上证科创板人工智能指数C,指数型
024752,华宝上证科创板综合指数增强A,指数型
024753,华宝上证科创板综合指数增强C,指数型
024754,天弘港股红利高股息指数E,指数型
024755,招商安弘灵活配置混合C,混合型
024756,国联安安泰灵活配置混合C,混合型
024757,广发智荟多元配置六个月持有混合(FOF)A,FOF
024758,广发智荟多元配置六个月持有混合(FOF)C,FOF
024759,国联现金增利货币E,货币型
024760,长江中证同业存单AAA指数7天持有,指数型
024761,富国中证800自由现金流ETF联接A,指数型
024762,富国中证800自由现金流ETF联接C,指数型
024763,富国上证科创板人工智能ETF发起式联接A,指数型
024764,富国上证科创板人工智能ETF发起式联接C,指数型
024765,诺安优化收益债券A,债券型
024766,华宝国证通用航空产业ETF发起式联接A,指数型
024767,华宝国证通用航空产业ETF发起式联接C,指数型
024768,汇添富中证机器人ETF发起式联接A,指数型
024769,汇添富中证机器人ETF发起式联接C,指数型
024770,华富中证全指自由现金流ETF联接A,指数型
024771,华富中证全指自由现金流ETF联接C,指数型
024772,摩根标普港股通低波红利ETF发起式联接A,指数型
024773,摩根标普港股通低波红利ETF发起式联接C,指数型
024774,永赢上证科创板人工智能指数发起A,指数型
024775,永赢上证科创板人工智能指数发起C,指数型
024776,永赢上证科创板人工智能指数发起E,指数型
024777,金鹰中证全指自由现金流指数A,指数型
024778,金鹰中证全指自由现金流指数B,指数型
024779,金鹰中证全指自由现金流指数C,指数型
024780,金鹰中证全指自由现金流指数D,指数型
024781,华夏信盈一年持有债券,债券型
024782,华夏债券增强六个月持有债券A,债券型
024783,华夏债券增强六个月持有债券C,债券型
024784,华夏债券优化一年持有债券A,债券型
024785,华夏债券优化一年持有债券C,债券型
024786,汇添富港股通红利回报混合发起式A,混合型
024787,汇添富港股通红利回报混合发起式C,混合型
024788,光大国证通用航空产业指数发起式A,指数型
024789,光大国证通用航空产业指数发起式C,指数型
024790,鑫元产业机遇混合A,混合型
024791,鑫元产业机遇混合C,混合型
024792,鑫元中证800自由现金流指数A,指数型
024793,鑫元中证800自由现金流指数C,指数型
024794,鑫元医药睿选混合发起式A,混合型
024795,鑫元医药睿选混合发起式C,混合型
024796,兴业科技创新混合发起式A,混合型
024797,兴业科技创新混合发起式C,混合型
024800,华夏品质生活混合A,混合型
024801,华夏品质生活混合C,混合型
024802,华夏臻选价值成长混合A,混合型
024803,华夏臻选价值成长混合C,混合型
024804,华夏量化选股股票A,股票型
024805,华夏量化选股股票C,股票型
024806,华夏稳健回报混合A,混合型
024807,华夏稳健回报混合C,混合型
024808,华夏成长动力混合A,混合型
024809,华夏成长动力混合C,混合型
024810,华夏财富优选一年持有混合(FOF)A,FOF
024811,华夏财富优选一年持有混合(FOF)C,FOF
024812,富国消费优选混合A,混合型
024813,富国消费优选混合C,混合型
024814,汇添富沪深300自由现金流指数A,指数型
024815,汇添富沪深300自由现金流指数C,指数型
024816,东方红中证A500指数增强A,指数型
024817,东方红中证A500指数增强C,指数型
024818,中欧医药生物混合发起A,混合型
024819,中欧医药生物混合发起C,混合型
024820,国富国证港股通科技指数A,指数型
024821,国富国证港股通科技指数C,指数型
024822,华富天盈货币D,货币型
024823,华富天盈货币E,货币型
024824,招商医药精选混合发起式A,混合型
024825,招商医药精选混合发起式C,混合型
024826,东兴低碳经济混合发起A,混合型
024827,东兴低碳经济混合发起C,混合型
024828,建信北证50成份指数发起A,指数型
024829,建信北证50成份指数发起C,指数型
024830,西部利得资源鑫选混合发起A,混合型
024831,西部利得资源鑫选混合发起C,混合型
024832,广发北证50成份指数F,指数型
024833,博时中证全指自由现金流ETF联接A,指数型
024834,博时中证全指自由现金流ETF联接C,指数型
024835,博时中证全指自由现金流ETF联接E,指数型
024836,中欧港股通科技混合发起A,混合型
024837,中欧港股通科技混合发起C,混合型
024838,大成匠心卓越三年持有混合D,混合型
024839,汇添富稳弘纯债A,债券型
024840,汇添富稳弘纯债C,债券型
024841,信澳高端装备混合A,混合型
024842,信澳高端装备混合C,混合型
024843,博时裕达纯债债券C,债券型
024844,华富货币D,货币型
024845,华富货币E,货币型
024846,富国中国中小盘混合(QDII)人民币C,QDII
024847,国投瑞银中证港股通科技指数发起式A,指数型
024848,国投瑞银中证港股通科技指数发起式C,指数型
024849,华夏安裕中短债债券A,债券型
024850,华夏安裕中短债债券C,债券型
024851,华夏安裕中短债债券E,债券型
024852,大成弘远回报一年持有混合D,混合型
024853,国泰上证科创板芯片ETF发起联接A,指数型
024854,国泰上证科创板芯片ETF发起联接C,指数型
024855,天弘沪深300指数量化增强A,指数型
024856,天弘沪深300指数量化增强C,指数型
024857,天弘创业板指数量化增强A,指数型
024858,天弘创业板指数量化增强C,指数型
024859,中银信用增利(LOF)D,债券型
024860,永赢中证港股通医疗主题ETF发起联接A,指数型
024861,永赢中证港股通医疗主题ETF发起联接C,指数型
024862,万家创业板50ETF联接A,指数型
024863,万家创业板50ETF联接C,指数型
024864,富国恒生港股通汽车主题ETF发起式联接A,指数型
024865,富国恒生港股通汽车主题ETF发起式联接C,指数型
024866,圆信永丰新材料混合发起A,混合型
024867,圆信永丰新材料混合发起C,混合型
024868,华富天益货币D,货币型
024869,华富天益货币E,货币型
024870,中金中证800指数增强A,指数型
024871,中金中证800指数增强C,指数型
024872,农银中证红利低波动100指数A,指数型
024873,农银中证红利低波动100指数C,指数型
024874,嘉实上证科创板人工智能指数发起式A,指数型
024875,嘉实上证科创板人工智能指数发起式C,指数型
024876,博时富融纯债债券C,债券型
024877,博时中证A500指数增强A,指数型
024878,博时中证A500指数增强C,指数型
024879,华夏上证科创板综合指数增强A,指数型
024880,华夏上证科创板综合指数增强C,指数型
024881,南方创业板中盘200ETF联接A,指数型
024882,南方创业板中盘200ETF联接C,指数型
024883,鹏华上证科创板综合指数增强A,指数型
024884,鹏华上证科创板综合指数增强C,指数型
024885,天弘港股科技ETF联接A,指数型
024886,天弘港股科技ETF联接C,指数型
024887,平安中证全指自由现金流ETF联接A,指数型
024888,平安中证全指自由现金流ETF联接C,指数型
024889,信澳优势行业混合C,混合型
024890,平安财富宝货币D,货币型
024891,中欧上证科创板综合指数量化增强A,指数型
024892,中欧上证科创板综合指数量化增强C,指数型
024893,易方达中证国资央企50ETF联接发起式A,指数型
024894,易方达中证国资央企50ETF联接发起式C,指数型
024895,泰康资源精选股票发起A,股票型
024896,泰康资源精选股票发起C,股票型
024897,平安日鑫D,货币型
024898,国投瑞银上证科创板人工智能指数发起式A,指数型
024899,国投瑞银上证科创板人工智能指数发起式C,指数型
024900,西部利得专精特新量化选股混合A,混合型
024901,西部利得专精特新量化选股混合C,混合型
024902,中银中证全指自由现金流ETF联接A,指数型
024903,中银中证全指自由现金流ETF联接C,指数型
024904,招商资管中证全指自由现金流指数发起A,指数型
024905,招商资管中证全指自由现金流指数发起C,指数型
024906,中加沪深300红利低波动指数A,指数型
024907,中加沪深300红利低波动指数C,指数型
024908,诺安汇利混合D,混合型
024911,华夏经典回报混合,混合型
024912,华夏国证通用航空产业ETF发起式联接A,指数型
024913,华夏国证通用航空产业ETF发起式联接C,指数型
024914,华夏红利价值混合A,混合型
024915,华夏红利价值混合B,混合型
024916,华夏红利价值混合C,混合型
024917,华夏红利价值混合D,混合型
024918,华夏红利价值混合E,混合型
024919,易方达港股通红利混合C,混合型
024920,大成创业板50ETF联接A,指数型
024921,大成创业板50ETF联接C,指数型
024922,大成创业板50ETF联接E,指数型
024923,招商资管智达红利优选混合发起A,混合型
024924,招商资管智达红利优选混合发起C,混合型
024926,交银恒生港股通创新药精选指数A,指数型
024927,交银恒生港股通创新药精选指数C,指数型
024928,华夏卓越成长混合A,混合型
024929,华夏卓越成长混合B,混合型
024930,华夏卓越成长混合C,混合型
024931,华夏卓越成长混合D,混合型
024932,华夏卓越成长混合E,混合型
024933,华夏臻选回报混合A,混合型
024934,华夏臻选回报混合B,混合型
024935,华夏臻选回报混合C,混合型
024936,交银安心收益债券C,债券型
024937,南方益稳稳健增利债券A,债券型
024938,南方益稳稳健增利债券C,债券型
024939,鹏华中证电信主题ETF发起式联接A,指数型
024940,鹏华中证电信主题ETF发起式联接C,指数型
024941,银华钰盈债券A,债券型
024942,银华钰盈债券C,债券型
024943,华夏上证580ETF联接A,指数型
024944,华夏上证580ETF联接C,指数型
024945,国联稳健鑫益债券A,债券型
024946,国联稳健鑫益债券C,债券型
024947,招商瑞锦回报债券A,债券型
024948,招商瑞锦回报债券C,债券型
024949,易方达上证380ETF联接A,指数型
024950,易方达上证380ETF联接C,指数型
024951,易方达上证580ETF联接A,指数型
024952,易方达上证580ETF联接C,指数型
024953,中加聚诚纯债债券C,债券型
024954,长城兴达债券A,债券型
024955,长城兴达债券C,债券型
024956,平安添享6个月持有债券A,债券型
024957,平安添享6个月持有债券C,债券型
024958,富国稳健添荣债券A,债券型
024959,富国稳健添荣债券C,债券型
024960,东方红益丰纯债债券D,债券型
024961,东方红益鑫纯债债券D,债券型
024962,宏利集享债券A,债券型
024963,宏利集享债券C,债券型
024964,南方多元价值一年持有混合A,混合型
024965,南方多元价值一年持有混合C,混合型
024966,中欧稳健添悦债券A,债券型
024967,中欧稳健添悦债券C,债券型
024968,鑫元悦鑫添益债券A,债券型
024969,鑫元悦鑫添益债券C,债券型
024970,富国稳健添辰债券E,债券型
024971,东方红短债债券D,债券型
024972,景顺长城中证芯片产业ETF联接A,指数型
024973,景顺长城中证芯片产业ETF联接C,指数型
024974,华泰柏瑞上证科创板半导体材料设备主题ETF发起式联接A,指数型
024975,华泰柏瑞上证科创板半导体材料设备主题ETF发起式联接C,指数型
024978,易方达上证科创板200ETF联接A,指数型
024979,易方达上证科创板200ETF联接C,指数型
024980,汇添富上证科创板50成份ETF发起式联接A,指数型
024981,汇添富上证科创板50成份ETF发起式联接C,指数型
024982,国泰创业板医药ETF联接A,指数型
024983,国泰创业板医药ETF联接C,指数型
024984,中信保诚智惠金货币D,货币型
024985,华宝中证制药ETF发起联接A,指数型
024986,华宝中证制药ETF发起联接C,指数型
024987,鹏华稳健添利债券D,债券型
024988,广发集远债券E,债券型
024989,信澳信用债债券F,债券型
024992,汇添富上证科创板200指数发起式A,指数型
024993,汇添富上证科创板200指数发起式C,指数型
024994,宏利恒利债券D,债券型
024995,汇添富稳颐优选债券A,债券型
024996,汇添富稳颐优选债券C,债券型
024997,前海开源兴和债券A,债券型
024998,前海开源兴和债券C,债券型
024999,中航祥泰6个月封闭债券发起C,债券型
025000,国泰海通稳健泰裕债券发起A,债券型
025001,国泰海通稳健泰裕债券发起C,债券型
025002,交银产业臻选混合,混合型
025003,泰信中证全指自由现金流指数A,指数型
025004,泰信中证全指自由现金流指数C,指数型
025005,泰信上证科创板综合指数增强A,指数型
025006,泰信上证科创板综合指数增强C,指数型
025007,国泰海通中证500指数增强Y,指数型
025008,宏利沪深300指数Y,指数型
025009,华夏创业板ETF联接Y,指数型
025010,招商沪深300指数增强Y,指数型
025011,财通华裕量化选股股票A,股票型
025012,财通华裕量化选股股票C,股票型
025013,天弘中证500指数量化增强A,指数型
025014,天弘中证500指数量化增强C,指数型
025015,景顺长城安恒增益三个月持有混合(FOF)A,FOF
025016,景顺长城安恒增益三个月持有混合(FOF)C,FOF
025017,华富医疗创新混合发起式A,混合型
025018,华富医疗创新混合发起式C,混合型
025019,交银稳固收益债券D,债券型
025020,博道中证全指指数增强A,指数型
025021,博道中证全指指数增强C,指数型
025022,浦银安盛医疗创新混合A,混合型
025023,浦银安盛医疗创新混合C,混合型
025024,华商港股通价值回报混合,混合型
025025,万家启泰稳健三个月持有期混合(FOF)A,FOF
025026,万家启泰稳健三个月持有期混合(FOF)C,FOF
025027,东财上证科创50ETF联接A,指数型
025028,东财上证科创50ETF联接C,指数型
025029,宝盈淳悦稳健配置3个月持有混合发起(FOF)A,FOF
025030,宝盈淳悦稳健配置3个月持有混合发起(FOF)C,FOF
025031,华夏盈泰稳健六个月持有混合(FOF),FOF
025033,东方红益恒纯债债券D,债券型
025034,中信保诚中证A500指数增强A,指数型
025035,中信保诚中证A500指数增强C,指数型
025036,国联多元配置3个月持有混合(FOF)A,FOF
025037,国联多元配置3个月持有混合(FOF)C,FOF
025038,博道中证500增强Y,指数型
025039,东方红汇明债券A,债券型
025040,东方红汇明债券C,债券型
025041,国金中证全指指数增强A,指数型
025042,国金中证全指指数增强C,指数型
025043,天弘中证500指数增强Y,指数型
025044,永赢元盈稳健多资产90天持有混合发起(FOF)A,FOF
025045,永赢元盈稳健多资产90天持有混合发起(FOF)C,FOF
025046,永赢元享稳健多资产90天持有混合发起(FOF)A,FOF
025047,永赢元享稳健多资产90天持有混合发起(FOF)C,FOF
025048,民生加银增强收益债券E,债券型
025049,民生加银鑫喜混合C,混合型
025050,圆信永丰兴融E,债券型
025051,嘉实领航聚利稳健配置6个月持有期混合发起(FOF)A,FOF
025052,万家启泰稳健三个月持有期混合(FOF)E,FOF
025053,长信盈安三个月持有混合发起式(FOF)A,FOF
025054,长信盈安三个月持有混合发起式(FOF)C,FOF
025055,民生加银鑫享债券E,债券型
025056,富国医药成长30股票C,股票型
025057,易方达价值回报混合,混合型
025058,中欧核心智选混合A,混合型
025059,中欧核心智选混合C,混合型
025060,国泰优质核心混合A,混合型
025061,国泰优质核心混合C,混合型
025062,长城集利债券发起式E,债券型
025064,民生加银鑫福混合E,混合型
025065,平安研究驱动混合A,混合型
025066,平安研究驱动混合C,混合型
025067,建信医疗创新股票C,股票型
025068,建信医疗创新股票A,股票型
025069,景顺长城高端装备股票,股票型
025070,东方红医疗创新混合(QDII)A,QDII
025071,东方红医疗创新混合(QDII)C,QDII
025072,安信平衡养老目标三年持有期混合发起(FOF)Y,FOF
025073,南方瑞景混合A,混合型
025074,南方瑞景混合C,混合型
025075,汇添富成长优选混合A,混合型
025076,汇添富成长优选混合C,混合型
025077,华泰柏瑞制造业主题混合A,混合型
025078,华泰柏瑞制造业主题混合C,混合型
025079,中加货币F,货币型
025080,前海开源裕泰3个月持有混合(FOF)A,FOF
025081,前海开源裕泰3个月持有混合(FOF)C,FOF
025082,摩根慧启成长混合A,混合型
025083,摩根慧启成长混合C,混合型
025084,民生加银高等级信用债债券D,债券型
025085,兴华安聚纯债D,债券型
025087,富国安景120天滚动持有债券发起式A,债券型
025088,富国安景120天滚动持有债券发起式C,债券型
025090,百嘉百裕成长混合发起式A,混合型
025091,百嘉百裕成长混合发起式C,混合型
025092,天弘匠心回报债券A,债券型
025093,天弘匠心回报债券C,债券型
025094,广发均衡成长混合F,混合型
025095,国寿安保严选稳健养老一年持有混合(FOF)A,FOF
025096,鑫元挚享180天持有债券A,债券型
025097,鑫元挚享180天持有债券C,债券型
025098,永赢中债-优选投资级信用债(1-3年)指数A,指数型
025099,永赢中债-优选投资级信用债(1-3年)指数C,指数型
025100,永赢中债-优选投资级信用债(1-3年)指数E,指数型
025101,信澳鑫诚3个月持有期债券A,债券型
025102,信澳鑫诚3个月持有期债券C,债券型
025103,博道惠泓价值成长混合,混合型
025105,南方上证科创板人工智能ETF发起联接A,指数型
025106,南方上证科创板人工智能ETF发起联接C,指数型
025107,南方中证全指电子行业指数A,指数型
025108,南方中证全指电子行业指数C,指数型
025109,嘉实汇利120天滚动持有纯债A,债券型
025110,嘉实汇利120天滚动持有纯债C,债券型
025111,中金中证500指数增强B,指数型
025112,恒生前海港股通价值混合E,混合型
025113,东方红稳添利纯债D,债券型
025114,海富通瑞颐30天滚动持有债券A,债券型
025115,海富通瑞颐30天滚动持有债券C,债券型
025116,天弘裕新混合E,混合型
025117,贝莱德中债投资优选绿色债券指数A,指数型
025118,贝莱德中债投资优选绿色债券指数C,指数型
025119,宏利盛享债券A,债券型
025120,宏利盛享债券C,债券型
025121,大摩中债1-5年政金债指数A,指数型
025122,大摩中债1-5年政金债指数C,指数型
025123,东兴中债1-3年政金债指数A,指数型
025124,东兴中债1-3年政金债指数C,指数型
025125,金鹰中证A500指数发起B,指数型
025126,金鹰中证A500指数发起D,指数型
025127,鹏华中证香港银行指数(LOF)I,指数型
025128,中欧多利债券E,债券型
025129,金信深圳成长混合E,混合型
025130,鹏华中证银行指数(LOF)I,指数型
025131,银华聚享多元配置三个月持有期混合(FOF)A,FOF
025132,银华聚享多元配置三个月持有期混合(FOF)C,FOF
025133,万家可转债债券D,债券型
025134,信澳丰享利率债A,债券型
025135,信澳丰享利率债C,债券型
025136,鹏华中证信息技术指数(LOF)I,指数型
025137,鹏华中证医药指数(LOF)I,指数型
025138,民生加银聚益纯债债券C,债券型
025139,鹏华中证A500ETF联接I,指数型
025140,鹏华中证国防指数(LOF)I,指数型
025141,鹏华中证全指证券公司指数(LOF)I,指数型
025142,华富富泽六个月持有期债券A,债券型
025143,华富富泽六个月持有期债券C,债券型
025144,华富安颐九个月持有期债券A,债券型
025145,华富安颐九个月持有期债券C,债券型
025146,华富裕诚一年持有期债券A,债券型
025147,华富裕诚一年持有期债券C,债券型
025148,华富裕诚一年持有期债券D,债券型
025149,华富福盛一年持有期混合A,混合型
025150,华富福盛一年持有期混合C,混合型
025151,华富福盛一年持有期混合D,混合型
025152,华富安康三个月持有期债券A,债券型
025153,华富安康三个月持有期债券C,债券型
025154,华富安和债券A,债券型
025155,华富安和债券C,债券型
025156,华泰保兴兴元180天封闭债券A,债券型
025157,华泰保兴兴元180天封闭债券C,债券型
025158,华夏现金增值货币,货币型
025159,华夏现金添利货币,货币型
025160,摩根恒悦纯债债券A,债券型
025161,摩根恒悦纯债债券C,债券型
025162,国泰大宗商品(QDII-LOF)D,QDII
025163,长盛积极配置债券C,债券型
025164,易方达创业板增强A,指数型
025165,易方达创业板增强C,指数型
025166,汇添富恒生港股通中国科技ETF联接A,指数型
025167,汇添富恒生港股通中国科技ETF联接C,指数型
025168,永赢国证自由现金流ETF联接A,指数型
025169,永赢国证自由现金流ETF联接C,指数型
025170,博时创业板指数增强A,指数型
025171,博时创业板指数增强C,指数型
025172,德邦医疗创新混合发起式A,混合型
025173,德邦医疗创新混合发起式C,混合型
025174,长城港股医疗保健精选混合发起(QDII)A,QDII
025175,长城港股医疗保健精选混合发起(QDII)C,QDII
025176,平安如意中短债F,债券型
025177,鑫元璟丰债券C,债券型
025178,汇添富双鑫添利债券D,债券型
025181,浦银安盛港股通科技指数A,指数型
025182,浦银安盛港股通科技指数C,指数型
025183,建信宁扬60天持有期债券E,债券型
025184,中银品质新兴混合A,混合型
025185,中银品质新兴混合C,混合型
025186,中银中证港股通互联网指数发起A,指数型
025187,中银中证港股通互联网指数发起C,指数型
025188,前海开源沪港深裕鑫D,混合型
025189,交银中证港股通央企红利指数A,指数型
025190,交银中证港股通央企红利指数C,指数型
025191,富国成长策略混合C,混合型
025192,广发稳健策略混合C,混合型
025193,银华中证全指证券公司ETF发起式联接A,指数型
025194,银华中证全指证券公司ETF发起式联接C,指数型
025195,广发创业板指数增强A,指数型
025196,广发创业板指数增强C,指数型
025197,广发港股通科技ETF联接A,指数型
025198,广发港股通科技ETF联接C,指数型
025199,银华钰祥债券E,债券型
025200,景顺长城国证港股通红利低波动率ETF联接A,指数型
025201,景顺长城国证港股通红利低波动率ETF联接C,指数型
025202,中欧港股通大盘精选混合发起A,混合型
025203,中欧港股通大盘精选混合发起C,混合型
025204,信澳丰睿6个月持有期债券A,债券型
025205,信澳丰睿6个月持有期债券C,债券型
025206,信澳月月盈30天持有期债券A,债券型
025207,信澳月月盈30天持有期债券C,债券型
025208,永赢先锋半导体智选混合发起A,混合型
025209,永赢先锋半导体智选混合发起C,混合型
025210,信澳信利6个月持有期债券A,债券型
025211,信澳信利6个月持有期债券C,债券型
025212,信澳添利3个月持有期债券A,债券型
025213,信澳添利3个月持有期债券C,债券型
025214,信澳睿益鑫享混合A,混合型
025215,信澳睿益鑫享混合C,混合型
025216,永赢资源慧选混合发起A,混合型
025217,永赢资源慧选混合发起C,混合型
025218,中欧盈欣稳健6个月持有混合(FOF)A,FOF
025219,中欧盈欣稳健6个月持有混合(FOF)C,FOF
025220,华宝恒生港股通创新药精选ETF发起式联接A,指数型
025221,华宝恒生港股通创新药精选ETF发起式联接C,指数型
025222,创金合信弘科混合发起A,混合型
025223,创金合信弘科混合发起C,混合型
025224,富国恒指港股通ETF发起式联接A,指数型
025225,富国恒指港股通ETF发起式联接C,指数型
025226,西部利得汇盈债券D,债券型
025227,广发集瑞债券E,债券型
025228,永赢逸享债券B,债券型
025229,中信建投欣享债券A,债券型
025230,中信建投欣享债券C,债券型
025231,中信建投价值增长混合A,混合型
025232,中信建投价值增长混合C,混合型
025233,中信建投智多鑫货币,货币型
025234,中信建投悦享6个月持有期债券A,债券型
025235,中信建投悦享6个月持有期债券C,债券型
025236,中信建投悠享12个月持有期债券A,债券型
025237,中信建投悠享12个月持有期债券C,债券型
025238,华夏创业板ETF联接D,指数型
025239,兴业瑞丰6个月定开债券C,债券型
025240,浙商惠睿纯债C,债券型
025241,浙商惠南纯债C,债券型
025242,国泰丰华三个月持有期混合发起式(FOF)A,FOF
025243,国泰丰华三个月持有期混合发起式(FOF)C,FOF
025244,国泰全景多资产配置3个月持有混合(FOF)A,FOF
025245,国泰全景多资产配置3个月持有混合(FOF)C,FOF
025246,诺安和鑫混合C,混合型
025247,平安盈享多元配置6个月持有混合发起式(FOF)A,FOF
025248,平安盈享多元配置6个月持有混合发起式(FOF)C,FOF
025249,安信稳健多资产优选三个月持有混合发起(FOF)A,FOF
025250,安信稳健多资产优选三个月持有混合发起(FOF)C,FOF
025251,天弘稳利回报债券A,债券型
025252,天弘稳利回报债券C,债券型
025253,安信多元配置三个月持有混合发起(FOF)A,FOF
025254,安信多元配置三个月持有混合发起(FOF)C,FOF
025255,鹏扬港股通精选混合A,混合型
025256,鹏扬港股通精选混合C,混合型
025257,汇添富多元配置三个月持有混合(FOF)A,FOF
025258,汇添富多元配置三个月持有混合(FOF)C,FOF
025259,华宝可转债债券D,债券型
025260,华安沣泰债券A,债券型
025261,华安沣泰债券C,债券型
025262,光大双鑫收益债券A,债券型
025263,光大双鑫收益债券C,债券型
025264,华商汇享多元配置3个月持有混合(FOF)A,FOF
025265,华商汇享多元配置3个月持有混合(FOF)C,FOF
025266,国泰稳健添利债券A,债券型
025267,国泰稳健添利债券C,债券型
025268,浦银安盛盈丰多元配置3个月持有混合(FOF)A,FOF
025269,浦银安盛盈丰多元配置3个月持有混合(FOF)C,FOF
025270,浦银安盛稳健双利债券A,债券型
025271,浦银安盛稳健双利债券C,债券型
025272,中金恒宁债券发起A,债券型
025273,中金恒宁债券发起C,债券型
025274,华富可转债债券D,债券型
025275,博时双月薪债券C,债券型
025276,汇泉中证A500指数量化增强A,指数型
025277,汇泉中证A500指数量化增强C,指数型
025278,长城积极增利债券D,债券型
025279,长城兴怡债券A,债券型
025280,长城兴怡债券C,债券型
025281,富国稳健双景债券A,债券型
025282,富国稳健双景债券C,债券型
025283,大成元享臻利债券A,债券型
025284,大成元享臻利债券C,债券型
025285,京管泰富京信债券A,债券型
025286,京管泰富京信债券C,债券型
025287,恒生前海匠心精选混合A,混合型
025288,恒生前海匠心精选混合C,混合型
025289,建信丰泽债券A,债券型
025290,建信丰泽债券C,债券型
025291,国投瑞银和悦180天持有期债券A,债券型
025292,国投瑞银和悦180天持有期债券C,债券型
025293,平安恒生指数增强A,指数型
025294,平安恒生指数增强C,指数型
025295,平安恒生指数增强E,指数型
025296,泰康悦享120天持有期债券A,债券型
025297,泰康悦享120天持有期债券C,债券型
025298,交银港股通优质精选混合A,混合型
025299,交银港股通优质精选混合C,混合型
025300,金鹰鑫泰债券A,债券型
025301,金鹰鑫泰债券C,债券型
025302,金鹰鑫泰债券D,债券型
025303,东方红汇诚债券A,债券型
025304,东方红汇诚债券C,债券型
025305,中欧优利债券A,债券型
025306,中欧优利债券C,债券型
025307,华宝宝康债券D,债券型
025308,国泰海通中证全指指数增强A,指数型
025309,国泰海通中证全指指数增强C,指数型
025310,国泰海通招阳混合发起,混合型
025311,嘉实中证A500指数增强A,指数型
025312,嘉实中证A500指数增强C,指数型
025313,交银臻享多资产三个月持有期混合(FOF)A,FOF
025314,交银臻享多资产三个月持有期混合(FOF)C,FOF
025315,摩根上证科创板新一代信息技术ETF联接A,指数型
025316,摩根上证科创板新一代信息技术ETF联接C,指数型
025317,光大国证机器人产业指数A,指数型
025318,光大国证机器人产业指数C,指数型
025319,金元顺安乾丰稳健混合A,混合型
025320,金元顺安乾丰稳健混合C,混合型
025321,兴银裕安增利债券A,债券型
025322,兴银裕安增利债券C,债券型
025323,鑫元上证科创板综合价格指数增强A,指数型
025324,鑫元上证科创板综合价格指数增强C,指数型
025325,富达任远保守养老目标一年持有混合(FOF),FOF
025326,银华嘉瑞平衡混合发起式A,混合型
025327,银华嘉瑞平衡混合发起式C,混合型
025328,诺安稳健回报混合D,混合型
025329,银华沪深300指数C,指数型
025330,银华恒生国企指数(QDII-LOF)C,指数型
025331,民生加银聚优精选混合C,混合型
025332,诺安平衡混合C,混合型
025333,诺安成长混合C,混合型
025334,人保中证500指数增强A,指数型
025335,人保中证500指数增强C,指数型
025336,博时稳健回报债券(LOF)E,债券型
025337,华泰柏瑞盈泰稳健3个月持有混合(FOF)A,FOF
025338,华泰柏瑞盈泰稳健3个月持有混合(FOF)C,FOF
025339,招商普盛全球配置(QDII)人民币D,QDII
025340,鹏华制造升级混合A,混合型
025341,鹏华制造升级混合C,混合型
025342,长盛上证科创板芯片指数A,指数型
025343,长盛上证科创板芯片指数C,指数型
025344,民生加银睿通3个月定开发起式C,债券型
025345,路博迈中债优选投资级信用债指数A,指数型
025346,路博迈中债优选投资级信用债指数C,指数型
025347,平安中债1-5年政策性金融债F,指数型
025348,华商优势行业混合C,混合型
025349,广发乾享核心精选混合A,混合型
025350,广发乾享核心精选混合C,混合型
025351,诺安优选回报混合C,混合型
025352,凯石瑞鑫6个月持有混合发起A,混合型
025353,凯石瑞鑫6个月持有混合发起C,混合型
025354,汇添富双利债券D,债券型
025355,东海启恒混合发起式A,混合型
025356,东海启恒混合发起式C,混合型
025358,鑫元锦鑫回报混合A,混合型
025359,鑫元锦鑫回报混合C,混合型
025360,中加均衡回报混合A,混合型
025361,中加均衡回报混合C,混合型
025362,国泰创业板新能源ETF发起联接A,指数型
025363,国泰创业板新能源ETF发起联接C,指数型
025364,路博迈上证科创板综合价格指数增强A,指数型
025365,路博迈上证科创板综合价格指数增强C,指数型
025366,富国中证港股通科技ETF发起式联接A,指数型
025367,富国中证港股通科技ETF发起式联接C,指数型
025368,东财启和混合A,混合型
025369,东财启和混合C,混合型
025372,景顺长城景颐裕利债券F,债券型
025373,东方红上证科创板综合指数增强A,指数型
025374,东方红上证科创板综合指数增强C,指数型
025375,鹏华稳健添利债券F,债券型
025376,安信创业板指数增强A,指数型
025377,安信创业板指数增强C,指数型
025378,汇添富沪深300指数量化增强A,指数型
025379,汇添富沪深300指数量化增强C,指数型
025380,汇添富国证通用航空产业ETF发起式联接A,指数型
025381,汇添富国证通用航空产业ETF发起式联接C,指数型
025382,长盛研发回报混合C,混合型
025383,中加北证50成份指数增强A,指数型
025384,中加北证50成份指数增强C,指数型
025386,万家智胜量化选股股票A,股票型
025387,万家智胜量化选股股票C,股票型
025388,万家中证800红利低波动指数A,指数型
025389,万家中证800红利低波动指数C,指数型
025390,平安港股通成长精选混合A,混合型
025391,平安港股通成长精选混合C,混合型
025392,建信红利严选混合发起A,混合型
025393,建信红利严选混合发起C,混合型
025394,南方康乐养老目标日期2045三年持有混合发起(FOF)Y,FOF
025395,圆信永丰高端制造C,混合型
025396,华夏上证智选科创板价值50策略ETF发起式联接A,指数型
025397,华夏上证智选科创板价值50策略ETF发起式联接C,指数型
025398,银华创业板综合ETF联接A,指数型
025399,银华创业板综合ETF联接C,指数型
025400,南方昌元可转债债券B,债券型
025403,工银新经济混合(QDII)人民币C,QDII
025404,苏新睿见量化选股股票A,股票型
025405,苏新睿见量化选股股票C,股票型
025408,兴华景明混合A,混合型
025409,兴华景明混合C,混合型
025410,汇添富双享回报债券D,债券型
025411,安信红利量化选股股票A,股票型
025412,安信红利量化选股股票C,股票型
025413,汇添富可转换债券D,债券型
025414,汇添富双利增强债券B,债券型
025415,新华策略精选股票C,股票型
025416,新华优选分红混合C,混合型
025418,贝莱德中证500指数增强A,指数型
025419,贝莱德中证500指数增强C,指数型
025420,国泰海通中证A500指数增强D,指数型
025421,浦银安盛数字经济混合A,混合型
025422,浦银安盛数字经济混合C,混合型
025423,华夏中证500自由现金流ETF联接A,指数型
025424,华夏中证500自由现金流ETF联接C,指数型
025425,华宝安盈混合E,混合型
025426,国联中证港股通综合指数增强A,指数型
025427,国联中证港股通综合指数增强C,指数型
025428,东方红研究精选混合A,混合型
025429,东方红研究精选混合C,混合型
025430,中金中证全指指数增强A,指数型
025431,中金中证全指指数增强C,指数型
025432,东方中证红利低波动100指数A,指数型
025433,东方中证红利低波动100指数C,指数型
025434,宏利宏达混合C,混合型
025435,金鹰中证港股通高股息投资指数A,指数型
025436,金鹰中证港股通高股息投资指数B,指数型
025437,金鹰中证港股通高股息投资指数C,指数型
025438,金鹰中证港股通高股息投资指数D,指数型
025439,永赢启航慧选混合A,混合型
025440,永赢启航慧选混合C,混合型
025442,景顺长城产业优选混合,混合型
025443,景顺长城北证50成份指数A,指数型
025444,景顺长城北证50成份指数C,指数型
025445,万家周期视野股票发起式A,股票型
025446,万家周期视野股票发起式C,股票型
025447,万家元晟量化选股混合发起式A,混合型
025448,万家元晟量化选股混合发起式C,混合型
025449,万家数字经济股票发起式A,股票型
025450,万家数字经济股票发起式C,股票型
025451,南方兴利半年定开债券发起C,债券型
025452,国投瑞银上证综合指数增强A,指数型
025453,国投瑞银上证综合指数增强C,指数型
025454,太平日日鑫E,货币型
025455,国投瑞银北证50成份指数发起式A,指数型
025456,国投瑞银北证50成份指数发起式C,指数型
025457,申万菱信中证A500红利低波动指数A,指数型
025458,申万菱信中证A500红利低波动指数C,指数型
025459,湘财科技智选混合A,混合型
025460,湘财科技智选混合C,混合型
025461,西部利得创业板综合ETF联接A,指数型
025462,西部利得创业板综合ETF联接C,指数型
025463,汇添富稳健回报债券D,债券型
025464,国泰可转债债券D,债券型
025465,汇添富双颐债券D,债券型
025466,百嘉瑞丰量化选股混合A,混合型
025467,百嘉瑞丰量化选股混合C,混合型
025468,富国创新趋势股票C,股票型
025469,太平日日金货币E,货币型
025470,华西优选价值混合发起C,混合型
025471,华西研究精选混合发起C,混合型
025472,华西优选成长一年持有混合C,混合型
025474,招商中证A50ETF发起式联接A,指数型
025475,招商中证A50ETF发起式联接C,指数型
025476,银华瑞和灵活配置混合C,混合型
025477,长城稳健增利债券F,债券型
025478,华夏上证180ETF联接A,指数型
025479,华夏上证180ETF联接C,指数型
025480,华夏沪深300指数量化增强A,指数型
025481,华夏沪深300指数量化增强C,指数型
025482,东方红信用债债券D,债券型
025486,中邮新锐量化选股混合发起式A,混合型
025487,中邮新锐量化选股混合发起式C,混合型
025488,中邮北证50成份指数增强发起式A,指数型
025489,中邮北证50成份指数增强发起式C,指数型
025490,平安中证卫星产业指数A,指数型
025491,平安中证卫星产业指数C,指数型
025492,国泰创业板人工智能ETF发起联接A,指数型
025493,国泰创业板人工智能ETF发起联接C,指数型
025497,易方达国证价值100ETF联接发起式A,指数型
025498,易方达国证价值100ETF联接发起式C,指数型
025499,东方阿尔法科技智选混合发起A,混合型
025500,东方阿尔法科技智选混合发起C,混合型
025501,万家沪深300指数量化增强发起式A,指数型
025502,万家沪深300指数量化增强发起式C,指数型
025503,南方中证港股通科技ETF发起联接A,指数型
025504,南方中证港股通科技ETF发起联接C,指数型
025505,华夏创业板人工智能ETF发起式联接A,指数型
025506,华夏创业板人工智能ETF发起式联接C,指数型
025507,华夏中证港股通医疗主题ETF发起式联接A,指数型
025508,华夏中证港股通医疗主题ETF发起式联接C,指数型
025509,富国智悦稳健90天持有期混合(FOF)A,FOF
025510,富国智悦稳健90天持有期混合(FOF)C,FOF
025511,广发信息产业股票发起式A,股票型
025512,广发信息产业股票发起式C,股票型
025513,德邦中证800指数增强A,指数型
025514,德邦中证800指数增强C,指数型
025515,光大保德信阳光现金宝货币,货币型
025518,东方红中证东方红红利低波动指数D,指数型
025519,鹏扬稳健融选三个月持有混合(FOF)A,FOF
025520,鹏扬稳健融选三个月持有混合(FOF)C,FOF
025521,大成多元配置三个月持有混合(ETF-FOF)A,FOF
025522,大成多元配置三个月持有混合(ETF-FOF)C,FOF
025524,宏利中短债债券D,债券型
025525,平安恒生港股通科技主题ETF发起式联接A,指数型
025526,平安恒生港股通科技主题ETF发起式联接C,指数型
025527,中金优势领航一年持有混合A,混合型
025528,中金优势领航一年持有混合C,混合型
025529,天弘盈享多元领航3个月持有混合发起(FOF)A,FOF
025530,天弘盈享多元领航3个月持有混合发起(FOF)C,FOF
025531,光大阳光稳债中短债债券A,债券型
025532,光大阳光稳债中短债债券C,债券型
025533,光大阳光优选一年持有混合A,混合型
025534,光大阳光优选一年持有混合C,混合型
025535,光大阳光优选一年持有混合D,混合型
025536,光大阳光优选一年持有混合E,混合型
025537,海富通瑞弘6个月定开债券C,债券型
025538,永赢元嘉平衡多资产90天持有混合(FOF)A,FOF
025539,永赢元嘉平衡多资产90天持有混合(FOF)C,FOF
025540,光大阳光优选一年持有混合F,混合型
025541,华夏创新前沿股票C,股票型
025542,华夏行业景气混合C,混合型
025543,华夏价值精选混合C,混合型
025544,汇添富港股通科技精选混合发起式A,混合型
025545,汇添富港股通科技精选混合发起式C,混合型
025546,财通周期优选混合A,混合型
025547,财通周期优选混合C,混合型
025548,鑫元鑫选多元稳进配置3个月持有期混合(FOF)A,FOF
025549,鑫元鑫选多元稳进配置3个月持有期混合(FOF)C,FOF
025552,中银中证机器人指数C,指数型
025553,中银中证机器人指数A,指数型
025554,国富恒泽90天持有期债券A,债券型
025555,国富恒泽90天持有期债券C,债券型
025556,博时裕益混合C,混合型
025557,华宝大健康混合D,混合型
025558,光大阳光启明星创新驱动混合A,混合型
025559,光大阳光启明星创新驱动混合C,混合型
025560,光大阳光启明星创新驱动混合D,混合型
025561,安信天利宝货币,货币型
025562,大摩灵动优选债券E,债券型
025563,国富恒安30天持有期债券A,债券型
025564,国富恒安30天持有期债券C,债券型
025565,光大阳光价值30个月持有混合A,混合型
025566,光大阳光价值30个月持有混合D,混合型
025567,光大阳光价值30个月持有混合E,混合型
025568,光大阳光稳健增长混合A,混合型
025569,光大阳光稳健增长混合C,混合型
025570,鹏安中证红利指数A,指数型
025571,鹏安中证红利指数C,指数型
025572,银华科技创新混合C,混合型
025573,光大阳光混合A,混合型
025574,光大阳光混合C,混合型
025575,光大阳光混合D,混合型
025576,长盛上证科创板综合指数增强A,指数型
025577,长盛上证科创板综合指数增强C,指数型
025578,鹏华中证800ETF发起式联接I,指数型
025579,国寿安保鑫钱包货币D,货币型
025580,财通消费优选混合发起A,混合型
025581,财通消费优选混合发起C,混合型
025584,光大阳光智造混合A,混合型
025585,光大阳光智造混合C,混合型
025586,光大阳光智造混合D,混合型
025587,光大阳光香港精选混合(QDII)A人民币,QDII
025588,光大阳光香港精选混合(QDII)A美元现汇,QDII
025589,光大阳光香港精选混合(QDII)C人民币,QDII
025590,国泰海通安润90天持有期中短债债券A,债券型
025591,国泰海通安润90天持有期中短债债券C,债券型
025592,国泰海通安泰三个月持有债券A,债券型
025593,国泰海通安泰三个月持有债券C,债券型
025594,国泰海通安裕中短债债券A,债券型
025595,国泰海通安裕中短债债券C,债券型
025596,国泰海通安悦债券A,债券型
025597,国泰海通安悦债券C,债券型
025598,国泰海通新锐量化选股混合A,混合型
025599,国泰海通新锐量化选股混合C,混合型
025600,国泰海通海升六个月持有期债券A,债券型
025601,国泰海通海升六个月持有期债券C,债券型
025621,国泰海通鑫诚六个月持有期债券A,债券型
025622,国泰海通鑫诚六个月持有期债券C,债券型
025623,国泰海通鑫选三个月持有期债券A,债券型
025624,国泰海通鑫选三个月持有期债券C,债券型
025625,国泰海通鑫逸债券A,债券型
025626,国泰海通鑫逸债券C,债券型
025627,国泰海通鑫悦债券A,债券型
025628,国泰海通鑫悦债券C,债券型
025629,鹏华安泰中短债债券A,债券型
025630,鹏华安泰中短债债券C,债券型
025631,鹏华睿丰债券A,债券型
025632,鹏华睿丰债券C,债券型
025633,鹏华现金增利货币,货币型
025634,鹏华易选平衡3个月持有期混合(FOF)A,FOF
025635,鹏华易选平衡3个月持有期混合(FOF)C,FOF
025636,工银如意货币E,货币型
025637,泰信互联网+主题混合C,混合型
025638,汇添富稳健多资产三个月持有混合(FOF)A,FOF
025639,汇添富稳健多资产三个月持有混合(FOF)C,FOF
025640,国泰民安增利债券D,债券型
025641,恒生前海恒祥纯债E,债券型
025642,恒生前海恒裕债券E,债券型
025643,恒生前海恒源天利债E,债券型
025644,汇添富多元收益债券D,债券型
025645,广发量化多因子混合C,混合型
025646,平安高端装备混合发起式A,混合型
025647,平安高端装备混合发起式C,混合型
025648,易方达港股通科技混合A,混合型
025649,易方达港股通科技混合C,混合型
025650,平安资源精选混合发起式A,混合型
025651,平安资源精选混合发起式C,混合型
025652,大成创业板人工智能ETF发起式联接A,指数型
025653,大成创业板人工智能ETF发起式联接C,指数型
025654,富国医药精选混合(QDII)A,QDII
025655,富国医药精选混合(QDII)C,QDII
025656,国金智远量化选股混合A,混合型
025657,国金智远量化选股混合C,混合型
025658,国金科创创业量化选股股票A,股票型
025659,国金科创创业量化选股股票C,股票型
025660,招商中国机遇股票C,股票型
025661,汇添富标普港股通低波红利指数A,指数型
025662,汇添富标普港股通低波红利指数C,指数型
025663,华泰紫金价值精选混合,混合型
025664,中金北证50指数增强发起A,指数型
025665,中金北证50指数增强发起C,指数型
025666,银华鑫禾混合A,混合型
025667,银华鑫禾混合C,混合型
025668,申万菱信宁通六个月持有期混合,混合型
025669,信澳水星聚利中短债债券A,债券型
025670,信澳水星聚利中短债债券C,债券型
025671,信澳水星聚利中短债债券E,债券型
025672,信澳现金宝货币,货币型
025673,鑫元港股通领航混合C,混合型
025674,鑫元港股通领航混合A,混合型
025675,鹏华中证A500指数增强I,指数型
025676,泰康沪深300指数增强A,指数型
025677,泰康沪深300指数增强C,指数型
025678,广发上证科创板100增强策略ETF发起式联接A,指数型
025679,广发上证科创板100增强策略ETF发起式联接C,指数型
025680,广发中证800自由现金流ETF发起式联接A,指数型
025681,广发中证800自由现金流ETF发起式联接C,指数型
025682,广发中证智选高股息策略ETF发起式联接A,指数型
025683,广发中证智选高股息策略ETF发起式联接C,指数型
025684,易方达优势进取混合A,混合型
025685,易方达优势进取混合C,混合型
025686,国泰半导体制造精选混合发起A,混合型
025687,国泰半导体制造精选混合发起C,混合型
025688,中金阿尔法优选混合A,混合型
025689,中金阿尔法优选混合C,混合型
025690,弘毅远方北证50成份指数A,指数型
025691,弘毅远方北证50成份指数C,指数型
025692,南方中证通用航空主题ETF发起联接A,指数型
025693,南方中证通用航空主题ETF发起联接C,指数型
025694,中银港股通消费精选混合发起A,混合型
025695,中银港股通消费精选混合发起C,混合型
025696,华泰柏瑞上证科创板综合指数增强A,指数型
025697,华泰柏瑞上证科创板综合指数增强C,指数型
025698,鹏华国证机器人产业ETF发起式联接A,指数型
025699,鹏华国证机器人产业ETF发起式联接C,指数型
025700,鹏华国证机器人产业ETF发起式联接I,指数型
025701,易方达科技创新混合C,混合型
025702,惠升均衡回报混合A,混合型
025703,惠升均衡回报混合C,混合型
025704,浙商汇金量化精选混合C,混合型
025705,广发沪深300指数量化增强A,指数型
025706,广发沪深300指数量化增强C,指数型
025707,富达中债高等级科创及绿债A,指数型
025708,富达中债高等级科创及绿债C,指数型
025709,汇添富价值驱动混合A,混合型
025710,汇添富价值驱动混合C,混合型
025711,汇添富中证A500指数量化增强A,指数型
025712,汇添富中证A500指数量化增强C,指数型
025713,富国安元120天持有期债券发起式A,债券型
025714,富国安元120天持有期债券发起式C,债券型
025715,安联睿利6个月持有混合A,混合型
025716,安联睿利6个月持有混合C,混合型
025717,富国兴和混合A,混合型
025718,富国兴和混合C,混合型
025719,嘉实恒生港股通科技主题ETF联接A,指数型
025720,嘉实恒生港股通科技主题ETF联接C,指数型
025721,中欧价值优选混合A,混合型
025722,中欧价值优选混合C,混合型
025723,银河中证800指数增强A,指数型
025724,银河中证800指数增强C,指数型
025725,博时中证港股通互联网ETF发起式联接A,指数型
025726,博时中证港股通互联网ETF发起式联接C,指数型
025727,南方上证科创板50成份ETF联接A,指数型
025728,南方上证科创板50成份ETF联接C,指数型
025729,银华双喜增利货币,货币型
025730,鹏华睿享180天持有期债券A,债券型
025731,鹏华睿享180天持有期债券C,债券型
025732,华安国证航天航空行业ETF发起式联接A,指数型
025733,华安国证航天航空行业ETF发起式联接C,指数型
025734,华安恒生港股通科技主题ETF发起式联接A,指数型
025735,华安恒生港股通科技主题ETF发起式联接C,指数型
025736,华西科技成长股票,股票型
025737,中银睿泽稳健3个月持有混合(FOF)D,FOF
025738,长盛元增利货币,货币型
025739,国泰利享鑫益90天持有债券A,债券型
025740,国泰利享鑫益90天持有债券C,债券型
025741,安信瑞安30天持有中短债A,债券型
025742,安信瑞安30天持有中短债B,债券型
025743,安信瑞安30天持有中短债C,债券型
025744,安信瑞鸿中短债A,债券型
025745,安信瑞鸿中短债B,债券型
025746,安信瑞鸿中短债C,债券型
025747,富安达神州天添利货币,货币型
025748,招商医药量化选股混合发起式A,混合型
025749,招商医药量化选股混合发起式C,混合型
025750,兴证资管金麒麟均衡优选混合D,混合型
025751,兴证资管金麒麟均衡优选混合E,混合型
025752,招商均衡配置混合A,混合型
025753,招商均衡配置混合C,混合型
025754,华富天华货币,货币型
025755,华泰保兴中证全指指数增强A,指数型
025756,华泰保兴中证全指指数增强C,指数型
025758,华安新兴动力混合发起式A,混合型
025759,华安新兴动力混合发起式C,混合型
025760,海富通聚优精选混合(FOF)C,FOF
025761,招商均衡进取混合A,混合型
025762,招商均衡进取混合C,混合型
025763,工银中证800指数增强发起式A,指数型
025764,工银中证800指数增强发起式C,指数型
025765,永赢国证港股通互联网ETF联接A,指数型
025766,永赢国证港股通互联网ETF联接C,指数型
025767,尚正臻瑞3个月持有债券A,债券型
025768,尚正臻瑞3个月持有债券C,债券型
025769,中金进取回报混合A,混合型
025770,中金进取回报混合C,混合型
025771,中金安心回报混合A,混合型
025772,中金安心回报混合C,混合型
025773,中金丰裕稳健一年持有混合A,混合型
025774,中金丰裕稳健一年持有混合C,混合型
025775,中金聚金利货币,货币型
025776,鹏华启航量化选股混合发起式,混合型
025777,东方阿尔法瑞享混合发起A,混合型
025778,东方阿尔法瑞享混合发起C,混合型
025779,中欧中证全指证券公司指数发起A,指数型
025780,中欧中证全指证券公司指数发起C,指数型
025781,湘财天天盈货币,货币型
025783,兴证资管金麒麟兴享优选混合D,混合型
025784,兴证资管金麒麟兴享优选混合E,混合型
025785,中金科创优选混合发起A,混合型
025786,中金科创优选混合发起C,混合型
025787,大成港股恒信混合(QDII),QDII
025788,广发质量优选股票A,股票型
025789,广发质量优选股票C,股票型
025790,新华中证云计算50ETF发起式联接A,指数型
025791,新华中证云计算50ETF发起式联接C,指数型
025792,东方阿尔法科技甄选混合发起A,混合型
025793,东方阿尔法科技甄选混合发起C,混合型
025794,中欧新能源主题混合发起A,混合型
025795,中欧新能源主题混合发起C,混合型
025796,国泰多资产稳健甄选3个月持有混合(FOF)A,FOF
025797,国泰多资产稳健甄选3个月持有混合(FOF)C,FOF
025798,国泰多资产稳健领航6个月持有混合(FOF),FOF
025800,招商洞见价值混合发起式,混合型
025801,平安源恒6个月持有混合(FOF)A,FOF
025802,平安源恒6个月持有混合(FOF)C,FOF
025804,金信中证同业存单AAA指数7天持有,指数型
025805,华夏国证港股通科技ETF联接A,指数型
025806,华夏国证港股通科技ETF联接C,指数型
025807,华西中债1-5年政策性金融债,指数型
025808,浦银安盛盈鑫多元配置90天持有混合(ETF-FOF)A,FOF
025809,浦银安盛盈鑫多元配置90天持有混合(ETF-FOF)C,FOF
025810,浦银安盛盈福多元配置3个月持有混合(FOF)A,FOF
025811,浦银安盛盈福多元配置3个月持有混合(FOF)C,FOF
025812,富国智恒稳健90天持有期混合(FOF)A,FOF
025813,富国智恒稳健90天持有期混合(FOF)C,FOF
025814,富国恒益3个月持有期混合(ETF-FOF)A,FOF
025815,富国恒益3个月持有期混合(ETF-FOF)C,FOF
025816,中加智选添元三个月持有期混合(FOF)A,FOF
025817,中加智选添元三个月持有期混合(FOF)C,FOF
025818,富国盈和稳健6个月持有期混合发起式(FOF),FOF
025819,博时裕发纯债债券C,债券型
025820,银华多策略稳健三个月持有期混合(FOF)A,FOF
025821,银华多策略稳健三个月持有期混合(FOF)C,FOF
025822,易方达如意盈安6个月持有混合发起式(FOF)A,FOF
025823,易方达如意盈安6个月持有混合发起式(FOF)C,FOF
025824,易方达产业优选混合A,混合型
025825,易方达产业优选混合C,混合型
025826,兴全盈禧多元配置三个月持有混合(FOF)A,FOF
025827,兴全盈禧多元配置三个月持有混合(FOF)C,FOF
025828,中欧多元平衡混合A,混合型
025829,中欧多元平衡混合C,混合型
025830,嘉实成长共享混合A,混合型
025831,嘉实成长共享混合C,混合型
025832,天弘电网设备特高压指数A,指数型
025833,天弘电网设备特高压指数C,指数型
025834,博时集益多元配置3个月持有期混合(ETF-FOF)A,FOF
025835,银华华远多元配置六个月持有期混合(FOF)A,FOF
025836,银华华远多元配置六个月持有期混合(FOF)C,FOF
025837,博时集益多元配置3个月持有期混合(ETF-FOF)C,FOF
025838,中海港股通睿选混合A,混合型
025839,恒生前海成长领航混合A,混合型
025840,恒生前海成长领航混合C,混合型
025841,国泰海通创业板综指增强A,指数型
025842,国泰海通创业板综指增强C,指数型
025843,兴证资管金麒麟兴睿优选混合D,混合型
025844,兴证资管金麒麟兴睿优选混合E,混合型
025845,华安消费智选混合发起式A,混合型
025846,华安消费智选混合发起式C,混合型
025847,中海港股通睿选混合C,混合型
025848,西部利得红利鑫选混合发起A,混合型
025849,西部利得红利鑫选混合发起C,混合型
025850,山证资管裕弘60天滚动持有债券A,债券型
025851,山证资管裕弘60天滚动持有债券C,债券型
025852,富国港股精选混合(QDII)人民币,QDII
025853,富国港股精选混合(QDII)美元现汇,QDII
025854,中信保诚消费机遇混合A,混合型
025855,中信保诚消费机遇混合C,混合型
025856,华夏中证电网设备主题ETF发起式联接A,指数型
025857,华夏中证电网设备主题ETF发起式联接C,指数型
025858,民生加银多元稳健配置3个月持有混合(FOF)A,FOF
025859,民生加银多元稳健配置3个月持有混合(FOF)C,FOF
025860,万家泓裕成长驱动混合发起式A,混合型
025861,万家泓裕成长驱动混合发起式C,混合型
025866,长信上证科创板综合指数增强A,指数型
025867,长信上证科创板综合指数增强C,指数型
025868,博时创业板综合ETF联接A,指数型
025869,博时创业板综合ETF联接C,指数型
025870,圆信永丰沪港深消费精选混合发起A,混合型
025871,圆信永丰沪港深消费精选混合发起C,混合型
025872,鑫元浦鑫回报混合A,混合型
025873,鑫元浦鑫回报混合C,混合型
025874,博道盛享品质成长混合,混合型
025875,富安达上证科创板综合指数增强A,指数型
025876,富安达上证科创板综合指数增强C,指数型
025877,易米远景量化选股股票A,股票型
025878,易米远景量化选股股票C,股票型
025880,汇添富科技领先混合A,混合型
025881,汇添富科技领先混合C,混合型
025882,广发沪深300指数增强Y,指数型
025883,汇添富上证综合指数Y,指数型
025884,东方城镇消费主题混合C,混合型
025885,先锋现金宝B,货币型
025886,鹏华新兴产业混合C,混合型
025887,国联金如意3个月滚动持有债券A,债券型
025888,国联金如意3个月滚动持有债券C,债券型
025889,国联金如意双利一年持有债券A,债券型
025890,国联金如意双利一年持有债券B,债券型
025891,国联金如意双利一年持有债券C,债券型
025894,景顺长城盈丰多元配置三个月持有期混合(ETF-FOF)A,FOF
025895,景顺长城盈丰多元配置三个月持有期混合(ETF-FOF)C,FOF
025896,国联汇富债券A,债券型
025897,国联汇富债券C,债券型
025898,景顺长城和熙稳进三个月持有混合(FOF)A,FOF
025899,景顺长城和熙稳进三个月持有混合(FOF)C,FOF
025900,景顺长城盈景保守配置三个月持有混合(FOF)A,FOF
025901,景顺长城盈景保守配置三个月持有混合(FOF)C,FOF
025902,天弘盈悦稳健配置6个月持有混合(FOF)A,FOF
025903,天弘盈悦稳健配置6个月持有混合(FOF)C,FOF
025904,兴证资管恒睿致胜混合发起式A,混合型
025905,兴证资管恒睿致胜混合发起式C,混合型
025906,东方红欣享稳健多资产6个月持有混合(FOF)A,FOF
025907,东方红欣享稳健多资产6个月持有混合(FOF)C,FOF
025908,华夏睿磐泰盛混合C,混合型
025909,东方红欣恒稳健3个月持有混合(FOF)A,FOF
025910,东方红欣恒稳健3个月持有混合(FOF)C,FOF
025911,东方红中证全指指数增强A,指数型
025912,东方红中证全指指数增强C,指数型
025913,平安盈顺3个月持有混合(ETF-FOF)A,FOF
025914,平安盈顺3个月持有混合(ETF-FOF)C,FOF
025915,鹏华产业债债券D,债券型
025916,兴银国证新能源车电池ETF发起式联接A,指数型
025917,兴银国证新能源车电池ETF发起式联接C,指数型
025918,易方达科技先锋混合A,混合型
025919,易方达科技先锋混合C,混合型
025920,易方达平衡精选混合,混合型
025921,易方达如意盈享6个月持有混合发起式(FOF)A,FOF
025922,易方达如意盈享6个月持有混合发起式(FOF)C,FOF
025923,平安新能源精选混合发起式A,混合型
025924,平安新能源精选混合发起式C,混合型
025925,景顺长城成长优选混合,混合型
025926,中信保诚医药精选混合A,混合型
025927,中信保诚医药精选混合C,混合型
025928,恒生前海成长先锋混合A,混合型
025929,恒生前海成长先锋混合C,混合型
025930,农银致远价值混合A,混合型
025931,农银致远价值混合C,混合型
025932,博道沪深300增强Y,指数型
025933,中欧价值裕享混合A,混合型
025934,中欧价值裕享混合C,混合型
025935,路博迈中证A500指数增强B,指数型
025936,中金沪深300指数增强Y,指数型
025937,华泰柏瑞恒生港股通高股息低波动ETF发起式联接A,指数型
025938,华泰柏瑞恒生港股通高股息低波动ETF发起式联接C,指数型
025939,圆信永丰兴益三个月定开债C,债券型
025940,浦银安盛港股通消费混合A,混合型
025941,浦银安盛港股通消费混合C,混合型
025942,广发新动力混合C,混合型
025943,财通泰和多资产一年持有期混合发起(FOF),FOF
025944,财通聚信稳健3个月持有期混合(FOF)A,FOF
025945,财通聚信稳健3个月持有期混合(FOF)C,FOF
025946,鹏华中债-0-3年AA+优选信用债指数I,指数型
025947,鹏华中债1-3年国开行债券指数I,指数型
025948,交银远见成长混合A,混合型
025949,诺安研究精选股票C,股票型
025950,鹏华易选稳健3个月持有期混合(FOF)A,FOF
025951,鹏华易选稳健3个月持有期混合(FOF)C,FOF
025952,平安天添利货币,货币型
025953,交银远见成长混合C,混合型
025954,华宝北证50成份指数A,指数型
025955,华宝北证50成份指数C,指数型
025956,新华科技优选混合发起A,混合型
025957,新华科技优选混合发起C,混合型
025958,南方中证全指自由现金流ETF联接A,指数型
025959,南方中证全指自由现金流ETF联接C,指数型
025960,国投瑞银创业板综合指数增强A,指数型
025961,国投瑞银创业板综合指数增强C,指数型
025962,永赢优选增强债券A,债券型
025963,永赢优选增强债券C,债券型
025964,广发创新成长混合A,混合型
025965,广发创新成长混合C,混合型
025966,国泰鼎利债券A,债券型
025967,国泰鼎利债券C,债券型
025968,建信科技智选股票型发起A,股票型
025969,建信科技智选股票型发起C,股票型
025970,安信成长共赢混合A,混合型
025971,安信成长共赢混合C,混合型
025972,汇丰晋信多元稳健配置3个月持有期混合(FOF)A,FOF
025973,汇丰晋信多元稳健配置3个月持有期混合(FOF)C,FOF
025974,工银添悦债券A,债券型
025975,前海联合弘利债券A,债券型
025976,前海联合弘利债券C,债券型
025977,大摩添益债券A,债券型
025978,大摩添益债券C,债券型
025979,万家元利债券A,债券型
025980,万家元利债券C,债券型
025981,工银添悦债券C,债券型
025982,鹏华中证500指数量化增强A,指数型
025983,鹏华中证500指数量化增强C,指数型
025984,鹏华中证500指数量化增强I,指数型
025985,东海领航精选3个月持有混合发起式A,混合型
025986,东海领航精选3个月持有混合发起式C,混合型
025987,东海领航精选3个月持有混合发起式D,混合型
025988,鹏华创新未来混合(LOF)A,混合型
025989,中欧鑫悦回报一年持有混合A,混合型
025990,中欧鑫悦回报一年持有混合C,混合型
025991,广发集辉债券A,债券型
025992,广发集辉债券C,债券型
025993,银华盛安六个月持有混合A,混合型
025994,银华盛安六个月持有混合C,混合型
025995,大成荣享混合A,混合型
025996,大成荣享混合C,混合型
025997,永赢汇欣混合A,混合型
025998,永赢汇欣混合C,混合型
025999,华宝安润六个月持有期债券A,债券型
026001,融通上证科创板综合指数增强A,指数型
026002,融通上证科创板综合指数增强C,指数型
026003,鹏安核心优选混合发起式A,混合型
026004,鹏安核心优选混合发起式C,混合型
026005,中海智选成长混合A,混合型
026006,中海智选成长混合C,混合型
026007,中金恒嘉稳健3个月持有债券发起C,债券型
026008,东财鑫享30天滚动持有中短债A,债券型
026009,东财鑫享30天滚动持有中短债C,债券型
026010,东财禧悦90天滚动持有中短债A,债券型
026011,东财禧悦90天滚动持有中短债C,债券型
026012,圆信永丰永福90天持有债券A,债券型
026013,圆信永丰永福90天持有债券C,债券型
026014,广发新锐智选混合C,混合型
026015,宏利印度股票(QDII)C,QDII
026017,银华盛泓债券E,债券型
026018,平安发现价值混合A,混合型
026019,平安发现价值混合C,混合型
026020,东财中证证券30ETF发起式联接E,指数型
026021,华夏增利一年持有债券A,债券型
026022,华夏增利一年持有债券C,债券型
026023,汇泉安悦90天持有债券A,债券型
026024,汇泉安悦90天持有债券C,债券型
026025,华夏六个月滚动持有债券A,债券型
026026,华夏六个月滚动持有债券C,债券型
026027,财信30天持有债券A,债券型
026028,财信30天持有债券C,债券型
026029,银河水星现金添利货币,货币型
026030,诺安理财宝货币E,货币型
026031,中欧稳达三个月滚动持有债券A,债券型
026032,中欧稳达三个月滚动持有债券C,债券型
026033,平安添元6个月持有债券A,债券型
026034,平安添元6个月持有债券C,债券型
026035,中欧稳达中短债债券A,债券型
026036,中欧稳达中短债债券C,债券型
026037,大成优享6个月持有期混合A,混合型
026038,大成优享6个月持有期混合C,混合型
026039,长信稳健添益债券A,债券型
026040,长信稳健添益债券C,债券型
026041,天弘普利90天持有债券A,债券型
026042,天弘普利90天持有债券C,债券型
026043,华泰保兴安元债券A,债券型
026044,华泰保兴安元债券C,债券型
026045,华商安元债券A,债券型
026046,华商安元债券C,债券型
026049,华夏卓安债券A,债券型
026050,华夏卓安债券C,债券型
026051,信澳鑫丰债券A,债券型
026052,信澳鑫丰债券C,债券型
026053,安信欣鑫回报债券A,债券型
026054,安信欣鑫回报债券C,债券型
026055,东方红汇裕债券A,债券型
026056,东方红汇裕债券C,债券型
026057,兴全嘉益债券A,债券型
026058,兴全嘉益债券C,债券型
026059,联博中证500指数增强A,指数型
026060,联博中证500指数增强C,指数型
026061,国泰民安增利债券F,债券型
026062,大成元瑞诚利债券A,债券型
026063,大成元瑞诚利债券C,债券型
026064,苏新苏匠债券A,债券型
026065,苏新苏匠债券C,债券型
026066,易方达成长驱动混合A,混合型
026067,易方达成长驱动混合C,混合型
026068,新华低碳经济混合发起A,混合型
026069,新华低碳经济混合发起C,混合型
026070,安信港股通臻选混合发起A,混合型
026071,安信港股通臻选混合发起C,混合型
026072,广发研究智选混合A,混合型
026073,广发研究智选混合C,混合型
026074,恒生前海成长动力混合A,混合型
026075,恒生前海成长动力混合C,混合型
026076,恒生前海港股通科技成长混合A,混合型
026077,恒生前海港股通科技成长混合C,混合型
026078,中航卓越领航混合发起A,混合型
026079,中航卓越领航混合发起C,混合型
026080,鹏华创兴增利债券E,债券型
026081,财通资管优质研选混合发起式A,混合型
026082,财通资管优质研选混合发起式C,混合型
026083,财通资管中证500指数增强A,指数型
026084,财通资管中证500指数增强C,指数型
026085,汇丰晋信慧泰债券A,
026086,汇丰晋信慧泰债券C,
026087,东方强化收益债券C,债券型
026088,广发现金增利货币,货币型
026089,上银医疗创新混合发起式A,混合型
026090,上银医疗创新混合发起式C,混合型
026091,国泰中证港股通汽车产业主题ETF发起联接A,指数型
026092,国泰中证港股通汽车产业主题ETF发起联接C,指数型
026093,易方达中证A500量化增强A,指数型
026094,易方达中证A500量化增强C,指数型
026095,易方达创业板50ETF联接A,指数型
026096,易方达创业板50ETF联接C,指数型
026097,前海开源安和债券A,债券型
026098,前海开源安和债券C,债券型
026099,平安盈安3个月持有混合(ETF-FOF)A,FOF
026100,平安盈安3个月持有混合(ETF-FOF)C,FOF
026101,前海开源康悦稳健养老一年持有混合(FOF)Y,FOF
026102,天弘盈安六个月持有混合(FOF)A,FOF
026103,天弘盈安六个月持有混合(FOF)C,FOF
026104,工银盈泰稳健6个月持有混合(FOF),FOF
026105,万家如意添瑞三个月持有期混合发起式(FOF)A,FOF
026106,万家如意添瑞三个月持有期混合发起式(FOF)C,FOF
026107,万家国证港股通科技ETF发起式联接A,指数型
026108,万家国证港股通科技ETF发起式联接C,指数型
026109,广发中证500指数量化增强A,指数型
026110,广发中证500指数量化增强C,指数型
026111,建信智远多元配置3个月持有混合发起(FOF)A,FOF
026112,建信智远多元配置3个月持有混合发起(FOF)C,FOF
026113,鑫元中证港股通科技指数A,指数型
026114,鑫元中证港股通科技指数C,指数型
026115,广发悦盈稳健三个月持有混合发起式(FOF)A,FOF
026116,广发悦盈稳健三个月持有混合发起式(FOF)C,FOF
026117,东财上证科创200指数A,指数型
026118,东财上证科创200指数C,指数型
026119,东财北证50指数增强发起式A,指数型
026120,东财北证50指数增强发起式C,指数型
026121,前海联合现金添利货币,货币型
026122,申万菱信天天增,货币型
026123,申万菱信天添利,货币型
026124,汇丰晋信周期优选股票A,股票型
026125,汇丰晋信周期优选股票C,股票型
026126,山证资管改革精选混合C,混合型
026127,鹏扬多元均衡三个月持有混合(ETF-FOF)A,FOF
026128,鹏扬多元均衡三个月持有混合(ETF-FOF)C,FOF
026129,永赢中证工程机械主题指数A,指数型
026130,永赢中证工程机械主题指数C,指数型
026131,永赢国证工业软件主题指数A,指数型
026132,永赢国证工业软件主题指数C,指数型
026133,鹏华睿和90天持有期债券A,债券型
026134,鹏华睿和90天持有期债券C,债券型
026135,泰康裕泽债券A,债券型
026136,泰康裕泽债券C,债券型
026137,山证资管策略精选混合C,混合型
026138,方正富邦金小宝货币C,货币型
026139,汇安均衡优选混合C,混合型
026140,财信芙璟混合A,混合型
026141,财信芙璟混合C,混合型
026142,民生加银多元稳裕配置3个月持有混合(FOF)A,FOF
026143,民生加银多元稳裕配置3个月持有混合(FOF)C,FOF
026145,南方浩信积极3个月持有混合(FOF)A,FOF
026146,南方浩信积极3个月持有混合(FOF)C,FOF
026147,鹏华上证科创板100指数增强A,指数型
026148,鹏华上证科创板100指数增强C,指数型
026149,鹏华上证科创板100指数增强I,指数型
026150,国投瑞银增利宝货币E,货币型
026151,农银创业板指数A,指数型
026152,农银创业板指数C,指数型
026153,国泰海通君得明混合C,混合型
026154,红土创新医疗保健股票C,股票型
026155,红土创新新科技股票C,股票型
026156,鑫元鑫选盈泰进取配置3个月持有期混合发起式(ETF-FOF)A,FOF
026157,鑫元鑫选盈泰进取配置3个月持有期混合发起式(ETF-FOF)C,FOF
026158,鹏华上证科创板200指数增强A,指数型
026159,鹏华上证科创板200指数增强C,指数型
026161,招商安琪债券A,债券型
026162,招商安琪债券C,债券型
026163,英大上证科创板综合指数增强发起A,指数型
026164,英大上证科创板综合指数增强发起C,指数型
026167,国泰港股通精选混合发起A,混合型
026168,国泰港股通精选混合发起C,混合型
026169,华富安沣债券A,债券型
026170,华富安沣债券C,债券型
026171,景顺长城丰泽稳健债券A,债券型
026172,景顺长城丰泽稳健债券C,债券型
026173,路博迈港股通科技股票A,股票型
026174,路博迈港股通科技股票C,股票型
026175,路博迈中证A股指数增强A,指数型
026176,路博迈中证A股指数增强C,指数型
026177,华商品质甄选混合A,混合型
026178,华商品质甄选混合C,混合型
026179,长江上证科创板综合指数增强发起A,指数型
026180,长江上证科创板综合指数增强发起C,指数型
026181,南方惠益稳健添利债券A,债券型
026182,南方惠益稳健添利债券C,债券型
026183,长江中证全指指数增强发起A,指数型
026184,长江中证全指指数增强发起C,指数型
026185,恒生前海北证50成份指数增强A,指数型
026186,恒生前海北证50成份指数增强C,指数型
026187,中邮周期精选混合发起式A,混合型
026188,中邮周期精选混合发起式C,混合型
026189,路博迈添航债券A,债券型
026190,路博迈添航债券C,债券型
026193,摩根恒睿债券A,债券型
026194,摩根恒睿债券C,债券型
026195,易方达港股通医药混合A,混合型
026196,易方达港股通医药混合C,混合型
026197,易方达悦恒稳健债券A,债券型
026198,易方达悦恒稳健债券C,债券型
026199,大摩港股通多元成长混合A,混合型
026200,大摩港股通多元成长混合C,混合型
026201,诺安利鑫灵活配置混合D,混合型
026202,上银丰泽混合发起式A,混合型
026203,上银丰泽混合发起式C,混合型
026204,中欧添瑞债券A,债券型
026205,中欧添瑞债券C,债券型
026206,宝盈恒生科技指数(QDII)A,指数型
026207,宝盈恒生科技指数(QDII)C,指数型
026208,金元顺安丰惠债券A,债券型
026209,金元顺安丰惠债券C,债券型
026210,平安科技精选混合发起式A,混合型
026211,平安科技精选混合发起式C,混合型
026212,工银科技智选混合A,混合型
026213,工银科技智选混合C,混合型
026214,融通增和债券A,债券型
026215,融通增和债券C,债券型
026219,泰康金泰回报3个月持有C,混合型
026220,东海增裕债券发起式A,债券型
026221,财通沣悦回报债券A,债券型
026222,财通沣悦回报债券C,债券型
026223,广发消费领航股票发起式A,股票型
026224,广发消费领航股票发起式C,股票型
026225,招商添兴6个月定开债C,债券型
026226,东海增裕债券发起式C,债券型
026227,恒越优势精选混合C,混合型
026228,富国全球科技互联网股票(QDII)D,QDII
026229,招商资管中证同业存单AAA指数7天持有期,指数型
026230,中银淳益混合A,混合型
026231,中银淳益混合C,混合型
026233,东财瑞兴债券A,债券型
026234,东财瑞兴债券C,债券型
026235,广发平衡精选混合A,混合型
026236,广发平衡精选混合C,混合型
026237,广发平衡精选混合D,混合型
026238,广发平衡精选混合E,混合型
026239,南方逸享稳健添利债券A,债券型
026240,南方逸享稳健添利债券C,债券型
026241,万家增强收益债券A,债券型
026242,中银证券安怡债券A,债券型
026243,中银证券安怡债券C,债券型
026245,红土创新新兴产业混合C,混合型
026246,汇丰晋信港股精选股票(QDII)人民币A,QDII
026247,汇丰晋信港股精选股票(QDII)人民币C,QDII
026248,汇丰晋信港股精选股票(QDII)美元现汇A,QDII
026249,长城稳固收益债券D,债券型
026250,山证资管中证同业存单AAA指数7天持有,指数型
026251,易方达消费机遇混合A,混合型
026252,易方达消费机遇混合C,混合型
026253,国泰产业升级混合发起A,混合型
026254,国泰产业升级混合发起C,混合型
026255,国寿安保中证800指数增强A,指数型
026256,国寿安保中证800指数增强C,指数型
026257,平安新锐量化选股混合发起式A,混合型
026258,平安新锐量化选股混合发起式C,混合型
026259,银华医疗创新混合(QDII)A,QDII
026260,银华医疗创新混合(QDII)C,QDII
026261,银华智享混合A,混合型
026262,银华智享混合C,混合型
026263,平安港股通均衡配置混合A,混合型
026264,平安港股通均衡配置混合C,混合型
026265,广发储能电池ETF联接A,指数型
026266,广发储能电池ETF联接C,指数型
026267,兴业臻选回报混合A,混合型
026268,兴业臻选回报混合C,混合型
026269,万家消费机遇混合A,混合型
026270,万家消费机遇混合C,混合型
026271,上银消费机遇混合发起式A,混合型
026272,上银消费机遇混合发起式C,混合型
026273,平安数字经济精选混合发起式A,混合型
026274,平安数字经济精选混合发起式C,混合型
026275,海富通沪深300增强Y,指数型
026276,华泰紫金天天金货币ETFD,货币型
026277,泉果竞争优势混合A,混合型
026278,泉果竞争优势混合C,混合型
026281,博时合鑫货币C,货币型
026282,东方红先锋锐选混合发起A,混合型
026283,东方红先锋锐选混合发起C,混合型
026284,东方红嘉享混合发起A,混合型
026285,东方红嘉享混合发起C,混合型
026286,华宝优势产业混合A,混合型
026287,华宝优势产业混合C,混合型
026290,红土创新科技创新股票(LOF)C,股票型
026291,中欧港股消费混合发起(QDII)A,QDII
026292,中欧港股消费混合发起(QDII)C,QDII
026293,红土精选混合C,混合型
026294,民生加银现金增利货币C,货币型
026295,前海开源中证民企300ETF发起式联接A,指数型
026296,前海开源中证民企300ETF发起式联接C,指数型
026297,国投瑞银钱多宝货币D,货币型
026300,前海开源裕安3个月持有期混合(FOF)A,FOF
026301,前海开源裕安3个月持有期混合(FOF)C,FOF
026302,国寿安保增金宝货币C,货币型
026303,上银科技创新股票发起式A,股票型
026304,上银科技创新股票发起式C,股票型
026305,西部利得汇和债券A,债券型
026306,西部利得汇和债券C,债券型
026307,新华锦利债券A,债券型
026308,新华锦利债券C,债券型
026309,长信均衡配置混合,混合型
026310,中信建投双颐3个月持有期债券A,债券型
026311,中信建投双颐3个月持有期债券C,债券型
026312,惠升和利安丰60天持有债券A,债券型
026313,惠升和利安丰60天持有债券C,债券型
026314,广发多添利六个月持有债券A,债券型
026315,广发多添利六个月持有债券C,债券型
026316,广发弘利3个月滚动持有债券A,债券型
026317,广发弘利3个月滚动持有债券C,债券型
026318,广发昭利中短债A,债券型
026319,广发昭利中短债B,债券型
026320,广发昭利中短债C,债券型
026321,广发乾利一年持有债券A,债券型
026322,广发乾利一年持有债券C,债券型
026323,广发消费智选混合A,混合型
026324,广发消费智选混合C,混合型
026325,上银慧达双利债券A,债券型
026326,上银慧达双利债券C,债券型
026327,广发乾元价值增长混合A,混合型
026328,广发乾元价值增长混合C,混合型
026331,博时兴盛货币C,货币型
026332,广发盛世精选混合A,混合型
026333,广发盛世精选混合C,混合型
026336,民生加银添益债券A,债券型
026337,民生加银添益债券C,债券型
026338,国泰盈享配置6个月持有混合发起(FOF)A,FOF
026339,国泰盈享配置6个月持有混合发起(FOF)C,FOF
026340,大成招享汇智混合A,混合型
026341,大成招享汇智混合C,混合型
026342,兴银长乐定开债C,债券型
026343,富国智安稳健90天持有期混合(FOF)A,FOF
026344,富国智安稳健90天持有期混合(FOF)C,FOF
026345,国寿安保鑫钱包货币E,货币型
026346,国寿安保添利货币C,货币型
026347,华富淳信稳健3个月持有期混合(ETF-FOF)A,FOF
026348,华富淳信稳健3个月持有期混合(ETF-FOF)C,FOF
026349,信澳盈泰稳健3个月持有期混合型(FOF)A,FOF
026350,信澳盈泰稳健3个月持有期混合型(FOF)C,FOF
026351,博道衍晟混合A,混合型
026352,博道衍晟混合C,混合型
026353,财通泓盛平衡混合A,混合型
026354,财通泓盛平衡混合C,混合型
026355,交银穗享多资产六个月持有期混合(FOF)A,FOF
026356,交银穗享多资产六个月持有期混合(FOF)C,FOF
026357,平安港股医疗优选股票(QDII)A,QDII
026358,平安港股医疗优选股票(QDII)C,QDII
026359,易方达中证800增强A,指数型
026360,易方达中证800增强C,指数型
026361,财通资管双泰债券A,债券型
026362,财通资管双泰债券C,债券型
026367,永赢致远成长混合A,混合型
026368,永赢致远成长混合C,混合型
026369,富国上证科创板200ETF发起式联接A,指数型
026370,富国上证科创板200ETF发起式联接C,指数型
026371,南方稳源优选3个月持有混合(FOF)A,FOF
026372,南方稳源优选3个月持有混合(FOF)C,FOF
026373,鹏华中债0-3年政金债指数I,指数型
026374,中金睿见优选股票A,股票型
026375,中金睿见优选股票C,股票型
026376,景顺长城衡瑞精选混合,混合型
026378,广发成长回报混合A,混合型
026379,广发成长回报混合C,混合型
026380,国泰海通善选稳健配置三个月持有混合(FOF)A,FOF
026381,国泰海通善选稳健配置三个月持有混合(FOF)C,FOF
026382,中航洞见领航混合A,混合型
026383,中航洞见领航混合C,混合型
026384,中航甄选领航混合发起A,混合型
026385,中航甄选领航混合发起C,混合型
026386,中欧价值锐选混合A,混合型
026387,中欧价值锐选混合C,混合型
026388,招商资管上证科创板人工智能指数发起A,指数型
026389,招商资管上证科创板人工智能指数发起C,指数型
026390,招商智享优选3个月持有期混合发起式(ETF-FOF)A,FOF
026391,招商智享优选3个月持有期混合发起式(ETF-FOF)C,FOF
026394,招商裕田混合发起式A,混合型
026395,招商裕田混合发起式C,混合型
026396,鹏扬科技先锋混合A,混合型
026397,鹏扬科技先锋混合C,混合型
026398,英大现金宝C,货币型
026403,鹏安安泰利率债A,债券型
026404,鹏安安泰利率债C,债券型
026405,永赢丰享90天持有债券A,债券型
026406,永赢丰享90天持有债券C,债券型
026407,中泰稳固90天持有债券A,债券型
026408,中泰稳固90天持有债券C,债券型
026411,广发添益120天滚动持有债券A,债券型
026412,广发添益120天滚动持有债券C,债券型
026413,中邮睿信增强债券C,债券型
026414,国富强化收益债券D,债券型
026415,汇百川CFETS0-5年期气候变化高等级债券综合指数,指数型
026416,中欧盈享稳健6个月持有混合(FOF)A,FOF
026417,中欧盈享稳健6个月持有混合(FOF)C,FOF
026418,东财上证科创100指数A,指数型
026419,东财上证科创100指数C,指数型
026420,大摩多因子策略混合C,混合型
026421,大摩ESG量化混合C,混合型
026422,永赢现金惠货币,货币型
026423,汇百川稳航增强债券A,债券型
026424,汇百川稳航增强债券C,债券型
026425,景顺长城景气驱动混合,混合型
026428,永赢上证科创板200指数A,指数型
026429,永赢上证科创板200指数C,指数型
026430,华商核心优选混合A,混合型
026431,华商核心优选混合C,混合型
026433,华泰柏瑞中证A500指数增强A,指数型
026434,华泰柏瑞中证A500指数增强C,指数型
026435,金信民旺债券E,债券型
026436,鹏华添鑫90天持有期债券A,债券型
026437,鹏华添鑫90天持有期债券C,债券型
026438,建信恒生生物科技指数A,指数型
026439,建信恒生生物科技指数C,指数型
026440,永赢价值核心混合A,混合型
026441,永赢价值核心混合C,混合型
026442,国泰海通港股优势精选股票发起(QDII)A,QDII
026443,国泰海通港股优势精选股票发起(QDII)C,QDII
026444,易方达中证细分有色金属产业主题指数发起式A,指数型
026445,易方达中证细分有色金属产业主题指数发起式C,指数型
026446,中欧稳泰120天持有债券A,债券型
026447,中欧稳泰120天持有债券C,债券型
026448,大摩沪港深科技混合A,混合型
026449,大摩沪港深科技混合C,混合型
026450,天弘稳益优选混合A,混合型
026451,天弘稳益优选混合C,混合型
026452,天弘弘华混合A,混合型
026453,天弘弘华混合C,混合型
026456,银华启元债券A,债券型
026457,银华启元债券C,债券型
026458,银华中证有色金属ETF联接A,指数型
026459,银华中证有色金属ETF联接C,指数型
026462,景顺长城均衡增长股票,股票型
026463,景顺长城信优成长混合A,混合型
026464,人保睿逸智选混合A,混合型
026465,人保睿逸智选混合C,混合型
026466,西部利得智享量化选股混合A,混合型
026467,西部利得智享量化选股混合C,混合型
026468,山证资管数字经济锐选股票发起式A,股票型
026469,山证资管数字经济锐选股票发起式C,股票型
026470,泓德医药精选混合发起式A,混合型
026471,泓德医药精选混合发起式C,混合型
026472,益民创新优势混合C,混合型
026473,西部利得周期鑫选混合发起A,混合型
026474,西部利得周期鑫选混合发起C,混合型
026475,西部利得创新驱动鑫选混合发起A,混合型
026476,西部利得创新驱动鑫选混合发起C,混合型
026477,招商中证有色金属矿业主题ETF发起式联接A,指数型
026478,招商中证有色金属矿业主题ETF发起式联接C,指数型
026479,农银消费启航混合A,混合型
026480,农银消费启航混合C,混合型
026481,农银瑞恒债券A,债券型
026482,农银瑞恒债券C,债券型
026483,华泰柏瑞启臻混合,混合型
026484,富达任远稳惠三个月持有混合(FOF)A,FOF
026485,富达任远稳惠三个月持有混合(FOF)C,FOF
026486,大成竞先成长混合A,混合型
026487,大成竞先成长混合C,混合型
026488,安信资源睿选股票发起A,股票型
026489,安信资源睿选股票发起C,股票型
026490,天弘价值成长混合A,混合型
026491,天弘价值成长混合C,混合型
026493,恒生前海丰元兴瑞债券A,债券型
026494,恒生前海丰元兴瑞债券C,债券型
026495,东方红消费研选混合发起A,混合型
026496,东方红消费研选混合发起C,混合型
026497,中银招享6个月持有混合A,混合型
026498,中银招享6个月持有混合C,混合型
026499,富国嘉汇债券A,债券型
026500,富国嘉汇债券C,债券型
026501,汇添富增益回报债券A,债券型
026502,汇添富增益回报债券C,债券型
026504,兴银国证消费电子主题指数A,指数型
026505,兴银国证消费电子主题指数C,指数型
026506,建信丰享债券A,债券型
026507,建信丰享债券C,债券型
026508,中邮睿福债券A,债券型
026509,中邮睿福债券C,债券型
026510,广发优选回报混合A,混合型
026511,广发优选回报混合C,混合型
026512,睿远研选均衡三年持有混合发起式,混合型
026513,弘毅远方北证50成份指数I,指数型
026514,上银中证全指指数增强发起式A,指数型
026515,上银中证全指指数增强发起式C,指数型
026516,上银科技先锋股票发起式A,股票型
026517,上银科技先锋股票发起式C,股票型
026518,交银鸿宁三个月持有期债券A,债券型
026519,交银鸿宁三个月持有期债券C,债券型
026520,财通资管量化选股股票发起式A,股票型
026521,财通资管量化选股股票发起式C,股票型
026524,泰信消费精选混合发起式A,混合型
026525,泰信消费精选混合发起式C,混合型
026526,鹏华创业板新能源ETF发起式联接A,指数型
026527,鹏华创业板新能源ETF发起式联接C,指数型
026529,贝莱德富元金利混合A,混合型
026530,贝莱德富元金利混合C,混合型
026531,富国鑫年混合(FOF)C,FOF
026532,宏利优势企业混合A,混合型
026533,宏利优势企业混合C,混合型
026534,兴业恒生科技指数(QDII)A,指数型
026535,兴业恒生科技指数(QDII)C,指数型
026538,融通科技臻选混合发起式A,混合型
026539,融通科技臻选混合发起式C,混合型
026540,鹏华成长进取混合A,混合型
026541,鹏华成长进取混合C,混合型
026542,鑫元中证A500指数A,指数型
026543,鑫元中证A500指数C,指数型
026544,平安中证卫星产业指数E,指数型
026545,中银养老目标日期2050五年持有混合发起(FOF)Y,FOF
026551,东方和煦30天持有期债券A,债券型
026552,东方和煦30天持有期债券C,债券型
026553,南方量化成长股票C,股票型
026554,南方中证港股通互联网ETF发起联接A,指数型
026555,南方中证港股通互联网ETF发起联接C,指数型
026556,摩根均衡成长混合A,混合型
026557,摩根均衡成长混合C,混合型
026558,摩根港股通宁远成长混合A,混合型
026559,摩根港股通宁远成长混合C,混合型
026560,国泰海通低碳经济睿选混合发起A,混合型
026561,国泰海通低碳经济睿选混合发起C,混合型
026562,国泰海通制造升级睿选混合发起A,混合型
026563,国泰海通制造升级睿选混合发起C,混合型
026564,富国智汇稳健3个月持有期混合(FOF)A,FOF
026565,富国智汇稳健3个月持有期混合(FOF)C,FOF
026568,天弘悦享臻选三个月持有混合(FOF)A,FOF
026569,天弘悦享臻选三个月持有混合(FOF)C,FOF
026570,国泰多资产增益先锋3个月持有混合发起(FOF)A,FOF
026571,国泰多资产增益先锋3个月持有混合发起(FOF)C,FOF
026574,鑫元景气睿选混合A,混合型
026575,鑫元景气睿选混合C,混合型
026576,摩根聚利稳健三个月持有期混合(FOF)A,FOF
026577,摩根聚利稳健三个月持有期混合(FOF)C,FOF
026578,广发悦丰多元稳健三个月持有混合(FOF)A,FOF
026579,广发悦丰多元稳健三个月持有混合(FOF)C,FOF
026582,建信泓泰多元配置3个月持有混合(FOF)A,FOF
026583,建信泓泰多元配置3个月持有混合(FOF)C,FOF
026584,招商智盈优选6个月持有期混合(FOF)A,FOF
026585,招商智盈优选6个月持有期混合(FOF)C,FOF
026586,东方红货币F,货币型
026587,光大安选平衡养老目标三年持有混合(FOF)Y,FOF
026588,国投瑞银聚福稳健3个月持有期混合(FOF)A,FOF
026589,国投瑞银聚福稳健3个月持有期混合(FOF)C,FOF
026590,国泰海通稳健汇利债券A,债券型
026591,国泰海通稳健汇利债券C,债券型
026594,万家润安稳健三个月持有期混合(FOF)A,FOF
026595,万家润安稳健三个月持有期混合(FOF)C,FOF
026596,南方稳嘉多元配置3个月持有混合(FOF)A,FOF
026597,南方稳嘉多元配置3个月持有混合(FOF)C,FOF
026598,易方达如意盈泽6个月持有混合(FOF)A,FOF
026599,易方达如意盈泽6个月持有混合(FOF)C,FOF
026600,明亚远臻智选混合A,混合型
026601,明亚远臻智选混合C,混合型
026602,国泰产业机遇混合发起A,混合型
026603,国泰产业机遇混合发起C,混合型
026604,交银沃享稳健三个月持有期混合(FOF)A,FOF
026605,交银沃享稳健三个月持有期混合(FOF)C,FOF
026606,南方中证港股通50ETF联接A,指数型
026607,南方中证港股通50ETF联接C,指数型
026608,德邦沪深300指数增强A,指数型
026609,工银前瞻成长混合A,混合型
026610,工银前瞻成长混合C,混合型
026613,国泰上证科创板人工智能ETF发起联接A,指数型
026614,国泰上证科创板人工智能ETF发起联接C,指数型
026615,国泰中证A500ETF发起联接Y,指数型
026616,安信均衡致远混合,混合型
026617,万家致远动力混合发起式A,混合型
026618,万家致远动力混合发起式C,混合型
026619,安信消费睿选股票发起A,股票型
026620,安信消费睿选股票发起C,股票型
026621,富国价值策略混合,混合型
026622,招商上证科创板芯片设计主题指数发起式A,指数型
026623,招商上证科创板芯片设计主题指数发起式C,指数型
026624,国泰瑞乐6个月持有混合发起(FOF)A,FOF
026625,国泰瑞乐6个月持有混合发起(FOF)C,FOF
026626,建信消费严选股票A,股票型
026627,建信消费严选股票C,股票型
026628,明亚多元配置三个月持有期混合(FOF)A,FOF
026629,明亚多元配置三个月持有期混合(FOF)C,FOF
026630,天弘中证智选质量领先50指数A,指数型
026631,天弘中证智选质量领先50指数C,指数型
026632,平安半导体领航精选混合发起式A,混合型
026633,平安半导体领航精选混合发起式C,混合型
026634,平安久瑞回报混合A,混合型
026635,平安久瑞回报混合C,混合型
026636,国联昭元债券A,债券型
026637,国联昭元债券C,债券型
026638,新华医疗创新混合发起A,混合型
026639,新华医疗创新混合发起C,混合型
026640,富国恒鑫3个月持有期混合(ETF-FOF)A,FOF
026641,富国恒鑫3个月持有期混合(ETF-FOF)C,FOF
026642,富国数字经济混合A,混合型
026643,富国数字经济混合C,混合型
026644,易方达成长领航混合A,混合型
026645,易方达成长领航混合C,混合型
026646,易方达恒生港股通汽车主题ETF联接发起式A,指数型
026647,易方达恒生港股通汽车主题ETF联接发起式C,指数型
026648,易方达港股通消费混合A,混合型
026649,易方达港股通消费混合C,混合型
026652,景顺长城和熙睿安三个月持有混合(FOF)A,FOF
026653,景顺长城和熙睿安三个月持有混合(FOF)C,FOF
026654,汇添富上证科创板人工智能ETF发起式联接A,指数型
026655,汇添富上证科创板人工智能ETF发起式联接C,指数型
026658,中银先锋半导体混合发起A,混合型
026659,中银先锋半导体混合发起C,混合型
026662,建信资源严选股票发起A,股票型
026663,建信资源严选股票发起C,股票型
026666,华泰紫金策略精选混合A,混合型
026667,华泰紫金策略精选混合C,混合型
026668,上银稳健睿享三个月持有(FOF)A,FOF
026669,上银稳健睿享三个月持有(FOF)C,FOF
026670,天弘价值共享混合,混合型
026671,招商中证全指红利质量ETF发起式联接A,指数型
026672,招商中证全指红利质量ETF发起式联接C,指数型
026673,长江医药健康精选混合发起A,混合型
026674,长江医药健康精选混合发起C,混合型
026675,德邦沪深300指数增强C,指数型
026676,创金合信弘达债券A,债券型
026677,创金合信弘达债券C,债券型
026678,恒越嘉润量化选股混合A,混合型
026679,恒越嘉润量化选股混合C,混合型
026680,永赢产业机遇智选混合发起A,混合型
026681,永赢产业机遇智选混合发起C,混合型
026682,博时盈泰臻选6个月持有期混合(FOF)A,FOF
026683,博时盈泰臻选6个月持有期混合(FOF)C,FOF
026684,永赢锐见成长混合A,混合型
026685,永赢锐见成长混合C,混合型
026686,兴华景睿混合发起A,混合型
026687,兴华景睿混合发起C,混合型
026688,汇添富中证港股通综合指数增强A,指数型
026689,汇添富中证港股通综合指数增强C,指数型
026690,华泰柏瑞中证全指指数增强A,指数型
026691,华泰柏瑞中证全指指数增强C,指数型
026692,兴银创业板综合指数增强A,指数型
026693,兴银创业板综合指数增强C,指数型
026696,天弘多利一年定开混合C,混合型
026699,新华大盘成长量化选股混合发起A,混合型
026700,新华大盘成长量化选股混合发起C,混合型
026701,泰康中证全指电力公用事业指数A,指数型
026702,泰康中证全指电力公用事业指数C,指数型
026703,长城港股价值优选股票(QDII)A,QDII
026704,长城港股价值优选股票(QDII)C,QDII
026705,方正富邦恒信双利债券A,债券型
026706,方正富邦恒信双利债券C,债券型
026707,永赢元鑫稳健多资产六个月持有混合(FOF)A,FOF
026708,永赢元鑫稳健多资产六个月持有混合(FOF)C,FOF
026709,景顺长城智享混合,混合型
026710,富国核心动力混合A,混合型
026711,富国核心动力混合C,混合型
026715,大成国证石油天然气指数型发起式A,指数型
026716,大成国证石油天然气指数型发起式C,指数型
026718,银华中证科创创业50ETF发起式联接A,指数型
026719,银华中证科创创业50ETF发起式联接C,指数型
026720,平安中证光伏产业ETF联接发起式A,指数型
026721,平安中证光伏产业ETF联接发起式C,指数型
026722,浙商中证A500指数增强A,指数型
026723,浙商中证A500指数增强C,指数型
026728,中信保诚科技智选混合A,混合型
026729,中信保诚科技智选混合C,混合型
026730,富国价值回报混合A,混合型
026731,富国价值回报混合C,混合型
026732,广发成长甄选混合A,混合型
026733,广发成长甄选混合C,混合型
026736,交银中证A500指数增强发起A,指数型
026737,交银中证A500指数增强发起C,指数型
026738,人保创业板综合指数增强A,指数型
026739,人保创业板综合指数增强C,指数型
026742,中欧中证A500指数量化增强A,指数型
026743,中欧中证A500指数量化增强C,指数型
026746,上银医药精选股票发起式A,股票型
026747,上银医药精选股票发起式C,股票型
026750,华泰紫金明睿债券A,债券型
026751,华泰紫金明睿债券C,债券型
026752,国泰共赢未来混合发起A,混合型
026753,国泰共赢未来混合发起C,混合型
026754,华宝中证光伏产业指数发起,指数型
026755,华宝中证港股通信息技术ETF发起联接,指数型
026756,鑫元鑫锐量化选股混合发起式A,混合型
026757,鑫元鑫锐量化选股混合发起式C,混合型
026758,招商恒生港股通汽车主题指数发起式A,指数型
026759,招商恒生港股通汽车主题指数发起式C,指数型
026760,财信均衡致远混合发起式A,混合型
026761,财信均衡致远混合发起式C,混合型
026762,广发医疗创新精选混合发起式A,混合型
026763,广发医疗创新精选混合发起式C,混合型
026764,人保中证港股通互联网指数A,指数型
026765,人保中证港股通互联网指数C,指数型
026768,华泰保兴沪深300指数增强A,指数型
026769,华泰保兴沪深300指数增强C,指数型
026770,中银创业板50指数A,指数型
026771,中银创业板50指数C,指数型
026772,中银证券创业板ETF联接A,指数型
026773,中银证券创业板ETF联接C,指数型
026774,中欧中证500指数量化增强A,指数型
026775,中欧中证500指数量化增强C,指数型
026776,百嘉百泽60天持有纯债债券A,债券型
026777,百嘉百泽60天持有纯债债券C,债券型
026778,诺安智泉量化选股混合发起式A,混合型
026779,诺安智泉量化选股混合发起式C,混合型
026780,华泰保兴中证800指数增强A,指数型
026781,华泰保兴中证800指数增强C,指数型
026782,宏利泰和稳健养老目标一年持有混合(FOF)C,FOF
026783,诺安悦鑫90天持有期债A,债券型
026784,诺安悦鑫90天持有期债C,债券型
026785,鹏华中证A50ETF发起式联接A,指数型
026786,鹏华中证A50ETF发起式联接C,指数型
026787,鹏华上证科创板人工智能ETF发起式联接A,指数型
026788,鹏华上证科创板人工智能ETF发起式联接C,指数型
026789,中欧上证科创板人工智能指数A,指数型
026790,中欧上证科创板人工智能指数C,指数型
026791,博道星航混合,混合型
026792,泰信添瑞债券C,债券型
026793,信澳盈丰多元三个月持有期混合(FOF)A,FOF
026794,信澳盈丰多元三个月持有期混合(FOF)C,FOF
026797,诺安智盈优选三个月持有混合发起(FOF)A,FOF
026798,诺安智盈优选三个月持有混合发起(FOF)C,FOF
026799,招商智稳优选3个月持有期混合(FOF)A,FOF
026800,招商智稳优选3个月持有期混合(FOF)C,FOF
026801,景顺长城和熙安裕三个月持有混合(FOF)A,FOF
026802,景顺长城和熙安裕三个月持有混合(FOF)C,FOF
026803,宏利消费主题精选混合A,混合型
026804,宏利消费主题精选混合C,混合型
026805,广发稳泰多元机遇三个月持有混合(ETF-FOF)A,FOF
026806,广发稳泰多元机遇三个月持有混合(ETF-FOF)C,FOF
026807,易方达研究智选股票A,股票型
026808,易方达研究智选股票C,股票型
026809,易方达如意安瑞3个月持有混合(FOF)A,FOF
026810,易方达如意安瑞3个月持有混合(FOF)C,FOF
026812,富国智瑞稳健90天持有期混合(FOF)A,FOF
026813,富国智瑞稳健90天持有期混合(FOF)C,FOF
026814,兴全创业板综指增强发起式A,指数型
026815,兴全创业板综指增强发起式C,指数型
026816,富国创业板新能源ETF发起式联接A,指数型
026817,富国创业板新能源ETF发起式联接C,指数型
026818,安信远见共赢混合A,混合型
026819,安信远见共赢混合C,混合型
026820,南方医疗精选混合发起A,混合型
026821,南方医疗精选混合发起C,混合型
026822,长盛电子信息主题混合C,混合型
026823,兴银上证综合指数增强A,指数型
026824,兴银上证综合指数增强C,指数型
026825,中银健康生活混合C,混合型
026826,浦银安盛盈泰多元配置3个月持有混合(FOF)A,FOF
026827,浦银安盛盈泰多元配置3个月持有混合(FOF)C,FOF
026828,长城睿盈多元稳健3个月持有混合发起(FOF)A,FOF
026829,长城睿盈多元稳健3个月持有混合发起(FOF)C,FOF
026830,中欧预见稳瑞混合(FOF)C,FOF
026831,东吴优利债券A,债券型
026832,东吴优利债券C,债券型
026833,国寿安保尊利增强回报债券E,债券型
026834,诺安精选回报混合C,混合型
026835,太平中证港股通互联网指数A,指数型
026836,太平中证港股通互联网指数C,指数型
026837,财通资管周期研选混合发起式A,混合型
026838,财通资管周期研选混合发起式C,混合型
026839,万家医疗创新混合发起式A,混合型
026840,万家医疗创新混合发起式C,混合型
026841,华安创新动能混合A,混合型
026842,华安创新动能混合C,混合型
026843,国泰上证科创板200ETF发起联接A,指数型
026844,国泰上证科创板200ETF发起联接C,指数型
026845,汇添富添添乐双盈债券E,债券型
026846,华富安华债券D,债券型
026847,易方达中证港股通综合量化增强A,指数型
026848,易方达中证港股通综合量化增强C,指数型
026849,国寿安保薪金宝货币C,货币型
026850,泓德价值智选混合A,混合型
026851,泓德价值智选混合C,混合型
026852,交银远见精选混合A,混合型
026853,交银远见精选混合C,混合型
026854,平安匠心品质混合A,混合型
026855,平安匠心品质混合C,混合型
026856,富安达策略精选混合C,混合型
026857,富安达医药创新混合C,混合型
026858,景顺长城信优成长混合C,混合型
026859,华安智优量化选股股票A,股票型
026860,华夏中证A500增强策略ETF联接A,指数型
026861,华夏中证A500增强策略ETF联接C,指数型
026862,易方达恒生生物科技ETF联接发起式A,指数型
026863,易方达恒生生物科技ETF联接发起式C,指数型
026864,苏新韵启混合A,混合型
026865,苏新韵启混合C,混合型
026866,华安智优量化选股股票C,股票型
026869,兴业裕丰债券C,债券型
026870,鹏华卓越成长混合A,混合型
026871,鹏华卓越成长混合C,混合型
026872,汇添富消费新机遇混合发起式A,混合型
026873,汇添富消费新机遇混合发起式C,混合型
026874,人保新锐智选混合A,混合型
026875,人保新锐智选混合C,混合型
026876,诺安双利债券发起C,债券型
026884,招商国证港股通科技ETF发起式联接A,指数型
026885,招商国证港股通科技ETF发起式联接C,指数型
026886,财通资管消费研选混合发起式A,混合型
026887,财通资管消费研选混合发起式C,混合型
026888,创金合信上证科创板综合指数增强A,指数型
026889,创金合信上证科创板综合指数增强C,指数型
026890,兴合产业优选混合发起式A,混合型
026891,兴合产业优选混合发起式C,混合型
026892,兴合安元债券A,债券型
026893,兴合安元债券C,债券型
026894,华夏聚诚优选三个月持有混合(FOF)A,FOF
026895,华夏聚诚优选三个月持有混合(FOF)C,FOF
026897,华夏港股通消费精选混合A,混合型
026898,华夏港股通消费精选混合C,混合型
026901,华安沣泽6个月持有混合A,混合型
026902,华安沣泽6个月持有混合C,混合型
026903,融通消费臻选混合发起式A,混合型
026904,融通消费臻选混合发起式C,混合型
026908,汇添富稳进多资产三个月持有混合(FOF)A,FOF
026909,汇添富稳进多资产三个月持有混合(FOF)C,FOF
026910,富国智享稳健120天持有期混合(FOF)A,FOF
026911,富国智享稳健120天持有期混合(FOF)C,FOF
026912,景顺长城和熙安泰三个月持有混合(FOF)A,FOF
026913,景顺长城和熙安泰三个月持有混合(FOF)C,FOF
026914,渤海汇金多元积极配置3个月持有混合发起(ETF-FOF)A,FOF
026915,渤海汇金多元积极配置3个月持有混合发起(ETF-FOF)C,FOF
026916,创金合信稳健招利6个月持有期混合A,混合型
026917,创金合信稳健招利6个月持有期混合C,混合型
026918,大成启元价值混合A,混合型
026919,大成启元价值混合C,混合型
026922,华宝中证港股通医疗主题ETF发起式联接,指数型
026923,富国港股通成长精选混合A,混合型
026924,富国港股通成长精选混合C,混合型
026927,申万菱信多元配置3个月持有期混合(ETF-FOF)A,FOF
026928,申万菱信多元配置3个月持有期混合(ETF-FOF)C,FOF
026929,明亚稳健配置三个月持有期混合(FOF)A,FOF
026930,明亚稳健配置三个月持有期混合(FOF)C,FOF
026933,鑫元周期睿选混合发起式A,混合型
026934,鑫元周期睿选混合发起式C,混合型
026937,华泰紫金港股通价值研选混合发起A,混合型
026938,华泰紫金港股通价值研选混合发起C,混合型
026939,南方智汇量化选股混合A,混合型
026940,南方智汇量化选股混合C,混合型
026941,中加量化选股混合A,混合型
026942,中加量化选股混合C,混合型
026947,东方红周期研选混合发起A,混合型
026948,东方红周期研选混合发起C,混合型
026949,华宝中证全指电力公用事业ETF发起式联接,指数型
026954,华夏中证全指食品ETF联接A,指数型
026955,华夏中证全指食品ETF联接C,指数型
026958,银河中证电池主题指数发起式A,指数型
026959,银河中证电池主题指数发起式C,指数型
026960,惠升添益混合A,混合型
026961,惠升添益混合C,混合型
026962,鑫元北证50成份指数发起式A,指数型
026963,鑫元北证50成份指数发起式C,指数型
026964,安信颐祥双利六个月持有混合A,混合型
026965,安信颐祥双利六个月持有混合C,混合型
026970,泓德裕康债券D,债券型
026971,民生加银现金宝货币E,货币型
026972,大成天宁混合A,混合型
026973,大成天宁混合C,混合型
026974,兴业中证电池主题指数A,指数型
026975,兴业中证电池主题指数C,指数型
026978,中海铭嘉债券A,债券型
026979,中海铭嘉债券C,债券型
026982,博时恒信臻选6个月持有期混合(FOF)A,FOF
026983,博时恒信臻选6个月持有期混合(FOF)C,FOF
026986,汇泉科创创业量化选股混合A,混合型
026987,汇泉科创创业量化选股混合C,混合型
026990,国泰产业智选混合发起A,混合型
026991,国泰产业智选混合发起C,混合型
026992,博时恒乐债券B,债券型
026993,东方阿尔法瑞利混合发起A,混合型
026994,东方阿尔法瑞利混合发起C,混合型
026997,易方达成长景明混合A,混合型
026998,易方达成长景明混合C,混合型
026999,鑫元锦利定期开放C,债券型
027000,泓德周期臻选混合发起式A,混合型
027001,泓德周期臻选混合发起式C,混合型
027002,东方红鼎鸿债券A,债券型
027003,东方红鼎鸿债券C,债券型
027004,博道衍和债券A,债券型
027005,博道衍和债券C,债券型
027006,天弘安泽90天持有债券A,债券型
027007,天弘安泽90天持有债券C,债券型
027010,汇添富港股通周期精选混合A,混合型
027011,汇添富港股通周期精选混合C,混合型
027012,广发港股通医疗创新精选混合A,混合型
027013,广发港股通医疗创新精选混合C,混合型
027014,广发添享债券A,债券型
027015,广发添享债券C,债券型
027018,大成天启稳利债券A,债券型
027019,大成天启稳利债券C,债券型
027022,中银稳进睿利债券发起A,债券型
027023,中银稳进睿利债券发起C,债券型
027024,国金安裕债券A,债券型
027025,国金安裕债券C,债券型
027033,中银中证科创创业人工智能指数发起A,指数型
027034,中银中证科创创业人工智能指数发起C,指数型
027037,鹏华瑞衡鑫益180天持有期债券A,债券型
027038,鹏华瑞衡鑫益180天持有期债券C,债券型
027043,兴银中证科创创业人工智能指数A,指数型
027044,兴银中证科创创业人工智能指数C,指数型
027045,弘毅远方医疗创新混合A,混合型
027046,弘毅远方医疗创新混合C,混合型
027047,景顺长城中证科创创业人工智能ETF联接A,指数型
027048,景顺长城中证科创创业人工智能ETF联接C,指数型
027049,融通医疗创新臻选混合A,混合型
027050,融通医疗创新臻选混合C,混合型
027057,南方科技领航混合发起A,混合型
027058,南方科技领航混合发起C,混合型
027061,新华科技甄选混合发起A,混合型
027062,新华科技甄选混合发起C,混合型
027063,鹏华创新驱动混合C,混合型
027064,长信稳健汇利90天持有债券A,债券型
027065,长信稳健汇利90天持有债券C,债券型
027074,鹏安核心科技混合发起式A,混合型
027075,鹏安核心科技混合发起式C,混合型
027076,易方达恒安稳健6个月持有债券A,债券型
027077,易方达恒安稳健6个月持有债券C,债券型
027078,富国稳健添颐债券A,债券型
027079,富国稳健添颐债券C,债券型
027080,华夏季季鑫90天持有债券A,债券型
027081,华夏季季鑫90天持有债券C,债券型
027082,工银稳健丰汇180天持有债券C,债券型
027083,工银稳健丰汇180天持有债券A,债券型
027084,英大产业精选混合发起A,混合型
027085,英大产业精选混合发起C,混合型
027090,汇添富稳锦90天滚动持有债券A,债券型
027091,汇添富稳锦90天滚动持有债券C,债券型
027092,上银慧铭双利180天持有期债券发起式A,债券型
027093,上银慧铭双利180天持有期债券发起式C,债券型
027105,中银优秀企业混合C,混合型
027108,国泰民享稳健养老目标一年持有期混合发起式(FOF)Y,FOF
027109,农银沪深300指数Y,指数型
027110,天弘创业板新能源指数发起A,指数型
027111,天弘创业板新能源指数发起C,指数型
027113,易方达中证港股通医疗主题ETF联接发起式A,指数型
027114,易方达中证港股通医疗主题ETF联接发起式C,指数型
027115,兴业沪港深成长先锋混合发起式A,混合型
027116,兴业沪港深成长先锋混合发起式C,混合型
027117,东财新兴产业混合发起式A,混合型
027118,东财新兴产业混合发起式C,混合型
027137,广发中证红利低波指数发起式A,指数型
027138,广发中证红利低波指数发起式C,指数型
027139,国寿安保严选稳健养老一年持有混合(FOF)Y,FOF
027142,华夏上证科创板生物医药ETF发起式联接A,指数型
027143,华夏上证科创板生物医药ETF发起式联接C,指数型
027146,平安中证A50ETF联接Y,
027155,广发科创50ETF发起式联接Y,指数型
027156,鑫元启航混合发起式A,混合型
027157,鑫元启航混合发起式C,混合型
027166,汇添富中证金融科技主题ETF发起式联接A,指数型
027167,汇添富中证金融科技主题ETF发起式联接C,指数型
027168,南方丰泽稳健添利债券A,债券型
027169,南方丰泽稳健添利债券C,债券型
027170,交银环球精选混合(QDII)C,QDII
027171,万家家瑞债券D,债券型
027181,鹏华沪深300指数增强Y,指数型
027191,天弘中证畜牧养殖产业指数发起A,指数型
027192,天弘中证畜牧养殖产业指数发起C,指数型
027211,易方达如意安悦3个月持有混合(FOF)A,FOF
027212,易方达如意安悦3个月持有混合(FOF)C,FOF
027233,银华中证机器人ETF发起式联接A,
027234,银华中证机器人ETF发起式联接C,
040001,华安创新混合,混合型
040002,华安中国A股增强指数,指数型
040003,华安现金富利货币A,货币型
040004,华安宝利配置混合,混合型
040005,华安宏利混合A,混合型
040007,华安中小盘成长混合,混合型
040008,华安策略优选混合A,混合型
040009,华安稳定收益债券A,债券型
040010,华安稳定收益债券B,债券型
040011,华安核心优选混合A,混合型
040012,华安强化收益债券A,债券型
040013,华安强化收益债券B,债券型
040015,华安动态灵活配置混合A,混合型
040016,华安行业轮动混合,混合型
040018,华安香港精选股票(QDII),QDII
040019,华安稳固收益债券C,债券型
040020,华安升级主题混合A,混合型
040021,华安大中华升级股票(QDII)A,QDII
040022,华安可转债债券A,债券型
040023,华安可转债债券B,债券型
040025,华安科技动力混合A,混合型
040026,华安信用四季红债券A,债券型
040035,华安逆向策略混合A,混合型
040036,华安安心收益债券A,债券型
040037,华安安心收益债券B,债券型
040038,华安日日鑫货币A,货币型
040039,华安日日鑫货币B,货币型
040040,华安纯债债券A,债券型
040041,华安纯债债券C,债券型
040045,华安添鑫中短债A,债券型
040046,华安纳斯达克100ETF联接(QDII)A,指数型
040047,华安纳斯达克100ETF联接(QDII)A美元现钞,指数型
040048,华安纳斯达克100ETF联接(QDII)A美元现汇,指数型
040180,华安上证180ETF联接A,指数型
040190,华安上证50ETF联接A,指数型
041001,华安创新混合(后端),混合型
041002,华安中国A股增强指数(后端),指数型
041003,华安现金富利货币B,货币型
041004,华安宝利配置混合(后端),混合型
041005,华安宏利混合A(后端),混合型
041007,华安中小盘成长混合(后端),混合型
041008,华安策略优选混合A(后端),混合型
041009,华安稳定收益债券A(后端),债券型
041011,华安核心优选混合A(后端),混合型
050001,博时价值增长混合,混合型
050002,博时沪深300指数A,指数型
050003,博时现金收益货币A,货币型
050004,博时精选混合A,混合型
050006,博时稳定价值债券B,债券型
050007,博时平衡配置混合,混合型
050008,博时第三产业混合,混合型
050009,博时新兴成长混合,混合型
050010,博时特许价值混合A,混合型
050011,博时信用债券A/B,债券型
050012,博时策略混合,混合型
050013,博时上证超大盘ETF联接A,指数型
050014,博时创业成长混合A,混合型
050015,博时大中华亚太精选,QDII
050016,博时宏观回报债券A/B,债券型
050018,博时行业轮动混合,混合型
050019,博时转债增强债券A,债券型
050020,博时抗通胀增强回报,QDII
050021,博时创业板ETF联接A,指数型
050022,博时回报混合,混合型
050023,博时天颐债券A,债券型
050024,博时上证自然资源ETF联接A,指数型
050025,博时标普500ETF联接A,指数型
050026,博时医疗保健行业混合A,混合型
050027,博时信用债纯债债券A,债券型
050030,博时亚洲票息收益债券A人民币,QDII
050106,博时稳定价值债券A,债券型
050111,博时信用债券C,债券型
050116,博时宏观回报债券C,债券型
050119,博时转债增强债券C,债券型
050123,博时天颐债券C,债券型
050201,博时价值增长贰号混合,混合型
050202,博时亚洲票息收益债券A美元现汇,QDII
050203,博时亚洲票息收益债券A美元现钞,QDII
051001,博时价值增长混合(后端),混合型
051010,博时特许价值混合A(后端),混合型
051011,博时信用债券A/B(后端),债券型
051014,博时创业成长混合A(后端),混合型
051016,博时宏观回报债券A/B(后端),债券型
051106,博时稳定价值债券A(后端),债券型
051201,博时价值增长贰号混合(后端),混合型
070001,嘉实成长收益混合A,混合型
070002,嘉实增长混合,混合型
070003,嘉实稳健混合,混合型
070005,嘉实债券A,债券型
070006,嘉实服务增值行业混合,混合型
070008,嘉实货币A,货币型
070009,嘉实超短债债券C,债券型
070010,嘉实主题混合,混合型
070011,嘉实策略混合,混合型
070012,嘉实海外中国股票混合,QDII
070013,嘉实研究精选混合,混合型
070015,嘉实多元债券A,债券型
070016,嘉实多元债券B,债券型
070017,嘉实量化阿尔法混合,混合型
070018,嘉实回报混合,混合型
070019,嘉实价值优势混合A,混合型
070020,嘉实稳固收益债券C,债券型
070021,嘉实主题新动力混合,混合型
070022,嘉实领先成长混合,混合型
070023,嘉实深证基本面120联接A,指数型
070025,嘉实信用债券A,债券型
070026,嘉实信用债券C,债券型
070027,嘉实周期优选混合,混合型
070028,嘉实安心货币A,货币型
070029,嘉实安心货币B,货币型
070030,嘉实中创400ETF联接A,指数型
070031,嘉实全球房地产(QDII),QDII
070032,嘉实优化红利混合A,混合型
070037,嘉实纯债债券A,债券型
070038,嘉实纯债债券C,债券型
070039,嘉实中证500ETF联接C,指数型
070088,嘉实货币B,货币型
070099,嘉实优质企业混合,混合型
080001,长盛成长价值混合A,混合型
080002,长盛创新先锋混合A,混合型
080003,长盛积极配置债券A,债券型
080005,长盛量化红利混合A,混合型
080006,长盛环球行业混合(QDII),QDII
080007,长盛同鑫行业配置混合A,混合型
080008,长盛战略新兴产业混合A,混合型
080011,长盛货币A,货币型
080012,长盛电子信息产业混合A,混合型
080015,长盛中小盘精选混合,混合型
090001,大成价值增长混合A,混合型
090002,大成债券A/B,债券型
090003,大成蓝筹稳健混合A,混合型
090004,大成精选增值混合A,混合型
090005,大成货币A,货币型
090006,大成2020生命周期混合A,混合型
090007,大成策略回报混合A,混合型
090009,大成行业轮动混合A,混合型
090010,大成中证红利指数A,指数型
090011,大成核心双动力混合A,混合型
090012,大成深证成长40ETF联接A,指数型
090013,大成竞争优势混合A,混合型
090015,大成内需增长混合A,混合型
090016,大成消费主题混合A,混合型
090017,大成可转债增强债券A,债券型
090018,大成新锐产业混合A,混合型
090019,大成景恒混合A,混合型
090020,大成健康产业混合A,混合型
090021,大成月添利一个月滚动持有中短债A,债券型
090022,大成现金增利货币A,货币型
090023,大成安汇金融债C,债券型
091001,大成价值增长混合A(后端),混合型
091002,大成债券A/B(后端),债券型
091003,大成蓝筹稳健混合A(后端),混合型
091005,大成货币B,货币型
091006,大成2020生命周期混合A(后端),混合型
091021,大成月添利一个月滚动持有中短债B,债券型
091022,大成现金增利货币B,货币型
091023,大成安汇金融债A,债券型
092002,大成债券C,债券型
096001,大成标普500等权重指数(QDII)A人民币,指数型
100016,富国天源沪港深平衡混合A,混合型
100017,富国天源沪港深平衡混合A(后端),混合型
100018,富国天利增长债券A,债券型
100019,富国天利增长债券A(后端),债券型
100020,富国天益价值混合A,混合型
100021,富国天益价值混合A(后端),混合型
100022,富国天瑞强势混合A,混合型
100023,富国天瑞强势混合A(后端),混合型
100025,富国天时货币A,货币型
100026,富国天合稳健优选混合,混合型
100027,富国天合稳健优选混合(后端),混合型
100028,富国天时货币B,货币型
100029,富国天成红利混合,混合型
100030,富国天成红利混合(后端),混合型
100032,富国中证红利指数增强A,指数型
100033,富国中证红利指数增强A(后端),指数型
100035,富国优化增强债券A/B,债券型
100036,富国优化增强债券A/B(后端),债券型
100037,富国优化增强债券C,债券型
100038,富国沪深300指数增强A,指数型
100039,富国通胀通缩主题轮动混合A,混合型
100050,富国全球债券(QDII)人民币A,QDII
100051,富国可转债A,债券型
100052,富国可转债A(后端),债券型
100053,富国上证指数ETF联接A,指数型
100055,富国全球科技互联网股票(QDII)A,QDII
100056,富国低碳环保混合,混合型
100058,富国产业债券A,债券型
100059,富国产业债券A(后端),债券型
100060,富国高新技术产业混合,混合型
100061,富国中国中小盘混合(QDII)人民币A,QDII
100066,富国纯债债券发起式A/B,债券型
100067,富国纯债债券发起式A/B(后端),债券型
100068,富国纯债债券发起式C,债券型
100072,富国强回报定开债A/B,债券型
100073,富国强回报定开债C,债券型
110001,易方达平稳增长混合,混合型
110002,易方达策略成长混合,混合型
110003,易方达上证50增强A,指数型
110005,易方达积极成长混合,混合型
110006,易方达货币A,货币型
110007,易方达稳健收益债券A,债券型
110008,易方达稳健收益债券B,债券型
110009,易方达价值精选混合,混合型
110010,易方达价值成长混合,混合型
110011,易方达优质精选混合(QDII),QDII
110012,易方达科汇灵活配置混合,混合型
110013,易方达科翔混合,混合型
110015,易方达行业领先混合,混合型
110016,易方达货币B,货币型
110017,易方达增强回报债券A,债券型
110018,易方达增强回报债券B,债券型
110019,易方达深证100ETF联接A,指数型
110020,易方达沪深300ETF联接A,指数型
110021,易方达上证中盘ETF联接A,指数型
110022,易方达消费行业股票,股票型
110023,易方达医疗保健行业混合A,混合型
110025,易方达资源行业混合,混合型
110026,易方达创业板ETF联接A,指数型
110027,易方达安心回报债券A,债券型
110028,易方达安心回报债券B,债券型
110029,易方达科讯混合,混合型
110030,易方达沪深300量化增强,指数型
110031,易方达恒生国企ETF联接A,指数型
110032,易方达恒生国企ETF联接现汇A,指数型
110033,易方达恒生国企ETF联接现钞A,指数型
110035,易方达双债增强债券A,债券型
110036,易方达双债增强债券C,债券型
110037,易方达纯债债券A,债券型
110038,易方达纯债债券C,债券型
110050,易方达安和中短债C,债券型
110051,易方达安和中短债A,债券型
110052,易方达安源中短债债券C,债券型
110053,易方达安源中短债债券A,债券型
112002,易方达策略成长二号混合,混合型
118001,易方达亚洲精选股票,QDII
118002,易方达标普消费品指数A,指数型
121001,国投瑞银融华债券,混合型
121002,国投瑞银景气行业混合,混合型
121003,国投瑞银核心企业混合,混合型
121005,国投瑞银创新动力混合,混合型
121006,国投瑞银稳健增长混合,混合型
121008,国投瑞银成长优选混合,混合型
121009,国投瑞银稳定增利债券C,债券型
121010,国投瑞银瑞源灵活配置混合A,混合型
121011,国投瑞银货币A,货币型
121012,国投瑞银优化增强债券A/B,债券型
128001,国投瑞银融华债券(后端),混合型
128002,国投瑞银景气行业混合(后端),混合型
128005,国投瑞银创新动力混合(后端),混合型
128006,国投瑞银稳健增长混合(后端),混合型
128008,国投瑞银成长优选混合(后端),混合型
128011,国投瑞银货币B,货币型
128012,国投瑞银优化增强债券A/B(后端),债券型
128112,国投瑞银优化增强债券C,债券型
150005,银河银富货币A,货币型
150015,银河银富货币B,货币型
150103,银河银泰混合,混合型
150968,银河研究精选混合A,混合型
150988,银河钱包货币A,货币型
150998,银河钱包货币B,货币型
151001,银河稳健混合,混合型
151002,银河收益混合,混合型
159001,货币ETF易方达,货币型
159002,易方达保证金货币B,货币型
159003,招商快线ETF,货币型
159004,招商保证金快线B,货币型
159005,快钱ETF汇添富,货币型
159006,汇添富收益快钱货币B,货币型
159007,华泰柏瑞中证畜牧养殖产业ETF,指数型
159008,景顺长城中证全指证券公司ETF,指数型
159009,易方达创业板新能源ETF,指数型
159010,港股通科技ETF博时,指数型
159012,鹏华科创创业50ETF,指数型
159013,大成中证工业互联网主题ETF,指数型
159015,恒生港股通科技ETF国联,指数型
159016,证券ETF广发,指数型
159017,工银瑞信国证石油天然气ETF,指数型
159018,广发国证石油天然气ETF,指数型
159019,华宝国证石油天然气ETF,指数型
159020,易方达中证畜牧养殖产业ETF,指数型
159021,华夏国证大盘价值ETF,指数型
159022,富国中证科创创业人工智能ETF,指数型
159026,南方国证石油天然气ETF,指数型
159027,畜牧养殖ETF大成,指数型
159028,港股汽车ETF天弘,指数型
159029,广发中证有色金属矿业主题ETF,
159030,粮食ETF华夏,指数型
159032,工业有色ETF易方达,指数型
159035,天弘中证软件服务ETF,指数型
159038,易方达国证粮食产业ETF,
159100,巴西ETF华夏,指数型
159101,港股通科技ETF华夏,指数型
159102,港股通生物科技ETF华安,指数型
159103,金融科技ETF汇添富,指数型
159105,恒生生物科技ETF易方达,指数型
159106,民企300ETF前海开源,指数型
159107,创业板软件ETF富国,指数型
159108,工业软件ETF博时,指数型
159109,恒生50ETF景顺,指数型
159110,科创债ETF万家,指数型
159111,科创债ETF天弘,指数型
159112,科创债ETF银华,指数型
159113,科创债ETF大成,指数型
159115,科创债ETF华安,指数型
159116,科创债ETF工银,指数型
159117,港股通红利低波ETF鹏华,指数型
159118,港股通红利低波ETF华夏,指数型
159119,800现金流ETF招商,指数型
159120,港股通科技ETF国联安,指数型
159121,港股通汽车ETF易方达,指数型
159122,创业板新能源ETF富国,指数型
159123,光伏ETF嘉实,指数型
159125,港股通科技ETF招商,指数型
159126,港股通50ETF南方,指数型
159127,港股通红利ETF南方,指数型
159128,港股科技ETF天弘,指数型
159129,化工ETF嘉实,指数型
159130,恒生生物科技ETF鹏华,指数型
159131,港股通信息技术ETF华宝,指数型
159132,恒生生物科技ETF富国,指数型
159133,化工ETF天弘,指数型
159135,港股通科技ETF前海开源,指数型
159136,A50ETF广发,指数型
159137,港股通医疗ETF华宝,指数型
159138,工程机械ETF易方达,指数型
159139,科创创业人工智能ETF华泰柏瑞,指数型
159140,科创创业人工智能ETF易方达,指数型
159141,科创创业人工智能ETF永赢,指数型
159142,科创创业人工智能ETF景顺,指数型
159143,港股通央企红利ETF平安,指数型
159145,工业软件ETF广发,指数型
159146,电力ETF华宝,指数型
159147,电池ETF南方,指数型
159148,石油ETF富国,指数型
159149,创业板新能源ETF工银,指数型
159150,深证50ETF易方达,指数型
159151,食品ETF华夏,指数型
159152,港股通科技ETF平安,指数型
159153,消费电子ETF鹏华,指数型
159155,电池ETF大成,指数型
159156,电池ETF万家,指数型
159157,有色金属ETF天弘,指数型
159158,电力ETF景顺,指数型
159159,公用事业ETF国投瑞银,指数型
159160,电池ETF东财,指数型
159162,工业有色ETF鹏华,指数型
159163,有色ETF泰康,指数型
159165,养殖ETF永赢,指数型
159166,现金流ETF长城,指数型
159167,港股通医疗ETF工银,指数型
159168,有色ETF富国,指数型
159169,恒生生物科技ETF广发,指数型
159170,港股通互联网ETF永赢,指数型
159171,工业有色ETF博时,指数型
159172,养殖ETF汇添富,指数型
159173,南方中证全指农牧渔ETF,指数型
159175,电池ETF易方达,指数型
159176,华宝中证全指家用电器ETF,指数型
159177,鹏华中证工程机械主题ETF,指数型
159178,汇添富国证消费电子主题ETF,指数型
159179,港股通互联网ETF工银,指数型
159180,银华国证工业软件主题ETF,指数型
159181,石油ETF易方达,指数型
159182,南方中证全指家用电器ETF,指数型
159183,新能源车ETF招商,指数型
159185,鹏华中证港股通信息技术综合ETF,指数型
159186,鹏华恒生港股通汽车主题ETF,指数型
159187,创业板新能源ETF景顺,指数型
159188,景顺长城标普中国A股红利100ETF,指数型
159189,石油ETF华夏,指数型
159190,创业板新能源ETF天弘,指数型
159191,港股通科技ETF易方达,指数型
159192,汇添富中证家电龙头ETF,指数型
159193,新能源电池ETF银华,指数型
159195,华安国证石油天然气ETF,指数型
159196,易方达中证港股通信息技术综合ETF,指数型
159197,招商国证石油天然气ETF,指数型
159198,富国中证港股通信息技术综合ETF,指数型
159199,平安国证石油天然气ETF,指数型
159200,科创债ETF富国,指数型
159201,自由现金流ETF华夏,指数型
159202,恒生互联网ETF万家,指数型
159203,大盘成长ETF博时,指数型
159205,创业板ETF东财,指数型
159206,卫星ETF永赢,指数型
159207,高股息ETF广发,指数型
159208,航空航天ETF万家,指数型
159209,红利质量ETF招商,指数型
159210,港股通汽车ETF汇添富,指数型
159211,深证100ETF富国,指数型
159212,深100ETF南方,指数型
159213,机器人ETF汇添富,指数型
159215,A500ETF平安,指数型
159216,深证100ETF大成,指数型
159217,港股通创新药ETF工银,指数型
159218,卫星ETF招商,指数型
159219,深证100ETF融通,指数型
159220,港股通红利低波ETF华宝,指数型
159221,现金流ETF嘉实,指数型
159222,自由现金流ETF易方达,指数型
159223,现金流ETF永赢,指数型
159225,现金流ETF银华,指数型
159226,中证A500增强ETF国泰,指数型
159227,航空航天ETF华夏,指数型
159228,红利低波ETF长城,指数型
159229,自由现金流ETF广发,指数型
159230,通用航空ETF华夏,指数型
159231,通用航空ETF华宝,指数型
159232,自由现金流ETF南方,指数型
159233,自由现金流ETF平安,指数型
159235,中证现金流ETF大成,指数型
159236,自由现金流ETF工银,指数型
159237,港股汽车ETF工银,指数型
159238,沪深300增强ETF景顺,指数型
159239,港股通汽车ETF富国,指数型
159240,A500增强ETF天弘,指数型
159241,航空航天ETF天弘,指数型
159242,创业板人工智能ETF大成,指数型
159243,创业板人工智能ETF招商,指数型
159245,港股通消费ETF富国,指数型
159246,创业板人工智能ETF富国,指数型
159247,创业板ETF汇添富,指数型
159248,人工智能ETF万家,指数型
159249,A500增强ETF工银,指数型
159251,港股通科技ETF万家,指数型
159253,银行ETF博时,指数型
159255,通用航空ETF易方达,指数型
159256,创业板软件ETF华夏,指数型
159257,航空ETF汇添富,指数型
159258,机器人ETF南方,指数型
159259,成长ETF易方达,指数型
159260,证券ETF博时,指数型
159261,创业板新能源ETF鹏华,指数型
159262,港股通科技ETF广发,指数型
159263,价值ETF易方达,指数型
159265,港股消费ETF鹏华,指数型
159266,港股央企红利ETF永赢,指数型
159267,航天ETF华安,指数型
159268,港股通消费ETF汇添富,指数型
159269,港股通科技ETF南方,指数型
159270,创业板200ETF南方,指数型
159271,恒生ETF鹏华,指数型
159272,机器人ETF富国,指数型
159273,云计算ETF汇添富,指数型
159275,农牧渔ETF华宝,指数型
159276,现金流ETF汇添富,指数型
159277,港股通红利ETF富国,指数型
159278,机器人ETF鹏华,指数型
159279,创业板人工智能ETF华安,指数型
159280,港股通互联网ETF汇添富,指数型
159281,港股央企红利ETF天弘,指数型
159283,通用航空ETF南方,指数型
159285,港股通消费ETF华安,指数型
159286,港股通创新药ETF鹏华,指数型
159287,创业板综ETF博时,指数型
159288,创业板综ETF银华,指数型
159289,创业板综指ETF鹏华,指数型
159290,创业板综指增强ETF东财,指数型
159291,创业板综增强ETF招商,指数型
159292,创业板综增强ETF华宝,指数型
159293,创业板综增强ETF建信,指数型
159295,创业综指ETF西部利得,指数型
159296,A500红利低波ETF华宝,指数型
159297,港股通创新药ETF南方,指数型
159298,创业板50ETF大成,指数型
159299,金融科技ETF易方达,指数型
159300,沪深300ETF富国,指数型
159301,公用事业ETF华夏,指数型
159302,港股高股息ETF银华,指数型
159303,恒生医疗ETF大成,指数型
159305,储能电池ETF广发,指数型
159306,汽车零部件ETF平安,指数型
159307,红利低波100ETF博时,指数型
159309,油气ETF汇添富,指数型
159310,芯片ETF天弘,指数型
159311,数字经济ETF易方达,指数型
159312,恒指港股通ETF广发,指数型
159315,黄金股ETF工银,指数型
159316,港股通创新药ETF易方达,指数型
159318,恒指港股通ETF银华,指数型
159320,电网设备ETF广发,指数型
159321,黄金股ETF华安,指数型
159322,黄金股ETF平安,指数型
159323,港股通汽车ETF华夏,指数型
159325,半导体ETF南方,指数型
159326,电网设备ETF华夏,指数型
159327,半导体设备ETF万家,指数型
159328,家电ETF易方达,指数型
159329,沙特ETF南方,指数型
159330,沪深300ETF东财,指数型
159331,红利港股ETF国泰,指数型
159332,央企红利ETF富国,指数型
159333,港股央企红利ETF万家,指数型
159335,央企科创ETF融通,指数型
159336,央企红利ETF融通,指数型
159337,中证500ETF东财,指数型
159338,中证A500ETF国泰,指数型
159339,A500ETF银华,指数型
159350,深证50ETF富国,指数型
159351,A500ETF嘉实,指数型
159352,A500ETF南方,指数型
159353,中证A500ETF景顺,指数型
159355,800红利低波ETF华宝,指数型
159356,A500ETF万家,指数型
159357,A500ETF博时,指数型
159358,中证A500ETF大成,指数型
159359,A500ETF华安,指数型
159360,A500ETF天弘,指数型
159361,A500ETF易方达,指数型
159362,A500ETF工银,指数型
159363,创业板人工智能ETF华宝,指数型
159365,恒指港股通ETF富国,指数型
159366,港股医疗ETF永赢,指数型
159367,创业板50ETF华夏,指数型
159368,创业板新能源ETF华夏,指数型
159369,创业板50ETF易方达,指数型
159370,创50ETF工银,指数型
159371,创业板50ETF富国,指数型
159372,创业板50ETF万家,指数型
159373,创业板50ETF嘉实,指数型
159375,创业板50ETF国泰,指数型
159376,A500ETF浦银,指数型
159377,创业板医药ETF国泰,指数型
159378,通用航空ETF永赢,指数型
159379,A500ETF融通,指数型
159380,A500ETF东财,指数型
159381,创业板人工智能ETF华夏,指数型
159382,创业板人工智能ETF南方,指数型
159383,创业板50ETF华泰柏瑞,指数型
159385,数字经济ETF富国,指数型
159386,A500ETF永赢,指数型
159387,创业板新能源ETF国泰,指数型
159388,创业板人工智能ETF国泰,指数型
159389,数字经济ETF嘉实,指数型
159390,中证A50ETF国联,指数型
159391,大盘价值ETF博时,指数型
159392,航空ETF富国,指数型
159393,沪深300ETF万家,指数型
159395,信用债ETF大成,指数型
159396,信用债ETF博时,指数型
159397,信用债ETF广发,指数型
159398,信用债ETF天弘,指数型
159399,现金流ETF国泰,指数型
159400,科创债ETF景顺,指数型
159500,中证500ETF富国,指数型
159501,纳指ETF嘉实,指数型
159502,标普生物科技ETF嘉实,指数型
159505,国证2000ETF博时,指数型
159506,港股通医疗ETF富国,指数型
159507,通信ETF广发,指数型
159508,生物医药ETF华安,指数型
159509,纳指科技ETF景顺,指数型
159510,沪深300价值ETF华夏,指数型
159511,通信ETF南方,指数型
159512,汽车ETF广发,指数型
159513,纳斯达克100ETF大成,指数型
159515,国企红利ETF鹏扬,指数型
159516,半导体设备ETF国泰,指数型
159517,中证800增强ETF银华,指数型
159518,标普油气ETF嘉实,指数型
159519,港股国企ETF国泰,指数型
159520,消费龙头ETF工银,指数型
159521,国证2000ETF平安,指数型
159523,沪深300成长ETF华夏,指数型
159525,红利低波ETF富国,指数型
159526,机器人ETF嘉实,指数型
159527,云计算ETF广发,指数型
159528,国企改革ETF富国,指数型
159529,标普消费ETF景顺,指数型
159530,机器人ETF易方达,指数型
159531,中证2000ETF南方,指数型
159532,中证2000ETF易方达,指数型
159533,中证2000ETF博时,指数型
159535,中证2000ETF嘉实,指数型
159536,中证2000ETF汇添富,指数型
159537,信创ETF国泰,指数型
159538,信创ETF富国,指数型
159539,信创ETF广发,指数型
159540,信创ETF易方达,指数型
159541,创业板综ETF万家,指数型
159542,工程机械ETF大成,指数型
159543,国证2000ETF工银,指数型
159545,恒生红利低波ETF易方达,指数型
159546,集成电路ETF国泰,指数型
159547,红利低波ETF华夏,指数型
159549,红利低波ETF天弘,指数型
159550,互联网ETF东财,指数型
159551,机器人ETF国泰,指数型
159552,中证2000增强ETF招商,指数型
159553,中证2000增强ETF海富通,指数型
159555,中证2000增强ETF银华,指数型
159556,中证2000增强ETF平安,指数型
159557,恒生医疗ETF嘉实,指数型
159558,半导体设备ETF易方达,指数型
159559,机器人ETF景顺,指数型
159560,芯片ETF景顺,指数型
159561,德国ETF嘉实,指数型
159562,黄金股ETF华夏,指数型
159563,创业板综ETF华夏,指数型
159565,汽车零部件ETF易方达,指数型
159566,储能电池ETF易方达,指数型
159567,港股创新药ETF银华,指数型
159568,港股互联网ETF博时,指数型
159569,港股红利低波ETF景顺,指数型
159570,港股通创新药ETF汇添富,指数型
159571,创业板200ETF富国,指数型
159572,创业板200ETF易方达,指数型
159573,创业板200ETF华夏,指数型
159575,创业板200ETF银华,指数型
159576,深证100ETF广发,指数型
159577,美国50ETF汇添富,指数型
159578,深证主板50ETF南方,指数型
159581,红利ETF万家,指数型
159582,半导体ETF博时,指数型
159583,通信ETF富国,指数型
159586,计算机ETF南方,指数型
159587,粮食ETF广发,指数型
159588,石油ETF景顺,指数型
159589,红利ETF广发,指数型
159590,软件ETF汇添富,指数型
159591,A50ETF富国,指数型
159592,A50ETF银华,指数型
159593,中证A50ETF平安,指数型
159595,中证A50ETF大成,指数型
159596,A50ETF华宝,指数型
159597,创业板成长ETF易方达,指数型
159599,芯片ETF东财,指数型
159600,科创债ETF嘉实,指数型
159601,A50ETF华夏,指数型
159602,中国A50ETF南方,指数型
159603,科创创业ETF天弘,指数型
159605,中概互联ETF广发,指数型
159606,中证500成长ETF易方达,指数型
159607,中概互联网ETF嘉实,指数型
159608,稀有金属ETF广发,指数型
159609,光伏ETF浦银,指数型
159610,中证500增强ETF景顺,指数型
159611,电力ETF广发,指数型
159612,标普500ETF国泰,指数型
159613,信息安全ETF嘉实,指数型
159615,恒生生物科技ETF南方,指数型
159616,农牧ETF建信,指数型
159617,中证500价值ETF华夏,指数型
159618,光伏ETF华安,指数型
159619,基建ETF国泰,指数型
159620,中证500成长ETF华夏,指数型
159621,ESGETF国泰,指数型
159622,创新药ETF东财,指数型
159623,成渝经济圈ETF博时,指数型
159625,绿色电力ETF嘉实,指数型
159627,A100ETF华夏,指数型
159628,国证2000ETF万家,指数型
159629,中证1000ETF富国,指数型
159630,A100ETF汇添富,指数型
159631,A100ETF招商,指数型
159632,纳斯达克ETF华安,指数型
159633,中证1000ETF易方达,指数型
159635,基建ETF华夏,指数型
159636,港股通科技30ETF工银,指数型
159637,新能源车ETF东财,指数型
159638,高端装备ETF嘉实,指数型
159639,碳中和ETF南方,指数型
159640,碳中和龙头ETF工银,指数型
159641,碳中和ETF招商,指数型
159642,碳中和ETF大成,指数型
159643,疫苗ETF国泰,指数型
159645,疫苗ETF富国,指数型
159647,中药ETF鹏华,指数型
159649,国开债ETF华安,指数型
159650,国开债ETF博时,指数型
159651,国开债ETF平安,指数型
159652,有色ETF汇添富,指数型
159653,ESG300ETF国联安,指数型
159655,标普500ETF华夏,指数型
159656,沪深300成长ETF万家,指数型
159657,疫苗ETF鹏华,指数型
159658,数字经济ETF华安,指数型
159659,纳斯达克100ETF招商,指数型
159660,纳指ETF汇添富,指数型
159661,A100ETF嘉实,指数型
159662,交运ETF南方,指数型
159663,机床ETF华夏,指数型
159665,半导体龙头ETF工银,指数型
159666,交通运输ETF华夏,指数型
159667,工业母机ETF国泰,指数型
159669,绿色电力ETF国泰,指数型
159670,消费50ETF国联安,指数型
159671,稀有金属ETF工银,指数型
159672,消费ETF博时,指数型
159673,沪深300ETF鹏华,指数型
159675,创业板增强ETF嘉实,指数型
159676,创业板增强ETF富国,指数型
159677,中证1000增强ETF银华,指数型
159678,500增强ETF博时,指数型
159679,中证1000增强ETF国泰,指数型
159680,中证1000增强ETF招商,指数型
159681,创业板50ETF鹏华,指数型
159682,创业板50ETF景顺,指数型
159685,1000增强ETF天弘,指数型
159686,A100ETF易方达,指数型
159687,亚太精选ETF南方,指数型
159688,恒生互联网ETF华安,指数型
159689,消费ETF南方,指数型
159690,有色矿业ETF招商,指数型
159691,港股红利ETF工银,指数型
159692,证券ETF东财,指数型
159695,通信ETF嘉实,指数型
159696,纳指ETF易方达,指数型
159697,石油ETF鹏华,指数型
159698,粮食ETF鹏华,指数型
159699,恒生消费ETF广发,指数型
159700,科创债ETF南方,指数型
159701,物联网ETF招商,指数型
159703,新材料ETF天弘,指数型
159706,深证100ETF华安,指数型
159707,地产ETF华宝,指数型
159708,红利ETF西部利得,指数型
159709,物联网ETF工银,指数型
159711,港股通50ETF华夏,指数型
159712,港股通50ETF国泰,指数型
159713,稀土ETF富国,指数型
159715,稀土ETF易方达,指数型
159716,深证100ETF华宝,指数型
159717,ESGETF鹏华,指数型
159718,港股医药ETF平安,指数型
159719,国企ETF平安,指数型
159720,智能车ETF泰康,指数型
159721,深证100ETF永赢,指数型
159723,科技龙头ETF汇添富,指数型
159725,线上消费ETF工银,指数型
159726,港股通高股息ETF华夏,指数型
159728,在线消费ETF南方,指数型
159729,互联网ETF汇添富,指数型
159730,家电ETF博时,指数型
159731,石化ETF华夏,指数型
159732,消费电子ETF华夏,指数型
159735,港股消费ETF银华,指数型
159736,食品饮料ETF天弘,指数型
159738,云计算ETF华泰柏瑞,指数型
159739,云计算ETF鹏华,指数型
159740,恒生科技ETF大成,指数型
159741,恒生科技ETF嘉实,指数型
159742,恒生科技ETF博时,指数型
159743,湖北ETF博时,指数型
159745,建材ETF国泰,指数型
159747,香港科技ETF南方,指数型
159748,创新药ETF富国,指数型
159750,港股科技50ETF招商,指数型
159751,港股通科技ETF鹏华,指数型
159752,新能源ETF申万菱信,指数型
159755,电池ETF广发,指数型
159757,电池ETF景顺,指数型
159758,红利质量ETF华夏,指数型
159760,医疗健康ETF泰康,指数型
159761,新材料ETF国泰,指数型
159763,新材料ETF建信,指数型
159766,旅游ETF富国,指数型
159767,电池龙头ETF兴银,指数型
159768,房地产ETF银华,指数型
159770,机器人ETF天弘,指数型
159773,创业板科技ETF华泰柏瑞,指数型
159775,电池ETF建信,指数型
159776,港股医药ETF银华,指数型
159777,创科技ETF国联安,指数型
159778,工业互联网ETF鹏华,指数型
159779,消费电子ETF招商,指数型
159780,科创创业50ETF南方,指数型
159781,科创创业ETF易方达,指数型
159782,双创50ETF银华,指数型
159783,科创创业50ETF华夏,指数型
159786,VRETF银华,指数型
159787,建材ETF易方达,指数型
159788,港股通100ETF易方达,指数型
159790,碳中和ETF华夏,指数型
159791,300ESGETF华夏,指数型
159792,港股通互联网ETF富国,指数型
159793,线上消费ETF平安,指数型
159795,智能汽车ETF汇添富,指数型
159796,电池ETF汇添富,指数型
159797,医疗器械ETF汇添富,指数型
159798,消费ETF易方达,指数型
159800,中证800ETF鹏华,指数型
159801,芯片ETF广发,指数型
159804,创中盘88ETF国寿,指数型
159805,传媒ETF鹏华,指数型
159806,新能源车ETF国泰,指数型
159807,科技ETF易方达,指数型
159808,创100ETF融通,指数型
159810,创业板ETF浦银,指数型
159811,5GETF博时,指数型
159812,黄金ETF前海开源,指数型
159813,半导体ETF鹏华,指数型
159814,创业大盘ETF西部利得,指数型
159816,0-4年地方债ETF鹏华,指数型
159819,人工智能ETF易方达,指数型
159820,中证500ETF天弘,指数型
159821,创业板ETF中银证券,指数型
159822,新经济ETF银华,指数型
159824,新能源车ETF博时,指数型
159825,农业ETF富国,指数型
159827,农业ETF银华,指数型
159828,医疗ETF国泰,指数型
159830,金ETF天弘,指数型
159831,金ETF嘉实,指数型
159834,金ETF南方,指数型
159835,创新药ETF建信,指数型
159836,创业板300ETF天弘,指数型
159837,生物科技ETF易方达,指数型
159838,医药50ETF博时,指数型
159839,生物医药ETF汇添富,指数型
159840,锂电池ETF工银,指数型
159841,证券ETF天弘,指数型
159842,券商ETF银华,指数型
159843,食品饮料ETF招商,指数型
159845,中证1000ETF华夏,指数型
159847,医疗ETF易方达,指数型
159848,证券ETF国联安,指数型
159849,生物科技ETF招商,指数型
159850,恒生国企ETF华夏,指数型
159851,金融科技ETF华宝,指数型
159852,软件ETF嘉实,指数型
159855,影视ETF银华,指数型
159856,互联网龙头ETF工银,指数型
159857,光伏ETF天弘,指数型
159858,创新药ETF南方,指数型
159859,生物医药ETF天弘,指数型
159861,碳中和50ETF国泰,指数型
159862,食品饮料ETF银华,指数型
159863,光伏ETF鹏华,指数型
159864,光伏ETF国泰,指数型
159865,养殖ETF国泰,指数型
159866,日经ETF工银,指数型
159867,养殖ETF鹏华,指数型
159869,游戏ETF华夏,指数型
159870,化工ETF鹏华,指数型
159871,有色ETF银华,指数型
159872,智能网联汽车ETF鹏华,指数型
159873,医疗设备ETF天弘,指数型
159875,新能源ETF嘉实,指数型
159876,有色ETF华宝,指数型
159877,医疗ETF南方,指数型
159880,有色ETF鹏华,指数型
159881,有色金属ETF国泰,指数型
159883,医疗器械ETF永赢,指数型
159885,碳中和ETF鹏华,指数型
159886,机械ETF富国,指数型
159887,银行ETF富国,指数型
159888,智能汽车ETF华夏,指数型
159889,智能汽车ETF国泰,指数型
159890,云计算ETF招商,指数型
159891,医疗ETF建信,指数型
159892,恒生医药ETF华夏,指数型
159895,物联网ETF易方达,指数型
159896,物联网ETF南方,指数型
159898,医疗器械ETF招商,指数型
159899,软件ETF招商,指数型
159901,深证100ETF易方达,指数型
159902,中小100ETF华夏,指数型
159903,深成ETF南方,指数型
159905,红利ETF工银,指数型
159906,深成长ETF大成,指数型
159907,国证2000ETF广发,指数型
159908,创业板ETF博时,指数型
159909,TMT50ETF招商,指数型
159910,基本面120ETF嘉实,指数型
159912,深300ETF汇添富,指数型
159913,深价值ETF交银,指数型
159915,创业板ETF易方达,指数型
159916,基本面ETF建信,指数型
159918,中创400ETF嘉实,指数型
159919,沪深300ETF嘉实,指数型
159920,恒生ETF华夏,指数型
159922,中证500ETF嘉实,指数型
159923,中证A100ETF大成,指数型
159925,沪深300ETF南方,指数型
159928,消费ETF汇添富,指数型
159929,医药ETF汇添富,指数型
159930,能源ETF汇添富,指数型
159931,金融地产ETF汇添富,指数型
159933,金融地产ETF国投瑞银,指数型
159934,黄金ETF易方达,指数型
159935,中证500ETF景顺,指数型
159936,可选消费ETF广发,指数型
159937,黄金ETF博时,指数型
159938,医药ETF广发,指数型
159939,信息技术ETF广发,指数型
159940,金融地产ETF广发,指数型
159941,纳指ETF广发,指数型
159943,深证成指ETF大成,指数型
159944,材料ETF广发,指数型
159945,能源ETF广发,指数型
159948,创业板ETF南方,指数型
159949,创业板50ETF华安,指数型
159952,创业板ETF广发,指数型
159954,恒生中国企业ETF南方,指数型
159956,创业板ETF建信,指数型
159957,创业板ETF华夏,指数型
159958,创业板ETF工银,指数型
159959,央企ETF银华,指数型
159960,恒生中国企业ETF平安,指数型
159961,深100ETF方正富邦,指数型
159964,创业板ETF平安,指数型
159965,央视50ETF国联,指数型
159966,创业板价值ETF华夏,指数型
159967,创业板成长ETF华夏,指数型
159968,中证500ETF博时,指数型
159969,银华深证100ETF,指数型
159970,深100ETF工银,指数型
159971,创业板ETF富国,指数型
159972,5年地方债ETF鹏华,指数型
159973,民企ETF弘毅远方,指数型
159974,央企创新ETF富国,指数型
159975,深100ETF招商,指数型
159976,湾创ETF工银,指数型
159977,创业板ETF天弘,指数型
159980,有色ETF大成,指数型
159981,能源化工ETF建信,指数型
159982,中证500ETF鹏华,指数型
159985,豆粕ETF华夏,指数型
159991,创业板大盘ETF招商,指数型
159992,创新药ETF银华,指数型
159993,证券ETF鹏华,指数型
159994,通信ETF银华,指数型
159995,芯片ETF华夏,指数型
159996,家电ETF国泰,指数型
159997,电子ETF天弘,指数型
159998,计算机ETF天弘,指数型
160105,南方积极配置混合(LOF),混合型
160106,南方高增长混合(LOF),混合型
160107,南方高增长混合(LOF)(后端),混合型
160119,500ETF联接LOF,指数型
160120,500ETF联接LOF(后端),指数型
160125,南方香港优选股票,QDII
160126,南方香港优选股票(后端),QDII
160127,南方新兴消费增长股票(LOF)A,股票型
160128,南方金利定开债券A,债券型
160129,南方金利定开债券C,债券型
160133,南方天元新产业股票(LOF),股票型
160135,南方中证高铁产业指数(LOF),指数型
160137,南方中证互联网指数(LOF)A,指数型
160140,南方道琼斯美国精选A,指数型
160141,南方道琼斯美国精选C,指数型
160142,南方优势产业(LOF),混合型
160143,南方创业板2年定期开放混合,混合型
160144,南方新兴消费增长股票(LOF)C,股票型
160211,国泰中小盘成长混合(LOF),混合型
160212,国泰估值优势混合(LOF)A,混合型
160213,国泰纳斯达克100指数,指数型
160215,国泰价值经典混合(LOF),混合型
160216,国泰大宗商品(QDII-LOF)A,QDII
160217,国泰信用互利债券A,债券型
160218,国泰国证房地产行业指数A,指数型
160219,国泰国证医药卫生行业指数A,指数型
160220,国泰民益混合(LOF)A,混合型
160221,国泰国证有色金属行业指数(LOF)A,指数型
160222,国泰国证食品饮料行业(LOF)A,指数型
160223,国泰创业板指数(LOF)A,指数型
160224,国泰中证计算机主题ETF联接A,指数型
160225,国泰国证新能源汽车指数A,指数型
160226,国泰民益混合(LOF)C,混合型
160311,华夏蓝筹混合(LOF)A,混合型
160314,华夏行业混合(LOF),混合型
160322,华夏港股通精选股票发起式(LOF)A,股票型
160323,华夏磐泰混合(LOF)A,混合型
160324,华夏磐晟混合(LOF),混合型
160325,华夏创业板两年定开混合,混合型
160326,华夏优选配置股票(FOF-LOF)A,FOF
160416,华安标普全球石油指数(LOF)A,指数型
160418,华安中证银行ETF联接A,指数型
160419,华安中证全指证券公司ETF联接A,指数型
160420,华安创业板50指数A,指数型
160421,华安智增精选混合,混合型
160422,华安创业板50ETF联接A,指数型
160424,华安创业板50ETF联接C,指数型
160425,华安创业板两年定开混合,混合型
160505,博时主题行业混合(LOF),混合型
160512,博时卓越品牌混合(LOF)A,混合型
160513,博时稳健回报债券(LOF)A,债券型
160514,博时稳健回报债券(LOF)C,债券型
160515,博时安丰18个月定开债A,债券型
160516,博时证券公司ETF联接A,指数型
160517,博时中证银行指数(LOF)A,指数型
160518,博时睿远,混合型
160523,博时安丰18个月定开债C,债券型
160526,博时优势企业灵活配置混合A,混合型
160527,博时研究优选混合(LOF)A,混合型
160528,博时研究优选混合(LOF)C,混合型
160529,博时创业板两年定开混合,混合型
160602,鹏华普天债券A,债券型
160603,鹏华普天收益混合,混合型
160605,鹏华中国50混合,混合型
160606,鹏华货币A,货币型
160607,鹏华价值优势混合(LOF),混合型
160608,鹏华普天债券B,债券型
160609,鹏华货币B,货币型
160610,鹏华动力增长混合(LOF),混合型
160611,鹏华优质治理混合(LOF)A,混合型
160612,鹏华丰收债券B,债券型
160613,鹏华盛世创新混合(LOF)A,混合型
160615,鹏华沪深300ETF联接(LOF)A,指数型
160616,鹏华中证500指数(LOF)A,指数型
160617,鹏华丰润债券(LOF),债券型
160618,鹏华丰泽债券(LOF)C,债券型
160620,鹏华中证A股资源产业指数(LOF)A,指数型
160621,鹏华丰和债券(LOF)A,债券型
160622,鹏华丰利债券(LOF)A,债券型
160624,鹏华消费领先混合,混合型
160625,鹏华中证800证券保险指数(LOF)A,指数型
160626,鹏华中证信息技术指数(LOF)A,指数型
160627,鹏华策略优选灵活配置混合,混合型
160628,鹏华中证800地产指数(LOF)A,指数型
160629,鹏华中证传媒指数(LOF)A,指数型
160630,鹏华中证国防指数(LOF)A,指数型
160631,鹏华中证银行指数(LOF)A,指数型
160632,鹏华酒A,指数型
160633,鹏华中证全指证券公司指数(LOF)A,指数型
160634,鹏华中证环保产业指数(LOF)A,指数型
160635,鹏华中证医药指数(LOF)A,指数型
160636,鹏华中证移动互联网指数(LOF)A,指数型
160637,鹏华创业板指数(LOF)A,指数型
160638,鹏华中证一带一路主题指数(LOF)A,指数型
160639,鹏华中证高铁产业指数(LOF)A,指数型
160641,鹏华丰锐债券LOF,债券型
160642,鹏华增瑞混合(LOF)A,混合型
160643,鹏华空天军工指数(LOF)A,指数型
160644,鹏华港美互联股票人民币,QDII
160646,鹏华中证沪港深科技龙头指数(LOF)A,指数型
160706,嘉实沪深300ETF联接A,指数型
160716,嘉实基本面50指数(LOF)A,指数型
160717,嘉实H股指数(QDII-LOF),指数型
160718,嘉实多利收益债券A,债券型
160719,嘉实黄金,QDII
160722,嘉实惠泽混合(LOF),混合型
160723,嘉实原油(QDII-LOF),QDII
160724,嘉实沪深300ETF联接C,指数型
160725,嘉实基本面50指数(LOF)C,指数型
160726,嘉实瑞享定期混合,混合型
160727,嘉实创业板两年定期混合,混合型
160805,长盛同智优势混合(LOF),混合型
160806,长盛同庆中证800(LOF),指数型
160807,长盛沪深300指数(LOF)A,指数型
160812,长盛同益成长回报(LOF),混合型
160813,长盛同盛成长优选(LOF),混合型
160910,大成创新成长混合(LOF)A,混合型
160916,大成优选混合(LOF)A,混合型
160918,大成中小盘混合(LOF)A,混合型
160919,大成产业升级股票(LOF)A,股票型
160921,大成多策略混合(LOF)A,混合型
160924,大成恒生指数(QDII-LOF)A,指数型
160925,大成中华沪深港300指数(LOF)A,指数型
160926,大成创业板两年定开混合A,混合型
161005,富国天惠成长混合(LOF)A,混合型
161006,富国天惠成长混合(LOF)A(后端),混合型
161010,富国天丰强化债券(LOF)A,债券型
161014,富国汇利回报两年定期开放债券,债券型
161015,富国天盈债券(LOF)C,债券型
161017,富国中证500指数增强(LOF)A,指数型
161018,富国天丰强化债券(LOF)A(后端),债券型
161019,富国新天锋债券(LOF)A,债券型
161020,富国新天锋债券(LOF)A(后端),债券型
161021,富国中证500指数增强(LOF)A(后端),指数型
161022,富国创业板ETF联接A,指数型
161024,富国中证军工指数(LOF)A,指数型
161025,富国中证移动互联网指数(LOF)A,指数型
161026,富国中证国有企业改革指数(LOF)A,指数型
161027,富国中证全指证券公司指数(LOF)A,指数型
161028,富国中证新能源汽车指数(LOF)A,指数型
161029,富国中证银行指数(LOF)A,指数型
161030,富国中证体育产业指数(LOF)A,指数型
161031,富国中证工业4.0指数(LOF)A,指数型
161032,富国中证煤炭指数(LOF)A,指数型
161033,富国中证智能汽车(LOF)A,指数型
161035,富国中证医药主题指数增强A,指数型
161036,富国中证娱乐主题指数增强(LOF)A,指数型
161037,富国中证高端制造指数增强型(LOF)A,指数型
161038,富国新兴成长量化精选混合(LOF)A,混合型
161039,富国中证1000指数增强(LOF)A,指数型
161040,富国创业板两年定开混合,混合型
161115,易方达岁丰添利债券(LOF)A,债券型
161116,易方达黄金主题人民币A,QDII
161117,易方达永旭定开债,债券型
161118,易方达中小企业100(LOF)A,指数型
161119,易方达中债新综指发起式(LOF)A,指数型
161120,易方达中债新综指发起式(LOF)C,指数型
161121,易方达中证银行ETF联接(LOF)A,指数型
161122,易方达中证万得生物科技指数(LOF)A,指数型
161123,易方达中证万得并购重组(LOF),指数型
161124,易方达香港小型股指数A,指数型
161125,易方达标普500指数人民币A,指数型
161126,易方达标普医疗保健人民币A,指数型
161127,易方达标普生物科技人民币A,指数型
161128,易方达标普信息科技指数(QDII-LOF)A(人民币),指数型
161129,易方达原油A类人民币,QDII
161130,易方达纳斯达克100ETF联接(QDII-LOF)A(人民币),指数型
161131,易方达科润混合(LOF),混合型
161132,易方达科顺定开混合,混合型
161133,易方达优势回报混合(FOF-LOF)A,FOF
161211,国投沪深300金融地产联接,指数型
161212,国投沪深300金融地产联接(后端),指数型
161216,国投瑞银双债债券(LOF)A,债券型
161217,国投瑞银中证资源指数(LOF)A,指数型
161218,国投瑞银中证资源指数(LOF)A(后端),指数型
161219,国投瑞银新兴产业混合(LOF)A,混合型
161220,国投瑞银新兴产业混合(LOF)A(后端),混合型
161221,国投瑞银双债债券C,债券型
161222,国投瑞银瑞利混合(LOF)A,混合型
161224,国投瑞银新丝路混合(LOF),混合型
161225,国投瑞银瑞盈混合(LOF)A,混合型
161226,国投瑞银白银期货(LOF)A,商品
161227,国投瑞银深证100指数,指数型
161228,国投瑞银深证100指数(后端),指数型
161229,国投瑞银中国价值发现股票,QDII
161232,国投瑞银瑞盛混合(LOF)A,混合型
161233,国投瑞银瑞泰多策略混合A,混合型
161505,银河通利债券(LOF)A,债券型
161506,银河通利债券(LOF)C,债券型
161601,融通新蓝筹混合,混合型
161602,融通新蓝筹混合(后端),混合型
161603,融通债券A/B,债券型
161604,融通深证100指数A,指数型
161605,融通蓝筹成长混合A/B,混合型
161606,融通行业景气混合A,混合型
161607,融通巨潮100指数A(LOF),指数型
161608,融通易支付货币A,货币型
161609,融通动力先锋混合A/B,混合型
161610,融通领先成长混合(LOF)A,混合型
161611,融通内需驱动混合A,混合型
161612,融通深证成份指数A,指数型
161613,融通创业板指数A,指数型
161614,融通四季添利债券(LOF)A,债券型
161615,融通易支付货币B,货币型
161616,融通医疗保健行业混合A/B,混合型
161617,融通医疗保健行业混合A/B(后端),混合型
161618,融通岁岁添利定开债A,债券型
161619,融通岁岁添利定开债B,债券型
161620,融通核心价值混合A,QDII
161622,融通汇财宝货币A,货币型
161623,融通汇财宝货币B,货币型
161624,融通可转债债券A,债券型
161625,融通可转债债券C,债券型
161626,融通通福债券(LOF)A,债券型
161627,融通通福债券(LOF)C,债券型
161628,融通中证云计算与大数据主题指数(LOF)A,指数型
161631,融通人工智能指数(LOF)A,指数型
161653,融通债券A/B(后端),债券型
161654,融通深证100指数A(后端),指数型
161655,融通蓝筹成长混合A/B(后端),混合型
161656,融通行业景气混合A(后端),混合型
161657,融通巨潮100指数A(LOF)(后端),指数型
161659,融通动力先锋混合A/B(后端),混合型
161660,融通领先成长混合(LOF)A(后端),混合型
161661,融通内需驱动混合A(后端),混合型
161662,融通深证成份指数A(后端),指数型
161663,融通创业板指数A(后端),指数型
161693,融通债券C,债券型
161706,招商优质成长混合(LOF),混合型
161707,招商优质成长混合(LOF)(后端),混合型
161713,招商信用添利债券(LOF)A,债券型
161715,招商大宗商品(LOF),指数型
161716,招商双债增强债券(LOF)C,债券型
161720,招商中证全指证券公司指数(LOF)A,指数型
161721,招商沪深300地产等权重指数A,指数型
161722,招商丰泰混合(LOF),混合型
161723,招商中证银行指数A,指数型
161724,招商中证煤炭等权指数(LOF)A,指数型
161725,招商中证白酒指数(LOF)A,指数型
161726,招商国证生物医药指数(LOF)A,指数型
161727,招商增荣混合(LOF),混合型
161728,招商瑞智优选混合(LOF),混合型
161729,招商瑞利灵活配置混合(LOF)A,混合型
161730,招商智星稳健配置混合(FOF-LOF)A,FOF
161810,银华内需精选混合(LOF),混合型
161811,银华沪深300指数A,指数型
161812,银华深证100指数(LOF),指数型
161815,银华抗通胀主题(QDII-FOF-LOF)A,QDII
161816,银华中证等权重90指数(LOF),指数型
161818,银华消费主题混合A,混合型
161820,银华纯债信用债券(LOF)A,债券型
161831,银华恒生国企指数(QDII-LOF)A,指数型
161834,银华鑫锐灵活配置混合(LOF)A,混合型
161837,银华大盘两年定开混合,混合型
161838,银华创业板两年定期开放混合,混合型
161902,万家增强收益债券C,债券型
161903,万家行业优选混合(LOF),混合型
161907,红利ETF联接,指数型
161908,万家添利债券(LOF)C,债券型
161910,万家新机遇价值驱动A,混合型
161912,万家社会责任18个月定开A,混合型
161913,万家社会责任18个月定开C,混合型
161914,万家创业板2年定期开放混合A,混合型
161915,万家创业板2年定期开放混合C,混合型
162006,长城久富混合(LOF)A,混合型
162102,金鹰中小盘精选混合A,混合型
162105,金鹰持久增利债券(LOF)C,债券型
162107,金鹰先进制造股票(LOF)A,股票型
162108,金鹰元盛债券(LOF)C,债券型
162201,宏利成长混合,混合型
162202,宏利周期混合,混合型
162203,宏利稳定混合,混合型
162204,宏利行业精选混合A,混合型
162205,宏利风险预算混合,混合型
162206,宏利货币A,货币型
162207,宏利效率优选混合(LOF),混合型
162208,宏利首选企业股票A,股票型
162209,宏利市值优选混合A,混合型
162210,宏利集利债券A,债券型
162212,宏利红利先锋混合A,混合型
162213,宏利沪深300指数A,指数型
162214,宏利领先中小盘混合,混合型
162215,宏利聚利债券(LOF),债券型
162216,宏利500指数增强(LOF),指数型
162299,宏利集利债券C,债券型
162307,海富通中证A100指数(LOF)A,指数型
162411,华宝标普油气上游股票人民币A,指数型
162412,华宝医疗ETF联接A,指数型
162414,华宝新机遇混合(LOF)A,混合型
162415,华宝标普美国消费人民币A,指数型
162509,国联安中证A100指数(LOF),指数型
162511,国联安双佳信用债券(LOF),债券型
162605,景顺长城鼎益混合(LOF)A,混合型
162606,景顺长城鼎益混合(LOF)A(后端),混合型
162607,景顺长城资源垄断混合(LOF)A,混合型
162703,广发小盘成长混合(LOF)A,混合型
162711,广发中证500ETF联接A,指数型
162712,广发聚利债券(LOF)A,债券型
162713,广发中证500ETF联接A(后端),指数型
162714,广发深证100ETF联接A,指数型
162715,广发聚源债券(LOF)A,债券型
162716,广发聚源债券(LOF)C,债券型
162717,广发成长新动能混合A,混合型
162719,广发道琼斯石油指数人民币A,指数型
162720,广发创业板两年定开混合,混合型
162721,广发积极优势混合(FOF-LOF)A,FOF
163001,长信医疗保健混合(LOF)A,混合型
163003,长信利鑫债券(LOF)C,债券型
163005,长信利众债券(LOF)C,债券型
163007,长信利众债券(LOF)A,债券型
163008,长信利鑫债券(LOF)A,债券型
163109,申万菱信深证成份指数(LOF)A,指数型
163110,申万菱信量化小盘股票(LOF)A,股票型
163111,申万菱信中小企业100指数(LOF)A,指数型
163113,申万菱信中证申万证券行业指数(LOF)A,指数型
163114,申万菱信中证环保产业指数(LOF)A,指数型
163115,申万菱信中证军工指数(LOF)A,指数型
163116,申万中证申万电子行业投资指数(LOF)A,指数型
163118,申万菱信中证申万医药生物指数(LOF)A,指数型
163208,诺安油气能源,QDII
163209,诺安创业板指数增强(LOF)A,指数型
163302,大摩资源优选混合(LOF),混合型
163402,兴全趋势投资混合(LOF),混合型
163403,兴全趋势投资混合(LOF)(后端),混合型
163406,兴全合润混合A,混合型
163407,兴全沪深300指数(LOF)A,指数型
163408,兴全沪深300指数(LOF)A(后端),指数型
163409,兴全绿色投资混合(LOF),混合型
163410,兴全绿色投资混合(LOF)(后端),混合型
163411,兴全精选混合,混合型
163412,兴全轻资产混合(LOF),混合型
163413,兴全轻资产混合(LOF)(后端),混合型
163415,兴全商业模式混合(LOF)A,混合型
163416,兴全商业模式混合(LOF)A(后端),混合型
163417,兴全合宜混合(LOF)A,混合型
163418,兴全合兴混合A,混合型
163503,天治核心成长混合(LOF),混合型
163801,中银中国混合(LOF)A,混合型
163802,中银货币A,货币型
163803,中银持续增长混合A,混合型
163804,中银收益混合A,混合型
163805,中银动态策略混合A,混合型
163806,中银增利债券A,债券型
163807,中银优选灵活配置混合A,混合型
163808,中银中证A100指数增强,指数型
163809,中银蓝筹混合,混合型
163810,中银价值混合A,混合型
163811,中银双利债券A,债券型
163812,中银双利债券B,债券型
163813,中银全球策略(QDII-FOF)A,QDII
163816,中银转债增强债券A,债券型
163817,中银转债增强债券B,债券型
163818,中银中小盘成长混合,混合型
163819,中银信用增利债券(LOF)A,债券型
163820,中银货币B,货币型
163821,中银沪深300等权重指数,指数型
163822,中银主题策略混合A,混合型
163823,中银稳健策略混合,混合型
163825,中银互利半年定开债,债券型
163827,中银产业债债券A,债券型
163907,中海惠裕纯债发起式,债券型
164105,华富强化回报债券(LOF),债券型
164205,天弘文化新兴产业股票A,股票型
164206,天弘添利债券(LOF)C,债券型
164208,天弘丰利债券(LOF)E,债券型
164210,天弘同利债券(LOF)C,债券型
164212,天弘全球新能源汽车股票(QDII-LOF)A,QDII
164304,新华中证环保产业指数,指数型
164401,前海开源中证健康产业指数,指数型
164402,前海开源中航军工指数A,指数型
164403,前海开源沪港深农业混合A,混合型
164508,国富中证A100指数增强(LOF),指数型
164509,国富恒利债券(LOF)A,债券型
164510,国富恒利债券(LOF)C,债券型
164606,华泰柏瑞信用增利债(LOF)A,债券型
164701,汇添富黄金及贵金属(QDII-LOF-FOF)A,QDII
164703,汇添富纯债(LOF)A,债券型
164705,汇添富恒生指数(QDII-LOF)A,指数型
164808,工银四季收益债券A,债券型
164809,工银中证500ETF联接A,指数型
164810,工银纯债定开债,债券型
164814,工银双债增强债券,债券型
164818,工银传媒指数A,指数型
164824,工银印度基金人民币,QDII
164826,工银创业板两年定开混合A,混合型
164902,交银信用添利债券(LOF),债券型
164903,交银信用添利债券(LOF)(后端),债券型
164905,交银国证新能源指数(LOF)A,指数型
164906,交银中证海外中国互联网指数(LOF)A,指数型
164908,交银中证环境治理(LOF)A,指数型
165309,建信沪深300指数(LOF),指数型
165310,建信沪深300指数增强(LOF)A,指数型
165311,建信信用增强债券(LOF)A,债券型
165312,建信央视财经50指数(LOF),指数型
165313,建信优势动力混合(LOF),混合型
165314,建信信用增强债券(LOF)C,债券型
165508,中信保诚深度价值混合(LOF),混合型
165509,中信保诚增强收益债券(LOF)A,债券型
165511,中信保诚中证500指数(LOF)A,指数型
165512,中信保诚新机遇混合(LOF),混合型
165513,中信保诚全球商品主题(QDII-FOF-LOF)A,QDII
165515,中信保诚沪深300指数(LOF)A,指数型
165516,中信保诚周期轮动混合(LOF)A,混合型
165517,中信保诚双盈债券(LOF)A,债券型
165519,中信保诚中证800医药指数(LOF)A,指数型
165520,中信保诚中证800有色指数(LOF)A,指数型
165521,中信保诚中证800金融指数(LOF)A,指数型
165522,中信保诚中证TMT(LOF)A,指数型
165523,中信保诚中证信息安全指数(LOF)A,指数型
165524,中信保诚中证智能家居指数(LOF)A,指数型
165525,中信保诚中证基建工程指数(LOF)A,指数型
165526,中信保诚新旺混合(LOF)A,混合型
165527,中信保诚新旺混合(LOF)C,混合型
165528,中信保诚鼎利混合(LOF)A,混合型
165530,中信保诚惠泽A,债券型
165531,中信保诚多策略混合(LOF)A,混合型
166001,中欧新趋势混合A,混合型
166002,中欧新蓝筹混合A,混合型
166005,中欧价值发现混合A,混合型
166006,中欧行业成长混合(LOF)A,混合型
166007,中欧互通精选混合A,混合型
166008,中欧增强回报债券(LOF)A,债券型
166009,中欧新动力混合(LOF)A,混合型
166010,中欧鼎利债券A,债券型
166011,中欧盛世成长混合(LOF)A,混合型
166014,中欧货币A,货币型
166015,中欧货币B,货币型
166016,中欧纯债债券(LOF)C,债券型
166019,中欧价值智选混合A,混合型
166020,中欧成长优选混合A,混合型
166023,中欧瑞丰灵活配置混合(LOF)A,混合型
166024,中欧恒利三年定期开放混合,混合型
166025,中欧远见两年定开混合A,混合型
166027,中欧创业板两年定开混合A,混合型
166105,信澳鑫安债券(LOF)A,债券型
166107,信澳量化多因子混合(LOF)A,混合型
166108,信澳量化多因子混合(LOF)C,混合型
166109,信澳量化先锋(LOF)A,混合型
166110,信澳量化先锋(LOF)C,混合型
166301,华商新趋势优选灵活配置混合,混合型
166401,浦银安盛稳健增利债券C,债券型
166801,浙商聚潮新思维混合A,混合型
166802,浙商沪深300指数增强(LOF)A,指数型
167001,平安鼎泰混合(LOF),混合型
167002,平安鼎越混合(LOF),混合型
167003,平安鼎弘混合(LOF)A,混合型
167301,方正富邦中证保险A,指数型
167302,方正富邦大湾区综指(LOF),指数型
167501,安信宝利债券(LOF)D,债券型
167503,安信一带一路指数A,指数型
167504,安信中短利率债(LOF)A,债券型
167505,安信中短利率债(LOF)C,债券型
167506,安信深圳科技指数(LOF)A,指数型
167507,安信深圳科技指数(LOF)C,指数型
167508,安信价值发现两年定开混合(LOF),混合型
167601,国金300指数增强A,指数型
167702,德邦量化优选股票(LOF)A,股票型
167703,德邦量化优选股票(LOF)C,股票型
168002,国寿安保策略精选混合A,混合型
168101,九泰锐智事件驱动混合(LOF),混合型
168102,九泰锐富事件驱动混合发起式(LOF)A,混合型
168103,九泰锐益混合(LOF)A,混合型
168104,九泰锐丰灵活配置混合(LOF)A,混合型
168105,九泰泰富灵活配置混合(LOF)A,混合型
168111,九泰锐丰灵活配置混合(LOF)C,混合型
168203,国联国证钢铁行业指数(LOF)A,指数型
168204,国联中证煤炭指数(LOF)A,指数型
168301,东海祥龙(LOF)A,混合型
168401,红土精选混合(LOF)A,混合型
168501,华银产业升级,混合型
168601,汇安裕阳三年持有期混合,混合型
168701,合煦智远金融科技指数(LOF)A,指数型
168702,合煦智远金融科技指数(LOF)C,指数型
169101,东方红睿丰混合,混合型
169102,东方红睿阳三年持有混合,混合型
169103,东方红睿轩三年持有混合,混合型
169104,东方红睿满沪港深混合(LOF)A,混合型
169105,东方红睿华沪港深混合(LOF)A,混合型
169106,东方红创新优选定开混合,混合型
169107,东方红恒阳五年持有混合,混合型
169108,东方红均衡优选定开混合,混合型
169109,东方红睿和三年持有混合A,混合型
169201,浙商鼎盈事件驱动混合,混合型
180001,银华优势企业混合,混合型
180003,银华-道琼斯88指数,指数型
180008,银华货币A,货币型
180009,银华货币B,货币型
180010,银华优质增长混合,混合型
180011,银华优势企业混合(后端),混合型
180012,银华富裕主题混合A,混合型
180013,银华领先策略混合,混合型
180015,银华增强收益债券A,债券型
180018,银华和谐主题混合,混合型
180020,银华成长先锋混合,混合型
180025,银华信用双利债券A,债券型
180026,银华信用双利债券C,债券型
180028,银华永祥灵活配置混合,混合型
180031,银华中小盘混合,混合型
180101,博时蛇口产园REIT,Reits
180102,华夏合肥高新REIT,Reits
180103,华夏和达高科REIT,Reits
180105,易方达广开产园REIT,Reits
180106,广发成都高投产业园REIT,Reits
180201,平安广州广河REIT,Reits
180202,华夏越秀高速REIT,Reits
180203,招商高速公路REIT,Reits
180301,红土创新盐田港REIT,Reits
180302,华夏深国际REIT,Reits
180303,华泰宝湾物流REIT,Reits
180305,南方顺丰物流REIT,Reits
180306,华夏安博仓储REIT,Reits
180401,鹏华深圳能源REIT,Reits
180402,工银蒙能清洁能源REIT,Reits
180501,红土创新深圳安居REIT,Reits
180502,招商基金蛇口租赁住房REIT,Reits
180503,中航北京昌保租赁住房REIT,Reits
180601,华夏华润商业REIT,Reits
180602,中金印力消费REIT,Reits
180603,华夏大悦城商业REIT,Reits
180605,易方达华威市场REIT,Reits
180606,中金中国绿发商业REIT,Reits
180607,华夏中海商业REIT,Reits
180701,银华绍兴原水水利REIT,Reits
180801,中航首钢绿能REIT,Reits
180901,南方润泽科技数据中心REIT,Reits
200001,长城久恒灵活配置混合A,混合型
200002,长城久泰沪深300指数A,指数型
200003,长城货币A,货币型
200006,长城消费增值混合A,混合型
200007,长城安心回报混合A,混合型
200008,长城品牌优选混合A,混合型
200009,长城稳健增利债券A,债券型
200010,长城双动力混合A,混合型
200012,长城中小盘成长混合A,混合型
200013,长城积极增利债券A,债券型
200015,长城优化升级混合A,混合型
200016,长城稳健成长混合A,混合型
200103,长城货币B,货币型
200113,长城积极增利债券C,债券型
201001,长城久恒灵活配置混合A(后端),混合型
201002,长城久泰沪深300指数A(后端),指数型
202001,南方稳健成长混合,混合型
202002,南方稳健成长贰号混合,混合型
202003,南方绩优成长混合A,混合型
202004,南方绩优成长混合A(后端),混合型
202005,南方成份精选混合A,混合型
202006,南方成份精选混合A(后端),混合型
202007,南方隆元产业主题混合,混合型
202008,南方隆元产业主题混合(后端),混合型
202009,南方盛元红利混合,混合型
202010,南方盛元红利混合(后端),混合型
202011,南方优选价值混合A,混合型
202012,南方优选价值混合A(后端),混合型
202015,南方沪深300ETF联接A,指数型
202016,南方沪深300ETF联接A(后端),指数型
202017,南方深证成份ETF联接A,指数型
202018,南方深证成份ETF联接A(后端),指数型
202019,南方策略优化混合,混合型
202020,南方策略优化混合(后端),混合型
202021,南方小康ETF联接A,指数型
202022,南方小康ETF联接A(后端),指数型
202023,南方优选成长混合A,混合型
202024,南方优选成长混合A(后端),混合型
202025,南方上证380ETF联接A,指数型
202026,南方上证380ETF联接A(后端),指数型
202027,南方高端装备混合A,混合型
202028,南方高端装备混合A(后端),混合型
202101,南方宝元债券A,债券型
202102,南方多利增强债券C,债券型
202103,南方多利增强债券A,债券型
202105,南方广利回报债券A/B,债券型
202106,南方广利回报债券A/B(后端),债券型
202107,南方广利回报债券C,债券型
202108,南方润元纯债债券A/B,债券型
202109,南方润元纯债债券A/B(后端),债券型
202110,南方润元纯债债券C,债券型
202211,南方中证A100ETF联接A,指数型
202212,南方平衡配置混合,混合型
202213,南方核心竞争混合,混合型
202301,南方现金增利货币A,货币型
202302,南方现金增利货币B,货币型
202305,南方旺元60天滚动持有中短债A,债券型
202307,南方收益宝货币A,货币型
202308,南方收益宝货币B,货币型
202801,南方全球精选配置股票(QDII-FOF)A,QDII
206001,鹏华弘泰A,混合型
206002,鹏华精选成长混合A,混合型
206003,鹏华信用增利债券A,债券型
206004,鹏华信用增利债券B,债券型
206006,鹏华全球中短债(QDII)人民币A,QDII
206007,鹏华消费优选混合,混合型
206008,鹏华丰盛债券B,债券型
206009,鹏华新兴产业混合A,混合型
206011,鹏华美国房地产(QDII),QDII
206012,鹏华价值精选股票,股票型
206013,鹏华宏观灵活配置混合,混合型
206015,鹏华纯债债券D,债券型
206018,鹏华产业债债券A,债券型
210001,金鹰成份优选混合,混合型
210002,金鹰红利价值混合A,混合型
210003,金鹰行业优势混合A,混合型
210004,金鹰稳健成长混合,混合型
210005,金鹰主题优势混合,混合型
210006,金鹰元禧混合A,混合型
210007,金鹰技术领先灵活配置混合A,混合型
210008,金鹰策略配置混合,混合型
210009,金鹰核心资源混合A,混合型
210010,金鹰灵活配置混合A,混合型
210011,金鹰灵活配置混合C,混合型
210012,金鹰货币A,货币型
210013,金鹰货币B,货币型
210014,金鹰元丰债券A,债券型
213001,宝盈鸿利收益灵活配置混合A,混合型
213002,宝盈泛沿海增长混合,混合型
213003,宝盈策略增长混合,混合型
213006,宝盈核心优势混合A,混合型
213007,宝盈增强收益债券A/B,债券型
213008,宝盈资源优选混合,混合型
213009,宝盈货币A,货币型
213010,宝盈中证A100指数增强A,指数型
213907,宝盈增强收益债券A/B(后端),债券型
213908,宝盈资源优选混合(后端),混合型
213909,宝盈货币B,货币型
213917,宝盈增强收益债券C,债券型
217001,招商安泰偏股混合,混合型
217002,招商安泰平衡混合,混合型
217003,招商安泰债券A,债券型
217004,招商现金增值货币A,货币型
217005,招商先锋混合,混合型
217008,招商安本增利债券C,债券型
217009,招商核心价值混合,混合型
217010,招商大盘蓝筹混合,混合型
217011,招商安心收益债券C,债券型
217012,招商行业领先混合A,混合型
217013,招商中小盘混合,混合型
217014,招商现金增值货币B,货币型
217016,招商深证100指数A,指数型
217017,招商上证消费80ETF联接A,指数型
217018,招商安瑞进取债券A,债券型
217019,招商深证TMT50ETF联接A,指数型
217020,招商安达灵活配置混合,混合型
217021,招商优势企业混合A,混合型
217022,招商产业债券A,债券型
217023,招商信用增强债券A,债券型
217024,招商安盈债券A,债券型
217025,招商理财7天债券A,债券型
217026,招商理财7天债券B,债券型
217027,招商央视财经50指数A,指数型
217203,招商安泰债券B,债券型
229002,宏利逆向策略混合,混合型
233001,大摩基础行业混合,混合型
233005,大摩强收益债券,债券型
233006,大摩领先优势混合,混合型
233007,大摩卓越成长混合,混合型
233008,大摩消费领航混合,混合型
233009,大摩多因子策略混合A,混合型
233010,大摩深证300指数增强,指数型
233011,大摩主题优选混合,混合型
233012,大摩多元收益债券A,债券型
233013,大摩多元收益债券C,债券型
233015,大摩量化配置混合A,混合型
240001,华宝宝康消费品,混合型
240002,华宝宝康配置混合,混合型
240003,华宝宝康债券A,债券型
240004,华宝动力组合混合A,混合型
240005,华宝多策略增长A,混合型
240006,华宝现金宝货币A,货币型
240007,华宝现金宝货币B,货币型
240008,华宝收益增长混合A,混合型
240009,华宝先进成长混合,混合型
240010,华宝行业精选混合,混合型
240011,华宝大盘精选混合,混合型
240012,华宝增强收益债券A,债券型
240013,华宝增强收益债券B,债券型
240014,华宝中证A100ETF联接A,指数型
240015,华宝中证A100ETF联接A(后端),指数型
240016,华宝上证180价值ETF联接A,指数型
240017,华宝新兴产业混合,混合型
240018,华宝可转债债券A,债券型
240019,华宝中证银行ETF联接A,指数型
240020,华宝医药生物混合A,混合型
240022,华宝资源优选混合A,混合型
241001,华宝海外中国成长混合,QDII
253020,国联安增利债券A,债券型
253021,国联安增利债券B,债券型
253050,国联安货币A,货币型
253051,国联安货币B,货币型
253060,国联安信心增长债券A,债券型
253061,国联安信心增长债券B,债券型
255010,国联安稳健混合A,混合型
257010,国联安小盘精选混合,混合型
257020,国联安精选混合,混合型
257021,国联安精选混合(后端),混合型
257030,国联安优势混合,混合型
257031,国联安优势混合(后端),混合型
257040,国联安红利混合,混合型
257041,国联安红利混合(后端),混合型
257050,国联安主题驱动混合A,混合型
257060,国联安上证商品ETF联接A,指数型
257070,国联安优选行业混合,混合型
260101,景顺长城优选混合,混合型
260102,景顺货币A,货币型
260103,景顺长城动力平衡混合,混合型
260104,景顺长城内需增长混合A,混合型
260108,景顺长城新兴成长混合A,混合型
260109,景顺长城内需增长贰号混合A,混合型
260110,景顺长城精选蓝筹混合,混合型
260111,景顺长城公司治理混合,混合型
260112,景顺长城能源基建混合A,混合型
260115,景顺长城中小盘混合A,混合型
260116,景顺长城核心竞争力混合A,混合型
260117,景顺长城支柱产业混合A,混合型
260202,景顺货币B,货币型
261001,景顺长城稳定收益债券A,债券型
261002,景顺长城优信增利债券A,债券型
261101,景顺长城稳定收益债券C,债券型
261102,景顺长城优信增利债券C,债券型
262001,景顺长城大中华混合(QDII)A人民币,QDII
270001,广发聚富混合,混合型
270002,广发稳健增长混合A,混合型
270004,广发货币A,货币型
270005,广发聚丰混合A,混合型
270006,广发策略优选混合,混合型
270007,广发大盘成长混合,混合型
270008,广发核心精选混合,混合型
270009,广发增强债券C,债券型
270010,广发沪深300ETF联接A,指数型
270011,广发聚富混合(后端),混合型
270012,广发稳健增长混合A(后端),混合型
270014,广发货币B,货币型
270015,广发聚丰混合A(后端),混合型
270016,广发策略优选混合(后端),混合型
270017,广发大盘成长混合(后端),混合型
270020,广发沪深300ETF联接A(后端),指数型
270021,广发聚瑞混合A,混合型
270022,广发内需增长混合A,混合型
270023,广发全球精选股票(QDII)人民币A,QDII
270025,广发行业领先混合A,混合型
270026,广发国证2000ETF联接A,指数型
270028,广发制造业精选混合A,混合型
270029,广发聚财信用债券A,债券型
270030,广发聚财信用债券B,债券型
270036,广发国证2000ETF联接A(后端),指数型
270041,广发消费品精选混合A,混合型
270042,广发纳斯达克100ETF联接人民币(QDII)A,指数型
270043,广发理财年年红债券A,债券型
270044,广发双债添利债券A,债券型
270045,广发双债添利债券C,债券型
270046,广发景荣纯债,债券型
270048,广发纯债债券A,债券型
270049,广发纯债债券C,债券型
270050,广发新经济混合A,混合型
288001,华夏经典混合,混合型
288002,华夏收入混合,混合型
288101,华夏货币A,货币型
288102,华夏稳定双利债券C,债券型
288201,华夏货币B,货币型
290001,泰信天天收益货币A,货币型
290002,泰信先行策略混合,混合型
290003,泰信双息双利债券C,债券型
290004,泰信优质生活混合,混合型
290005,泰信优势增长混合,混合型
290006,泰信蓝筹精选混合,混合型
290007,泰信债券增强收益A,债券型
290008,泰信发展主题混合,混合型
290009,泰信债券周期回报A,债券型
290010,泰信中证200指数,指数型
290011,泰信中小盘精选混合,混合型
290012,泰信行业精选混合A,混合型
290014,泰信现代服务业混合,混合型
291007,泰信债券增强收益C,债券型
310308,申万菱信盛利精选混合A,混合型
310318,申万菱信沪深300指数增强A,指数型
310328,申万菱信新动力混合A,混合型
310338,申万菱信收益宝货币A,货币型
310339,申万菱信收益宝货币B,货币型
310358,申万菱信新经济混合A,混合型
310368,申万菱信竞争优势混合A,混合型
310388,申万菱信消费增长混合A,混合型
310398,申万菱信沪深300价值指数A,指数型
310508,申万菱信稳益宝债券A,债券型
310518,申万菱信可转债债券A,债券型
320001,诺安平衡混合A,混合型
320002,诺安货币A,货币型
320003,诺安先锋混合A,混合型
320004,诺安优化收益债券C,债券型
320005,诺安价值增长混合A,混合型
320006,诺安灵活配置混合,混合型
320007,诺安成长混合A,混合型
320008,诺安增利债券A,债券型
320009,诺安增利债券B,债券型
320010,诺安中证A100指数A,指数型
320011,诺安中小盘精选混合A,混合型
320012,诺安主题精选混合,混合型
320013,诺安全球黄金,QDII
320014,诺安沪深300指数增强A,指数型
320015,诺安行业轮动混合A,混合型
320016,诺安多策略混合A,混合型
320017,诺安全球收益不动产,QDII
320018,诺安新动力灵活配置混合A,混合型
320019,诺安货币B,货币型
320020,诺安策略精选股票A,股票型
320021,诺安双利债券发起A,债券型
320022,诺安研究精选股票A,股票型
340001,兴全可转债混合,混合型
340005,兴全货币A,货币型
340006,兴全全球视野股票,股票型
340007,兴全社会责任混合,混合型
340008,兴全有机增长混合,混合型
340009,兴全磐稳增利债券A,债券型
350001,天治财富增长混合,混合型
350002,天治低碳经济混合,混合型
350004,天治天得利货币A,货币型
350005,天治中国制造2025,混合型
350006,天治稳健双盈债券,债券型
350007,天治趋势精选混合,混合型
350008,天治新消费混合,混合型
350009,天治研究驱动混合A,混合型
360001,光大量化股票A,股票型
360003,光大保德信货币A,货币型
360005,光大红利混合A,混合型
360006,光大新增长混合A,混合型
360007,光大优势配置混合A,混合型
360008,光大增利收益债券A,债券型
360009,光大增利收益债券C,债券型
360010,光大均衡精选混合A,混合型
360011,光大动态优选灵活配置混合A,混合型
360012,光大中小盘混合A,混合型
360013,光大信用添益债券A,债券型
360014,光大信用添益债券C,债券型
360016,光大行业轮动混合,混合型
360019,光大添天盈五年定开债,债券型
370010,摩根货币A,货币型
370011,摩根货币B,货币型
370024,摩根核心优选混合A,混合型
370027,摩根智选30混合A,混合型
371020,摩根纯债债券A,债券型
371120,摩根纯债债券B,债券型
372010,摩根强化回报债券A,债券型
372110,摩根强化回报债券B,债券型
373010,摩根双息平衡混合A,混合型
373020,摩根双核平衡混合A,混合型
375010,摩根中国优势混合A,混合型
376510,摩根大盘蓝筹股票A,股票型
377010,摩根阿尔法混合A,混合型
377016,摩根亚太优势混合(QDII)A,QDII
377020,摩根内需动力混合A,混合型
377150,摩根健康品质生活混合A,混合型
377240,摩根新兴动力混合A,混合型
377530,摩根行业轮动混合A,混合型
378006,摩根全球新兴市场混合(QDII),QDII
378010,摩根成长先锋混合A,混合型
378546,摩根全球天然资源混合(QDII)A,QDII
379010,摩根中小盘混合A,混合型
380005,中银纯债债券A,债券型
380006,中银纯债债券C,债券型
380009,中银添利债券发起A,债券型
380010,中银聚享债券A,债券型
380011,中银聚享债券B,债券型
392001,中海货币A,货币型
392002,中海货币B,货币型
393001,中海优势精选灵活配置混合,混合型
395001,中海稳健收益债券,债券型
395011,中海增强收益债券A,债券型
395012,中海增强收益债券C,债券型
398001,中海优质成长混合,混合型
398002,中海优质成长混合(后端),混合型
398011,中海分红增利混合,混合型
398012,中海分红增利混合(后端),混合型
398021,中海能源策略混合,混合型
398031,中海蓝筹混合A,混合型
398041,中海量化策略混合,混合型
398051,中海环保新能源混合,混合型
398061,中海消费混合A,混合型
399001,中海上证50指数增强,指数型
399011,中海医疗保健主题股票A,股票型
400001,东方龙混合,混合型
400003,东方精选混合,混合型
400004,东方精选混合(后端),混合型
400005,东方金账簿货币A,货币型
400006,东方金账簿货币B,货币型
400007,东方策略成长混合,混合型
400008,东方策略成长混合(后端),混合型
400009,东方稳健回报债券A,债券型
400011,东方核心动力混合A,混合型
400012,东方核心动力混合A(后端),混合型
400013,东方成长收益灵活配置混合A,混合型
400015,东方新能源汽车混合,混合型
400016,东方强化收益债券A,债券型
400025,东方新兴成长混合,混合型
400027,东方双债添利债券A,债券型
400029,东方双债添利债券C,债券型
400030,东方添益债券,债券型
400032,东方主题精选混合,混合型
410001,华富竞争力优选混合A,混合型
410002,华富货币A,货币型
410003,华富成长趋势混合A,混合型
410004,华富收益增强债券A,债券型
410005,华富收益增强债券B,债券型
410006,华富策略精选混合A,混合型
410007,华富价值增长混合A,混合型
410008,华富中证A100ETF联接A,指数型
410009,华富量子生命力混合A,混合型
410010,华富中小企业100指数增强,指数型
420001,天弘精选混合A,混合型
420002,天弘永利债券A,债券型
420003,天弘永定价值成长混合A,混合型
420005,天弘周期策略混合A,混合型
420006,天弘现金管家货币A,货币型
420008,天弘增益回报债券发起式A,债券型
420009,天弘安康颐养混合A,混合型
420102,天弘永利债券B,债券型
420106,天弘现金管家货币B,货币型
420108,天弘增益回报债券发起式B,债券型
450001,国富中国收益混合A,混合型
450002,国富弹性市值混合A,混合型
450003,国富潜力组合混合A,混合型
450004,国富深化价值混合A,混合型
450005,国富强化收益债券A,债券型
450006,国富强化收益债券C,债券型
450007,国富成长动力混合,混合型
450008,国富沪深300指数增强A,指数型
450009,国富中小盘股票A,股票型
450010,国富策略回报混合A,混合型
450011,国富研究精选混合A,混合型
450018,国富恒久信用债券A,债券型
450019,国富恒久信用债券C,债券型
457001,国富亚洲机会股票(QDII)A,QDII
460001,华泰柏瑞盛世中国混合,混合型
460002,华泰柏瑞积极成长混合,混合型
460003,华泰柏瑞稳本增利债券B,债券型
460005,华泰柏瑞价值增长混合A,混合型
460006,华泰柏瑞货币A,货币型
460007,华泰柏瑞行业领先混合,混合型
460008,华泰柏瑞稳健收益债券A,债券型
460009,华泰柏瑞量化先行混合A,混合型
460010,华泰柏瑞亚洲领导企业混合,QDII
460106,华泰柏瑞货币B,货币型
460108,华泰柏瑞稳健收益债券C,债券型
460300,华泰柏瑞沪深300ETF联接A,指数型
470006,汇添富医药保健混合,混合型
470007,汇添富上证综合指数A,指数型
470008,汇添富策略回报混合,混合型
470009,汇添富民营活力混合,混合型
470010,汇添富多元收益债券A,债券型
470011,汇添富多元收益债券C,债券型
470014,汇添富理财14天债券A,债券型
470018,汇添富双利债券A,债券型
470021,汇添富优选回报混合A,混合型
470028,汇添富社会责任混合A,混合型
470030,汇添富鑫禧债,债券型
470058,汇添富可转换债券A,债券型
470059,汇添富可转换债券C,债券型
470060,汇添富理财60天债券A,债券型
470068,汇添富深证300ETF联接A,指数型
470078,汇添富增强收益债券C,债券型
470088,汇添富6月红定期开放债券A,债券型
470089,汇添富6月红定期开放债券C,债券型
470098,汇添富逆向投资混合A,混合型
470888,汇添富香港优势精选混合(QDII)A,QDII
471014,汇添富理财14天债券B,债券型
471060,汇添富理财60天债券B,债券型
472007,汇添富利率债,债券型
481001,工银核心价值混合A,混合型
481004,工银稳健成长混合A,混合型
481006,工银红利混合,混合型
481008,工银大盘蓝筹混合,混合型
481009,工银沪深300指数A,指数型
481010,工银中小盘混合,混合型
481012,工银深证红利ETF联接A,指数型
481013,工银消费服务混合A,混合型
481015,工银主题策略混合A,混合型
481017,工银量化策略混合A,混合型
482002,工银货币A,货币型
483003,工银精选平衡混合,混合型
485005,工银增强收益债券B,债券型
485007,工银添利债券B,债券型
485011,工银瑞信双利债券B,债券型
485014,工银添颐债券B,债券型
485018,工银7天理财债券B,债券型
485019,工银信用纯债债券B,债券型
485020,工银14天理财债券发起B,债券型
485022,工银尊益中短债F,债券型
485105,工银增强收益债券A,债券型
485107,工银添利债券A,债券型
485111,工银瑞信双利债券A,债券型
485114,工银添颐债券A,债券型
485118,工银7天理财债券A,债券型
485119,工银信用纯债债券A,债券型
485120,工银14天理财债券发起A,债券型
485122,工银尊益中短债C,债券型
485205,工银增强收益债券A(后端),债券型
486001,工银全球股票(QDII)人民币,QDII
486002,工银全球精选股票(QDII),QDII
487016,工银瑞信灵活配置混合A,混合型
487021,工银优质精选混合A,混合型
501001,财通多策略精选混合(LOF),混合型
501005,汇添富中证精准医疗指数(LOF)A,指数型
501006,汇添富中证精准医疗指数(LOF)C,指数型
501007,汇添富中证互联网医疗指数(LOF)A,指数型
501008,汇添富中证互联网医疗指数(LOF)C,指数型
501009,汇添富中证生物科技指数(LOF)A,指数型
501010,汇添富中证生物科技指数(LOF)C,指数型
501011,汇添富中证中药ETF联接(LOF)A,指数型
501012,汇添富中证中药ETF联接(LOF)C,指数型
501015,财通多策略升级混合(LOF)A,混合型
501016,国泰中证申万证券行业指数(LOF)A,指数型
501017,国泰融丰外延增长混合(LOF)A,混合型
501018,南方原油A,QDII
501019,国泰国证航天军工指数(LOF)A,指数型
501021,华宝港股通标普香港上市中国中小盘指数(LOF)A,指数型
501022,银华鑫盛灵活配置混合(LOF)A,混合型
501025,鹏华中证香港银行指数(LOF)A,指数型
501026,财通多策略福享混合(LOF),混合型
501028,财通多策略福瑞混合发起式(LOF)A,混合型
501029,华宝标普中国A股红利机会ETF联接A(LOF),指数型
501030,汇添富中证环境治理指数(LOF)A,指数型
501031,汇添富中证环境治理指数(LOF)C,指数型
501032,财通福盛混合发起(LOF)A,混合型
501036,汇添富中证500ETF联接(LOF)A,指数型
501037,汇添富中证500ETF联接(LOF)C,指数型
501038,银华明择多策略定期开放混合,混合型
501043,汇添富沪深300指数(LOF)A,指数型
501045,汇添富沪深300指数(LOF)C,指数型
501046,财通多策略福鑫定开混合,混合型
501047,汇添富中证全指证券公司ETF联接(LOF)A,指数型
501048,汇添富中证全指证券公司ETF联接(LOF)C,指数型
501049,东方红睿玺三年持有混合A,混合型
501050,华夏上证50AH优选指数A,指数型
501051,圆信永丰汇利混合(LOF),混合型
501053,东方红目标优选定开混合,混合型
501054,东方红睿泽三年持有混合A,混合型
501057,汇添富中证新能源汽车产业指数(LOF)A,指数型
501058,汇添富中证新能源汽车产业指数(LOF)C,指数型
501059,西部利得国企红利指数增强A,指数型
501060,中金中证优选300指数(LOF)A,指数型
501061,中金中证优选300指数(LOF)C,指数型
501062,南方瑞合定开混合(LOF),混合型
501063,汇添富悦享两年持有混合,混合型
501064,国泰价值优选灵活配置混合(LOF)A,混合型
501065,汇添富经典成长定开混合,混合型
501066,东方红恒元五年持有混合,混合型
501070,广发睿阳三年定开混合,混合型
501071,泓德丰泽混合(LOF)A,混合型
501073,华安智联混合(LOF)A,混合型
501075,万家科创主题灵活配置混合(LOF)A,混合型
501076,鹏华创新动力混合(LOF),混合型
501077,富国创新企业灵活配置混合(LOF)A,混合型
501078,广发科创主题灵活配置混合(LOF),混合型
501079,大成科创主题混合(LOF)A,混合型
501080,中金科创主题灵活配置混合(LOF),混合型
501081,中欧科创主题混合(LOF)A,混合型
501082,博时科创主题灵活配置混合(LOF)A,混合型
501083,银华科创主题灵活配置混合(LOF),混合型
501085,财通科创主题灵活配置混合(LOF),混合型
501087,交银瑞丰混合(LOF),混合型
501088,嘉实瑞虹三年定期混合,混合型
501089,方正富邦消费红利指数增强(LOF),指数型
501090,华宝中证消费龙头ETF联接A,指数型
501091,嘉实欣荣混合(LOF)A,混合型
501092,交银瑞思混合(LOF),混合型
501093,华夏翔阳两年定开混合,混合型
501095,中银证券科技创新混合(LOF),混合型
501096,国联安科创混合(LOF),混合型
501097,国寿安保科技创新混合(LOF),混合型
501098,建信优享科技创新混合(LOF),混合型
501099,平安新兴产业混合(LOF),混合型
501100,博时安康定开债(LOF),债券型
501186,华夏兴融混合(LOF)A,混合型
501188,汇添富核心精选混合(LOF),混合型
501189,嘉实产业优选混合(LOF)A,混合型
501200,民生加银科技创新混合(LOF),混合型
501201,红土创新科技创新股票(LOF)A,股票型
501202,华泰紫金创新先锋混合(LOF)C,混合型
501203,易方达创新未来混合(LOF),混合型
501205,鹏华创新未来混合(LOF)C,混合型
501206,汇添富创新未来混合(LOF),混合型
501207,华夏创新未来混合(LOF),混合型
501208,中欧创新未来混合(LOF),混合型
501209,银华富久食品饮料精选混合(LOF)A,混合型
501210,交银智选星光混合(FOF-LOF)A,FOF
501211,民生加银优享6个月定开混合(FOF-LOF),FOF
501212,广发优选配置混合(FOF-LOF)A,FOF
501213,中欧汇选混合(FOF-LOF)A,FOF
501215,兴全积极配置混合(FOF-LOF)A,FOF
501216,富国智鑫行业精选股票(FOF-LOF)A,FOF
501217,华夏行业配置股票(FOF-LOF)A,FOF
501218,工银睿智进取股票(FOF-LOF)A,FOF
501219,华夏智胜先锋股票(LOF)A,股票型
501220,国泰行业轮动股票(FOF-LOF)A,FOF
501222,易方达如意招享混合(FOF-LOF)A,FOF
501225,景顺长城全球半导体芯片股票A(QDII-LOF)(人民币),QDII
501226,长城全球新能源车股票发起式(QDII)A,QDII
501227,泓德红利优选混合(LOF)A,混合型
501300,海富通全球收益债券人民币,QDII
501301,华宝港股通恒生中国(香港上市)30ETF联接(LOF)A,指数型
501302,南方恒指ETF联接(LOF)A,指数型
501303,广发恒生中型股指数(LOF)A,指数型
501305,汇添富港股红利ETF联接A,指数型
501306,汇添富港股红利ETF联接C,指数型
501307,银河中证沪港深高股息A,指数型
501308,银河中证沪港深高股息C,指数型
501310,华宝沪港深价值指数A,指数型
501311,嘉实港股通新经济指数A,指数型
501312,华宝海外科技股票(QDII-LOF)A,QDII
502000,西部利得中证500指数增强(LOF)A,指数型
502003,易方达中证军工(LOF)A,指数型
502006,易方达中证国企改革(LOF)A,指数型
502010,易方达中证全指证券公司指数(LOF)A,指数型
502013,长盛中证申万一带一路指数(LOF),指数型
502023,鹏华国证钢铁行业指数(LOF)A,指数型
502048,易方达上证50指数(LOF)A,指数型
502053,长盛中证证券公司指数(LOF)A,指数型
502056,广发中证医疗ETF联接(LOF)A,指数型
506000,南方科创板3年定开混合,混合型
506001,万家科创板2年定开混合,混合型
506002,易方达科创板两年定开混合,混合型
506003,富国科创板两年定开混合,混合型
506005,博时科创板三年定开混合,混合型
506006,汇添富科创板2年定开混合,混合型
506007,广发科创板两年定开混合,混合型
506008,长城科创两年定开混合A,混合型
506009,国泰科创板两年定期开放混合,混合型
508000,华安张江产业园REIT,Reits
508001,浙商沪杭甬REIT,Reits
508002,华安百联消费REIT,Reits
508003,中金联东科创REIT,Reits
508005,华夏首创奥莱REIT,Reits
508006,富国首创水务REIT,Reits
508007,中金山东高速REIT,Reits
508008,国金中国铁建REIT,Reits
508009,中金安徽交控REIT,Reits
508010,中金重庆两江REIT,Reits
508011,嘉实物美消费REIT,Reits
508012,招商科创REIT,Reits
508015,中信建投明阳智能新能源REIT,Reits
508016,华夏华电清洁能源REIT,Reits
508017,华夏金茂商业REIT,Reits
508018,华夏中国交建REIT,Reits
508019,中金湖北科投光谷REIT,Reits
508020,东方红隧道股份高速公路REIT,Reits
508021,国泰海通临港创新产业园REIT,Reits
508022,博时津开产园REIT,Reits
508026,嘉实中国电建清洁能源REIT,Reits
508027,东吴苏园产业REIT,Reits
508028,中信建投国家电投新能源REIT,Reits
508029,中信建投沈阳国际软件园REIT,Reits
508031,国泰海通城投宽庭保租房REIT,Reits
508033,易方达深高速REIT,REITs
508036,平安宁波交投REIT,Reits
508039,创金合信首农REIT,Reits
508048,华安外高桥REIT,Reits
508050,华夏中核清洁能源REIT,Reits
508055,汇添富上海地产租赁住房REIT,Reits
508056,中金普洛斯REIT,Reits
508058,中金厦门安居REIT,Reits
508060,南方万国数据中心REIT,Reits
508066,华泰江苏交控REIT,Reits
508068,华夏北京保障房REIT,Reits
508069,华夏南京交通高速公路REIT,Reits
508077,华夏基金华润有巢REIT,Reits
508078,中航易商仓储物流REIT,Reits
508080,中金亦庄产业园REIT,Reits
508082,中金唯品会奥莱REIT,Reits
508084,汇添富九州通医药REIT,Reits
508085,华泰苏州恒泰租赁住房REIT,Reits
508086,工银河北高速REIT,Reits
508087,国泰海通济南能源供热REIT,Reits
508088,国泰海通东久新经济REIT,Reits
508089,华夏特变电工新能源REIT,Reits
508090,中银中外运仓储物流REIT,Reits
508091,华夏凯德商业REIT,Reits
508092,华夏金隅智造工场REIT,Reits
508096,中航京能国际能源REIT,Reits
508097,华泰南京建邺REIT,Reits
508098,嘉实京东仓储基础设施REIT,Reits
508099,建信中关村REIT,Reits
510010,180治理ETF交银,指数型
510020,超大盘ETF博时,指数型
510030,价值ETF华宝,指数型
510040,上证180ETF鹏华,指数型
510050,上证50ETF华夏,指数型
510060,央企ETF工银,指数型
510080,长盛全债指数增强债券A,指数型
510081,长盛动态精选混合,混合型
510090,责任ETF建信,指数型
510100,上证50ETF易方达,指数型
510130,上证中盘ETF易方达,指数型
510150,消费ETF招商,指数型
510160,产业升级ETF南方,指数型
510170,大宗商品ETF国联安,指数型
510180,上证180ETF华安,指数型
510190,上证50ETF华安,指数型
510200,上证券商ETF汇安,指数型
510210,上证指数ETF富国,指数型
510230,金融ETF国泰,指数型
510270,国企ETF中银,指数型
510290,上证380ETF南方,指数型
510300,沪深300ETF华泰柏瑞,指数型
510310,沪深300ETF易方达,指数型
510320,沪深300ETF中金,指数型
510330,沪深300ETF华夏,指数型
510350,沪深300ETF工银,指数型
510360,沪深300ETF广发,指数型
510370,沪深300ETF兴业,指数型
510380,沪深300ETF国寿,指数型
510390,沪深300ETF平安,指数型
510410,资源ETF博时,指数型
510500,中证500ETF南方,指数型
510510,中证500ETF广发,指数型
510530,中证500ETF工银,指数型
510550,中证500ETF方正富邦,指数型
510560,中证500ETF国寿,指数型
510570,中证500ETF兴业,指数型
510580,中证500ETF易方达,指数型
510590,中证500ETF平安,指数型
510600,上证50ETF申万菱信,指数型
510630,消费ETF华夏,指数型
510650,金融地产ETF华夏,指数型
510660,医药ETF华夏,指数型
510670,上证180ETF华夏,指数型
510680,上证50ETF万家,指数型
510710,上证50ETF博时,指数型
510720,红利国企ETF国泰,指数型
510760,上证指数ETF国泰,指数型
510770,G60创新ETF申万菱信,指数型
510800,上证50ETF建信,指数型
510810,上海国企ETF汇添富,指数型
510850,上证50ETF工银,指数型
510880,红利ETF华泰柏瑞,指数型
510900,恒生中国企业ETF易方达,指数型
510950,上证50ETF广发,指数型
510980,上证指数ETF汇添富,指数型
510990,180ESGETF工银,指数型
511010,国债ETF国泰,指数型
511020,国债ETF平安,指数型
511030,公司债ETF平安,指数型
511060,5年地方债ETF海富通,指数型
511070,公司债ETF南方,指数型
511080,长盛全债指数增强债券A(后端),指数型
511081,长盛动态精选混合(后端),混合型
511090,30年国债ETF鹏扬,指数型
511100,国债ETF华夏,指数型
511110,公司债ETF易方达,指数型
511120,科创债ETF广发,指数型
511130,30年国债ETF博时,指数型
511150,科创债ETF永赢,指数型
511160,国债ETF东财,指数型
511180,可转债ETF海富通,指数型
511190,信用债ETF海富通,指数型
511200,信用债ETF华夏,指数型
511220,城投债ETF海富通,指数型
511260,十年国债ETF国泰,指数型
511270,10年地方债ETF海富通,指数型
511360,短融ETF海富通,指数型
511380,可转债ETF博时,指数型
511520,政金债ETF富国,指数型
511580,国债政金债ETF招商,指数型
511600,华安日日鑫ETF,货币型
511620,货币ETF国泰,货币型
511650,货币ETF华夏,货币型
511660,货币ETF建信,货币型
511670,华泰天天金ETF,货币型
511690,交易货币ETF大成,货币型
511700,货币ETF平安,货币型
511770,金鹰增益货币ETF,货币型
511800,易方达货币ETF,货币型
511810,货币ETF南方,货币型
511820,鹏华添利ETF,货币型
511830,货币ETF华泰柏瑞,货币型
511850,招商财富宝ETF,货币型
511860,货币ETF博时,货币型
511880,银华日利ETF,货币型
511900,富国货币ETF,货币型
511910,融通货币ETF,货币型
511920,货币ETF广发,货币型
511930,货币ETF国联,货币型
511950,添利货币ETF广发,货币型
511960,货币ETF嘉实,货币型
511970,国寿货币ETF,货币型
511980,货币ETF汇添富,货币型
511990,华宝添益ETF,货币型
512000,券商ETF华宝,指数型
512010,医药ETF易方达,指数型
512020,A500ETF鹏华,指数型
512030,中证A50增强ETF易方达,指数型
512040,价值100ETF富国,指数型
512050,A500ETF华夏,指数型
512060,A100ETF天弘,指数型
512070,证券保险ETF易方达,指数型
512080,A500ETF中金,指数型
512090,MSCIA股ETF易方达,指数型
512100,中证1000ETF南方,指数型
512120,医药ETF华安,指数型
512130,全指现金流ETF鹏华,指数型
512140,电力ETF华安,指数型
512150,富时A50ETF汇安,指数型
512160,MSCI中国A股ETF南方,指数型
512170,医疗ETF华宝,指数型
512180,MSCIA股ETF建信,指数型
512190,浙商之江凤凰ETF,指数型
512200,房地产ETF南方,指数型
512220,TMTETF景顺,指数型
512240,A50ETF鹏华,指数型
512250,A50ETF招商,指数型
512260,中证500低波动ETF华安,指数型
512290,生物医药ETF国泰,指数型
512330,信息科技ETF南方,指数型
512360,MSCIA股ETF平安,指数型
512370,A500增强ETF华夏,指数型
512380,MSCI中国ETF银华,指数型
512390,中国低波ETF平安,指数型
512400,有色金属ETF南方,指数型
512430,家居家电ETF华泰柏瑞,指数型
512450,畜牧养殖ETF广发,指数型
512460,电池ETF华夏,指数型
512480,半导体ETF国联安,指数型
512500,中证500ETF华夏,指数型
512510,中证500ETF华泰柏瑞,指数型
512520,MSCI中国ETF华泰柏瑞,指数型
512530,沪深300红利ETF建信,指数型
512550,富时A50ETF嘉实,指数型
512560,军工ETF易方达,指数型
512570,证券ETF易方达,指数型
512580,环保ETF广发,指数型
512600,消费ETF嘉实,指数型
512620,农业ETF天弘,指数型
512630,卫星ETF广发,指数型
512640,金融地产ETF嘉实,指数型
512650,长三角ETF汇添富,指数型
512660,军工ETF国泰,指数型
512670,国防ETF鹏华,指数型
512680,军工ETF广发,指数型
512690,酒ETF鹏华,指数型
512700,银行ETF南方,指数型
512710,军工龙头ETF富国,指数型
512720,计算机ETF国泰,指数型
512730,银行ETF鹏华,指数型
512750,基本面50ETF嘉实,指数型
512760,芯片ETF国泰,指数型
512770,战略新兴ETF华夏,指数型
512800,银行ETF华宝,指数型
512810,军工ETF华宝,指数型
512820,银行ETF汇添富,指数型
512870,杭州湾区ETF南华,指数型
512880,证券ETF国泰,指数型
512890,红利低波ETF华泰柏瑞,指数型
512900,证券ETF南方,指数型
512910,A100ETF广发,指数型
512930,AI人工智能ETF平安,指数型
512940,有色ETF华安,指数型
512950,央企改革ETF华夏,指数型
512960,央企结构调整ETF博时,指数型
512970,大湾区ETF平安,指数型
512980,传媒ETF广发,指数型
512990,MSCIA股ETF华夏,指数型
513000,日经225ETF易方达,指数型
513010,恒生科技ETF易方达,指数型
513020,港股科技ETF国泰,指数型
513030,德国ETF华安,指数型
513040,港股通互联网ETF易方达,指数型
513050,中概互联网ETF易方达,指数型
513060,恒生医疗ETF博时,指数型
513070,港股通消费ETF易方达,指数型
513080,法国ETF华安,指数型
513090,香港证券ETF易方达,指数型
513100,纳指ETF国泰,指数型
513110,纳指ETF华泰柏瑞,指数型
513120,港股创新药ETF广发,指数型
513130,恒生科技ETF华泰柏瑞,指数型
513140,港股通金融ETF华泰柏瑞,指数型
513150,港股通科技ETF华泰柏瑞,指数型
513160,港股科技ETF银华,指数型
513170,恒生央企ETF鹏华,指数型
513180,恒生科技ETF华夏,指数型
513190,港股通金融ETF华夏,指数型
513200,港股通医药ETF易方达,指数型
513210,恒生ETF易方达,指数型
513220,中概互联ETF招商,指数型
513230,港股通消费ETF华夏,指数型
513240,港股通信息技术ETF华安,指数型
513260,恒生科技ETF汇添富,指数型
513280,恒生生物科技ETF汇添富,指数型
513290,纳指生物科技ETF汇添富,指数型
513300,纳斯达克ETF华夏,指数型
513310,中韩半导体ETF华泰柏瑞,指数型
513320,港股通新经济ETF易方达,指数型
513330,恒生互联网ETF华夏,指数型
513350,标普油气ETF富国,指数型
513360,教育ETF博时,指数型
513380,恒生科技ETF广发,指数型
513390,纳指100ETF博时,指数型
513400,道琼斯ETF鹏华,指数型
513500,标普500ETF博时,指数型
513520,日经ETF华夏,指数型
513530,港股通红利ETF华泰柏瑞,指数型
513550,港股通50ETF华泰柏瑞,指数型
513560,香港科技ETF兴银,指数型
513580,恒生科技ETF华安,指数型
513590,港股通消费ETF鹏华,指数型
513600,恒生指数ETF南方,指数型
513620,港股医疗ETF银华,指数型
513630,港股低波红利ETF摩根,指数型
513650,标普500ETF南方,指数型
513660,恒生ETF华夏,指数型
513690,港股红利ETF博时,指数型
513700,港股通医药ETF鹏华,指数型
513720,港股互联网ETF国泰,指数型
513730,东南亚科技ETF华泰柏瑞,指数型
513750,港股通非银ETF广发,指数型
513770,港股互联网ETF华宝,指数型
513780,港股创新药ETF景顺,指数型
513800,日本东证指数ETF南方,指数型
513810,港股国企ETF华夏,指数型
513820,港股通红利ETF汇添富,指数型
513830,港股通高股息ETF嘉实,指数型
513850,美国50ETF易方达,指数型
513860,港股通科技ETF海富通,指数型
513870,纳指ETF富国,指数型
513880,日经225ETF华安,指数型
513890,恒生科技ETF摩根,指数型
513900,港股通100ETF华安,指数型
513910,港股通央企红利ETF华夏,指数型
513920,港股通央企红利ETF华安,指数型
513930,恒生生物科技ETF华泰柏瑞,指数型
513950,恒生红利ETF富国,指数型
513970,恒生消费ETF景顺,指数型
513980,港股科技ETF景顺,指数型
513990,港股通ETF招商,指数型
515000,科技ETF华宝,指数型
515010,证券ETF华夏,指数型
515020,银行ETF华夏,指数型
515030,新能源车ETF华夏,指数型
515050,通信ETF华夏,指数型
515060,房地产ETF华夏,指数型
515070,人工智能ETF华夏,指数型
515080,中证红利ETF招商,指数型
515090,可持续发展ETF博时,指数型
515100,红利低波100ETF景顺,指数型
515110,一带一路ETF易方达,指数型
515120,创新药ETF广发,指数型
515130,沪深300ETF博时,指数型
515150,一带一路ETF富国,指数型
515160,MSCI中国ETF招商,指数型
515170,食品饮料ETF华夏,指数型
515180,红利ETF易方达,指数型
515190,中证500ETF中银证券,指数型
515200,创新100ETF申万菱信,指数型
515210,钢铁ETF国泰,指数型
515220,煤炭ETF国泰,指数型
515230,软件ETF国泰,指数型
515250,智能汽车ETF富国,指数型
515260,电子ETF华宝,指数型
515290,银行ETF天弘,指数型
515293,银行ETF天弘,指数型
515300,300红利低波ETF嘉实,指数型
515310,沪深300ETF汇添富,指数型
515320,电子50ETF华安,指数型
515330,沪深300ETF天弘,指数型
515350,沪深300ETF民生加银,指数型
515360,沪深300ETF方正富邦,指数型
515370,光伏ETF华夏,指数型
515380,沪深300ETF泰康,指数型
515390,沪深300ETF华安,指数型
515400,大数据ETF富国,指数型
515450,红利低波50ETF南方,指数型
515460,红利质量ETF南方,指数型
515530,中证500ETF泰康,指数型
515550,中证500ETF国联,指数型
515560,证券ETF建信,指数型
515580,科技100ETF华泰柏瑞,指数型
515590,500等权ETF前海开源,指数型
515600,央企创新ETF广发,指数型
515630,证券保险ETF鹏华,指数型
515640,家电ETF华夏,指数型
515650,消费50ETF富国,指数型
515660,沪深300ETF国联安,指数型
515680,央企创新ETF嘉实,指数型
515700,新能源车ETF平安,指数型
515710,食品饮料ETF华宝,指数型
515720,金融科技ETF富国,指数型
515730,家居家电ETF永赢,指数型
515750,科技50ETF富国,指数型
515760,浙江国资ETF华夏,指数型
515770,MSCI中国A股ETF摩根,指数型
515790,光伏ETF华泰柏瑞,指数型
515800,中证800ETF汇添富,指数型
515810,中证800ETF易方达,指数型
515850,证券ETF富国,指数型
515860,科技ETF嘉实,指数型
515880,通信ETF国泰,指数型
515890,红利ETF博时,指数型
515900,央企创新ETF博时,指数型
515910,质量ETF中金,指数型
515920,智能消费ETF博时,指数型
515950,医药50ETF富国,指数型
515960,医药ETF嘉实,指数型
515970,工程机械ETF华夏,指数型
515980,人工智能ETF华富,指数型
515990,一带一路ETF汇添富,指数型
516000,大数据ETF华夏,指数型
516010,游戏ETF国泰,指数型
516020,化工ETF华宝,指数型
516050,科技龙头ETF工银,指数型
516060,创新药ETF工银,指数型
516070,低碳ETF易方达,指数型
516080,创新药ETF易方达,指数型
516090,新能源ETF易方达,指数型
516100,金融科技ETF华夏,指数型
516110,汽车ETF国泰,指数型
516120,化工ETF富国,指数型
516130,消费龙头ETF华宝,指数型
516150,稀土ETF嘉实,指数型
516160,新能源ETF南方,指数型
516163,新能源ETF南方,指数型
516180,光伏ETF平安,指数型
516190,传媒ETF华夏,指数型
516200,证券ETF华安,指数型
516210,银行ETF华安,指数型
516220,化工ETF国泰,指数型
516230,光伏ETF招商,指数型
516250,工程机械ETF富国,指数型
516260,物联网ETF华夏,指数型
516270,新能源ETF华安,指数型
516290,光伏ETF汇添富,指数型
516300,中证1000ETF华泰柏瑞,指数型
516310,银行ETF易方达,指数型
516320,高端装备ETF华夏,指数型
516330,物联网ETF华泰柏瑞,指数型
516350,芯片ETF易方达,指数型
516360,新材料ETF华宝,指数型
516370,电力ETF汇添富,指数型
516380,智能电动车ETF华宝,指数型
516390,新能源车ETF汇添富,指数型
516460,现金流ETF800鹏华,指数型
516500,生物科技ETF华夏,指数型
516510,云计算ETF易方达,指数型
516520,智能驾驶ETF华泰柏瑞,指数型
516530,物流ETF银华,指数型
516550,农业ETF嘉实,指数型
516560,养老ETF华宝,指数型
516570,化工行业ETF易方达,指数型
516580,新能源ETF博时,指数型
516590,智能汽车ETF易方达,指数型
516600,消费服务ETF工银,指数型
516610,医疗设备ETF大成,指数型
516620,影视ETF国泰,指数型
516630,云计算ETF华夏,指数型
516640,芯片ETF富国,指数型
516650,有色金属ETF华夏,指数型
516660,新能源车ETF华安,指数型
516670,畜牧养殖ETF招商,指数型
516700,大数据ETF华宝,指数型
516710,新材料ETF华夏,指数型
516720,ESGETF浦银,指数型
516730,证券ETF浦银,指数型
516750,建材ETF富国,指数型
516760,养殖ETF平安,指数型
516770,游戏ETF华泰柏瑞,指数型
516780,稀土ETF华泰柏瑞,指数型
516790,医疗ETF华泰柏瑞,指数型
516800,智能制造ETF华宝,指数型
516810,农业ETF华夏,指数型
516820,医疗创新ETF平安,指数型
516830,沪深300ESGETF富国,指数型
516840,汽车ETF南方,指数型
516850,新能源ETF华夏,指数型
516860,金融科技ETF博时,指数型
516880,光伏ETF银华,指数型
516890,新材料ETF平安,指数型
516900,食品饮料ETF华安,指数型
516910,物流ETF富国,指数型
516920,芯片ETF汇添富,指数型
516930,生物科技ETF民生加银,指数型
516950,基建ETF银华,指数型
516960,机械ETF国泰,指数型
516970,基建ETF广发,指数型
516980,证券先锋ETF华富,指数型
517000,沪港深500ETF银华,指数型
517010,沪港深500ETF易方达,指数型
517030,沪港深300ETF易方达,指数型
517050,互联网ETF华泰柏瑞,指数型
517080,沪港深500ETF汇添富,指数型
517090,央企共赢ETF国泰,指数型
517100,沪港深500ETF富国,指数型
517110,创新药ETF国泰,指数型
517120,创新药ETF华泰柏瑞,指数型
517160,长江保护ETF南方,指数型
517170,沪港深500ETF华夏,指数型
517180,中国国企ETF南方,指数型
517200,互联网ETF嘉实,指数型
517300,沪港深300ETF国寿,指数型
517330,长江保护ETF易方达,指数型
517350,沪港深科技ETF广发,指数型
517360,沪港深科技ETF华安,指数型
517380,创新药ETF天弘,指数型
517390,云计算ETF天弘,指数型
517400,黄金股ETF国泰,指数型
517520,黄金股ETF永赢,指数型
517550,沪港深消费龙头ETF招商,指数型
517660,物联网ETF天弘,指数型
517770,游戏传媒ETF浦银,指数型
517800,人工智能50ETF方正富邦,指数型
517850,张江ETF汇添富,指数型
517880,品牌消费ETF华泰柏瑞,指数型
517900,银行AH优选ETF招商,指数型
517950,沪深港科技50ETF交银,指数型
517990,沪港深医药ETF招商,指数型
518600,金ETF广发,指数型
518660,黄金ETF工银,指数型
518680,金ETF富国,指数型
518800,黄金ETF国泰,指数型
518850,黄金ETF华夏,指数型
518860,上海金ETF建信,指数型
518880,黄金ETF华安,指数型
518890,上海金ETF中银,指数型
519001,银华价值优选混合,混合型
519002,华安安信消费混合A,混合型
519003,海富通收益增长混合,混合型
519005,海富通股票混合,混合型
519007,海富通强化回报混合,混合型
519008,汇添富优势精选混合,混合型
519009,汇添富优势精选混合(后端),混合型
519010,汇添富均衡增长混合(后端),混合型
519011,海富通精选混合,混合型
519013,海富通风格优势混合,混合型
519015,海富通精选贰号混合,混合型
519017,大成积极成长混合A,混合型
519018,汇添富均衡增长混合,混合型
519019,大成景阳领先混合A,混合型
519020,国泰金泰灵活配置混合A,混合型
519021,国泰金鼎价值混合,混合型
519022,国泰金泰灵活配置混合C,混合型
519023,海富通稳健添利债券C,债券型
519024,海富通稳健添利债券A,债券型
519025,海富通领先成长混合,混合型
519026,海富通中小盘混合,混合型
519029,华夏稳增混合,混合型
519030,海富通稳固收益债券C,债券型
519033,海富通国策导向混合A,混合型
519034,海富通中证500增强A,指数型
519035,富国天博创新主题混合,混合型
519036,富国天博创新主题混合(后端),混合型
519039,长盛同德主题混合,混合型
519050,海富通安颐收益混合A,混合型
519051,海富通一年定开债A,债券型
519056,海富通内需热点混合,混合型
519060,海富通纯债债券C,债券型
519061,海富通纯债债券A,债券型
519062,海富通阿尔法对冲混合A,混合型
519066,汇添富蓝筹稳健混合A,混合型
519067,汇添富蓝筹稳健混合A(后端),混合型
519068,汇添富成长焦点混合,混合型
519069,汇添富价值精选混合,混合型
519070,汇添富价值精选混合(后端),混合型
519071,汇添富成长焦点混合(后端),混合型
519078,汇添富增强收益债券A,债券型
519087,新华优选分红混合A,混合型
519088,新华优选分红混合A(后端),混合型
519089,新华优选成长混合,混合型
519091,新华泛资源优势混合,混合型
519093,新华钻石品质企业混合,混合型
519095,新华行业周期轮换混合A,混合型
519097,新华中小市值优选混合,混合型
519100,长盛中证A100指数,指数型
519110,浦银安盛价值成长混合A,混合型
519111,浦银安盛优化收益债券A,债券型
519112,浦银安盛优化收益债券C,债券型
519113,浦银安盛精致生活混合A,混合型
519115,浦银安盛红利精选混合A,混合型
519116,浦银安盛沪深300指数增强A,指数型
519120,浦银安盛新兴产业混合A,混合型
519121,浦银安盛6个月持有期债券A,债券型
519122,浦银安盛6个月持有期债券C,债券型
519125,浦银安盛消费升级混合A,混合型
519126,浦银安盛新经济结构混合A,混合型
519127,浦银盛世A,混合型
519130,海富通新内需混合A,混合型
519133,海富通改革驱动混合,混合型
519136,海富通瑞丰债券型,债券型
519137,海富通瑞福债券A,债券型
519138,海富通瑞祥一年定开债券,债券型
519139,海富通沪港深混合A,混合型
519150,新华优选消费混合,混合型
519152,新华纯债添利债券发起A,债券型
519153,新华纯债添利债券发起C,债券型
519156,新华行业灵活配置混合A,混合型
519157,新华行业灵活配置混合C,混合型
519158,新华趋势领航混合,混合型
519160,新华安享惠金定期债券A,债券型
519161,新华安享惠金定期债券C,债券型
519162,新华增怡债券A,债券型
519163,新华增怡债券C,债券型
519170,浦银安盛增长动力混合A,混合型
519171,浦银安盛医疗健康混合A,混合型
519172,浦银安盛睿智精选混合A,混合型
519173,浦银安盛睿智精选混合C,混合型
519175,浦银经济带崛起混合A,混合型
519176,浦银安盛消费升级混合C,混合型
519177,浦银盛世C,混合型
519180,万家180指数A,指数型
519181,万家和谐增长混合A,混合型
519182,万家和谐增长混合A(后端),混合型
519183,万家双引擎灵活配置混合A,混合型
519185,万家精选混合A,混合型
519186,万家稳健增利债券A,债券型
519187,万家稳健增利债券C,债券型
519188,万家信用恒利债券A,债券型
519189,万家信用恒利债券C,债券型
519190,万家双利债券A,债券型
519191,万家新利灵活配置混合,混合型
519193,万家消费成长,股票型
519195,万家品质生活混合A,混合型
519196,万家新兴蓝筹A,混合型
519197,万家颐达灵活配置混合A,混合型
519198,万家颐和灵活配置混合A,混合型
519199,万家家享中短债A,债券型
519206,万家年年恒荣A,债券型
519207,万家年年恒荣C,债券型
519212,万家宏观择时多策略混合A,混合型
519220,海富通聚利债券,债券型
519221,海富通欣益混合C,混合型
519222,海富通欣益混合A,混合型
519223,海富通欣荣混合C,混合型
519224,海富通欣荣混合A,混合型
519225,海富通集利纯债债券A,债券型
519226,海富通瑞利债券,债券型
519228,海富通欣享灵活配置混合C,混合型
519229,海富通欣享灵活配置混合A,混合型
519300,大成沪深300指数A,指数型
519301,大成沪深300指数A(后端),指数型
519322,浦银安盛盛元定开债A,债券型
519323,浦银安盛盛元定开债C,债券型
519324,浦银安盛盛鑫定开债A,债券型
519325,浦银安盛盛鑫定开债C,债券型
519328,浦银安盛盛泰纯债债券A,债券型
519329,浦银安盛盛泰纯债债券C,债券型
519330,浦银安盛盛跃纯债债券A,债券型
519331,浦银安盛盛跃纯债债券C,债券型
519332,浦银安盛盛达纯债债券A,债券型
519333,浦银安盛盛达纯债债券C,债券型
519334,浦银安盛盛勤3个月定开债A,债券型
519335,浦银安盛盛勤3个月定开债C,债券型
519501,万家货币R,货币型
519505,海富通货币A,货币型
519506,海富通货币B,货币型
519507,万家货币B,货币型
519508,万家货币A,货币型
519509,浦银安盛货币A,货币型
519510,浦银安盛货币B,货币型
519511,万家日日薪A,货币型
519512,万家日日薪B,货币型
519513,万家日日薪R,货币型
519516,浦银安盛货币E,货币型
519517,汇添富货币B,货币型
519518,汇添富货币A,货币型
519519,华泰柏瑞稳本增利债券A,债券型
519566,浦银安盛日日盈货币A,货币型
519567,浦银安盛日日盈货币B,货币型
519568,浦银安盛日日盈货币D,货币型
519588,交银货币A,货币型
519589,交银货币B,货币型
519601,海富通中国海外混合,QDII
519606,国泰金鑫股票A,股票型
519613,银河君尚混合A,混合型
519614,银河君尚混合C,混合型
519615,银河君尚混合I,混合型
519616,银河君信混合A,混合型
519617,银河君信混合C,混合型
519618,银河君信混合I,混合型
519622,银河君怡债券,债券型
519632,银河君辉3个月定开债,债券型
519642,银河智造混合A,混合型
519644,银河智联混合A,混合型
519648,银河泰利纯债I,债券型
519651,银河转型混合A,混合型
519654,银河丰利债券A,债券型
519655,银河服务混合A,混合型
519656,银河灵活配置混合A,混合型
519657,银河灵活配置混合C,混合型
519660,银河增利债券A,债券型
519661,银河增利债券C,债券型
519664,银河美丽混合A,混合型
519665,银河美丽混合C,混合型
519666,银河银信债券B,债券型
519667,银河银信债券A,债券型
519668,银河成长混合,混合型
519669,银河领先债券A,债券型
519670,银河行业混合A,混合型
519671,银河沪深300价值指数A,指数型
519672,银河蓝筹混合A,混合型
519673,银河康乐股票A,股票型
519674,银河创新成长混合A,混合型
519675,银河泰利纯债A,债券型
519676,银河强化债券A,债券型
519677,银河定投宝,指数型
519678,银河消费混合A,混合型
519679,银河主题混合A,混合型
519680,交银增利债券A/B,债券型
519681,交银增利债券A/B(后端),债券型
519682,交银增利债券C,债券型
519683,交银双利债券A/B,债券型
519684,交银双利债券A/B(后端),债券型
519685,交银双利债券C,债券型
519686,交银上证180公司治理联接,指数型
519687,交银上证180公司治理联接(后端),指数型
519688,交银精选混合,混合型
519689,交银精选混合(后端),混合型
519690,交银稳健配置混合,混合型
519691,交银稳健配置混合(后端),混合型
519692,交银成长混合A,混合型
519693,交银成长混合A(后端),混合型
519694,交银蓝筹混合,混合型
519695,交银蓝筹混合(后端),混合型
519696,交银环球精选混合(QDII)A,QDII
519697,交银优势行业混合,混合型
519698,交银先锋混合A,混合型
519699,交银先锋混合A(后端),混合型
519700,交银主题优选混合A,混合型
519701,交银主题优选混合A(后端),混合型
519702,交银趋势混合A,混合型
519703,交银趋势混合A(后端),混合型
519704,交银先进制造混合A,混合型
519705,交银先进制造混合A(后端),混合型
519706,交银深证300价值ETF联接,指数型
519707,交银深证300价值ETF联接(后端),指数型
519710,交银策略回报灵活配置混合,混合型
519712,交银阿尔法核心混合A,混合型
519713,交银阿尔法核心混合A(后端),混合型
519714,交银消费新驱动股票,股票型
519715,交银消费新驱动股票(后端),股票型
519717,交银施罗德中高等级信用债,债券型
519718,交银纯债债券发起A,债券型
519719,交银纯债债券发起A(后端),债券型
519720,交银纯债债券发起C,债券型
519722,交银裕惠纯债债券,债券型
519723,交银双轮动债券A/B,债券型
519724,交银双轮动债券A/B(后端),债券型
519725,交银双轮动债券C,债券型
519726,交银稳固收益债券A,债券型
519727,交银成长30混合,混合型
519728,交银成长30混合(后端),混合型
519730,交银定期支付月月丰债券A,债券型
519731,交银定期支付月月丰债券C,债券型
519732,交银定期支付双息平衡混合,混合型
519733,交银强化回报债券A/B,债券型
519734,交银强化回报债券A/B(后端),债券型
519735,交银强化回报债券C,债券型
519736,交银新成长混合,混合型
519737,交银新成长混合(后端),混合型
519738,交银周期回报灵活配置混合A,混合型
519739,交银周期回报灵活配置混合A(后端),混合型
519740,交银丰盈收益债券A,债券型
519743,交银丰润收益债券A/B,债券型
519745,交银丰润收益债券C,债券型
519746,交银丰享收益债券A,债券型
519748,交银丰享收益债券C,债券型
519752,交银新回报灵活配置混合A,混合型
519753,交银安心收益债券A,债券型
519755,交银多策略回报灵活配置混合A,混合型
519756,交银国企改革灵活配置混合A,混合型
519759,交银周期回报灵活配置混合C,混合型
519760,交银新回报灵活配置混合C,混合型
519761,交银多策略回报灵活配置混合C,混合型
519762,交银裕通纯债债券A,债券型
519763,交银裕通纯债债券C,债券型
519766,交银荣鑫灵活配置混合A,混合型
519767,交银科技创新灵活配置混合A,混合型
519768,交银优选回报灵活配置混合A,混合型
519769,交银优选回报灵活配置混合C,混合型
519770,交银优择回报灵活配置混合A,混合型
519771,交银优择回报灵活配置混合C,混合型
519772,交银新生活力灵活配置混合A,混合型
519773,交银数据产业灵活配置混合A,混合型
519776,交银裕盈纯债债券A,债券型
519777,交银裕盈纯债债券C,债券型
519778,交银经济新动力混合A,混合型
519779,交银沪港深价值精选混合,混合型
519782,交银裕隆纯债债券A,债券型
519783,交银裕隆纯债债券C,债券型
519784,交银境尚收益债券A,债券型
519785,交银境尚收益债券C,债券型
519786,交银裕利纯债债券A,债券型
519787,交银裕利纯债债券C,债券型
519800,华夏保证金货币A,货币型
519801,华夏保证金货币B,货币型
519858,广发现金宝场内货币A,货币型
519859,广发现金宝场内货币B,货币型
519878,国寿安保场内实时申赎货币A,货币型
519879,国寿安保场内实时申赎货币B,货币型
519888,汇添富收益快线货币A,货币型
519889,汇添富收益快线货币B,货币型
519898,大成现金宝货币A,货币型
519899,大成现金宝货币B,货币型
519908,华夏兴华混合A,混合型
519909,华安安顺灵活配置混合A,混合型
519915,富国消费主题混合A,混合型
519918,华夏兴和混合A,混合型
519929,长信电子信息量化灵活配置混合A,混合型
519933,长信利发债券,债券型
519935,长信创新驱动股票,股票型
519937,长信先锐混合A,混合型
519940,长信富全纯债一年定开债C,债券型
519941,长信富全纯债一年定开债A,债券型
519942,长信利率C,债券型
519943,长信利率A,债券型
519944,长信富安纯债180天持有债券C,债券型
519945,长信富安纯债180天持有债券A,债券型
519947,长信利保债券A,债券型
519949,长信利信混合A,混合型
519951,长信利泰灵活配置混合A,混合型
519956,长信睿进混合C,混合型
519957,长信睿进混合A,混合型
519959,长信多利混合A,混合型
519965,长信量化多策略股票A,股票型
519967,长信利富债券A,债券型
519971,长信改革红利混合,混合型
519972,长信纯债一年定开债C,债券型
519973,长信纯债一年定开债A,债券型
519975,长信量化中小盘股票A,股票型
519976,长信可转债债券C,债券型
519977,长信可转债债券A,债券型
519979,长信内需成长混合A,混合型
519981,长信标普100等权重指数人民币,指数型
519983,长信量化先锋混合A,混合型
519985,长信纯债壹号债券A,债券型
519989,长信利丰债券C,债券型
519990,长信双利优选混合A(后端),混合型
519991,长信双利优选混合A,混合型
519992,长信增利动态策略混合(后端),混合型
519993,长信增利动态策略混合,混合型
519994,长信金利趋势混合A(后端),混合型
519995,长信金利趋势混合A,混合型
519996,长信银利精选混合A(后端),混合型
519997,长信银利精选混合A,混合型
519998,长信利息收益货币B,货币型
519999,长信利息收益货币A,货币型
520500,恒生创新药ETF华泰柏瑞,指数型
520510,港股通医疗ETF华夏,指数型
520520,恒生消费ETF华泰柏瑞,指数型
520530,港股通科技ETF东财,指数型
520550,港股红利低波ETF招商,指数型
520560,香港大盘30ETF华宝,指数型
520570,恒生科技ETF南方,指数型
520580,新兴亚洲ETF招商,指数型
520590,恒生科技ETF鹏华,指数型
520600,港股通汽车ETF广发,指数型
520610,港股红利低波ETF银华,指数型
520620,恒生消费ETF嘉实,指数型
520630,港股通互联网ETF广发,指数型
520650,港股通互联网ETF南方,指数型
520660,港股通央企红利ETF南方,指数型
520670,港股通科技ETF嘉实,指数型
520680,港股通汽车ETF南方,指数型
520690,港股创新药ETF博时,指数型
520700,港股通创新药ETF万家,指数型
520720,港股汽车ETF国泰,指数型
520730,港股通汽车ETF万家,指数型
520760,恒生生物科技ETF摩根,指数型
520770,恒指港股通ETF建信,指数型
520780,港股通汽车ETF华宝,指数型
520790,港股通互联网ETF兴业,指数型
520810,港股通红利ETF易方达,指数型
520820,恒指港股通ETF汇添富,指数型
520830,沙特ETF华泰柏瑞,指数型
520840,港股通恒生科技ETF华安,指数型
520850,港股通医疗ETF易方达,指数型
520860,港股通科技ETF富国,指数型
520870,巴西ETF易方达,指数型
520880,港股通创新药ETF华宝,指数型
520890,港股通红利低波ETF华泰柏瑞,指数型
520900,港股通红利ETF广发,指数型
520910,港股通互联网ETF华夏,指数型
520920,天弘恒生科技ETF,指数型
520930,恒生生物科技ETF国泰,指数型
520940,港股通恒生ETF华安,指数型
520950,港股通50ETF摩根,指数型
520960,恒指港股通ETF嘉实,指数型
520970,港股通创新药ETF嘉实,指数型
520980,港股通科技ETF汇添富,指数型
520990,港股央企红利ETF景顺,指数型
526000,港股通信息技术ETF华夏,指数型
526010,港股通医疗ETF汇添富,指数型
526050,港股通信息技术ETF招商,指数型
530000,上证50ETF天弘,指数型
530001,建信恒久价值混合,混合型
530002,建信货币A,货币型
530003,建信优选成长混合A,混合型
530005,建信优化配置混合A,混合型
530006,建信核心精选混合,混合型
530008,建信稳定增利债券C,债券型
530009,建信收益增强债券A,债券型
530010,建信上证社会责任ETF联接,指数型
530011,建信内生动力混合A,混合型
530012,建信积极配置混合,混合型
530014,建信利率债债券A,债券型
530015,建信深证基本面60ETF联接A,指数型
530016,建信恒稳价值混合,混合型
530017,建信双息红利债券A,债券型
530018,建信深证100指数增强,指数型
530019,建信社会责任混合A,混合型
530020,建信转债增强债券A,债券型
530021,建信纯债债券A,债券型
530028,建信短债债券C,债券型
530029,建信荣元一年定开债,债券型
530030,建信周盈安心理财债券A,债券型
530050,上证50ETF东财,指数型
530060,上证指数ETF易方达,指数型
530080,上证180ETF天弘,指数型
530100,上证580ETF易方达,指数型
530180,上证180ETF易方达,指数型
530280,上证180ETF平安,指数型
530300,上证180ETF华泰柏瑞,指数型
530380,上证380ETF易方达,指数型
530530,上证580ETF华夏,指数型
530580,上证180ETF南方,指数型
530680,上证180ETF兴业,指数型
530800,上证180ETF银华,指数型
530880,红利国企ETF银河,指数型
531008,建信稳定增利债券A,债券型
531009,建信收益增强债券C,债券型
531017,建信双息红利债券C,债券型
531020,建信转债增强债券C,债券型
531021,建信纯债债券C,债券型
531028,建信短债债券A,债券型
531030,建信周盈安心理财债券B,债券型
539001,建信纳斯达克100指数(QDII)A人民币,指数型
539002,建信新兴市场混合(QDII)A,QDII
539003,建信富时100指数(QDII)A人民币,指数型
540001,汇丰晋信2016周期混合A,混合型
540002,汇丰晋信龙腾混合A,混合型
540003,汇丰晋信动态策略混合A,混合型
540004,汇丰晋信2026周期混合,混合型
540005,汇丰晋信平稳增利中短债债券A,债券型
540006,汇丰晋信大盘股票A,股票型
540007,汇丰晋信中小盘股票,股票型
540008,汇丰晋信低碳先锋股票A,股票型
540009,汇丰晋信消费红利股票,股票型
540010,汇丰晋信科技先锋股票,股票型
540011,汇丰晋信货币A,货币型
540012,汇丰晋信恒生龙头指数A,指数型
541001,汇丰晋信2016周期混合A(后端),混合型
541002,汇丰晋信龙腾混合A(后端),混合型
541004,汇丰晋信2026周期混合(后端),混合型
541005,汇丰晋信平稳增利中短债债券C,债券型
541011,汇丰晋信货币B,货币型
550001,中信保诚四季红混合A,混合型
550002,中信保诚精萃成长混合A,混合型
550003,中信保诚盛世蓝筹混合,混合型
550004,中信保诚三得益债券A,债券型
550005,中信保诚三得益债券B,债券型
550008,中信保诚优胜精选混合A,混合型
550009,中信保诚中小盘混合A,混合型
550010,中信保诚货币A,货币型
550011,中信保诚货币B,货币型
550012,中信保诚景华A,债券型
550013,中信保诚景华C,债券型
550015,中信保诚至远动力混合A,混合型
550016,中信保诚至远动力混合C,混合型
550018,中信保诚优质纯债债券A,债券型
550019,中信保诚优质纯债债券B,债券型
551000,科创债ETF博时,指数型
551001,中信保诚四季红混合A(后端),混合型
551030,科创债ETF鹏华,指数型
551060,科创债ETF中银,指数型
551300,科创债ETF摩根,指数型
551500,科创债ETF易方达,指数型
551510,科创债ETF华泰柏瑞,指数型
551520,科创债ETF汇添富,指数型
551550,科创债ETF华夏,指数型
551560,科创债ETF兴业,指数型
551580,科创债ETF泰康,指数型
551800,科创债ETF国泰,指数型
551900,科创债ETF招商,指数型
560000,智能电车ETF浦银,指数型
560002,益民红利成长混合,混合型
560003,益民创新优势混合A,混合型
560006,益民核心增长混合,混合型
560010,中证1000ETF广发,指数型
560020,红利ETF汇添富,指数型
560030,800价值ETF汇添富,指数型
560050,中国A50ETF汇添富,指数型
560060,碳中和ETF汇添富,指数型
560070,央企红利ETF汇添富,指数型
560080,中药ETF汇添富,指数型
560090,证券ETF汇添富,指数型
560100,中证500增强ETF南方,指数型
560110,中证1000ETF汇添富,指数型
560120,中证500现金流ETF华夏,指数型
560130,食品ETF鹏华,指数型
560150,红利低波ETF泰康,指数型
560160,食品ETF易方达,指数型
560170,央企科技ETF南方,指数型
560180,沪深300ESGETF南方,指数型
560190,公用事业ETF鹏华,指数型
560210,农牧渔ETF景顺,指数型
560220,中证2000ETF广发,指数型
560230,光伏ETF富国,指数型
560260,医疗ETF广发,指数型
560270,电力ETF工银,指数型
560280,工程机械ETF广发,指数型
560290,有色ETF景顺,指数型
560300,电信ETF汇添富,指数型
560310,光伏ETF博时,指数型
560320,食品ETF富国,指数型
560330,沪深300价值ETF申万菱信,指数型
560350,中证A50ETF摩根,指数型
560360,软件ETF万家,指数型
560370,红利质量ETF易方达,指数型
560380,A100ETF南方,指数型
560390,电网设备ETF易方达,指数型
560400,证券ETF华泰柏瑞,指数型
560410,电池ETF鹏华,指数型
560420,食品ETF前海开源,指数型
560450,电力ETF天弘,指数型
560460,电力ETF平安,指数型
560470,有色ETF易方达,指数型
560490,工业有色ETF华泰柏瑞,
560500,500质量成长ETF鹏扬,指数型
560510,中证A500ETF泰康,指数型
560520,红利低波100ETF大成,指数型
560530,中证A500ETF摩根,指数型
560550,碳中和ETF广发,指数型
560560,碳中和ETF泰康,指数型
560570,A500红利ETF国联安,指数型
560580,电力ETF南方,指数型
560590,中证1000增强ETF鹏华,指数型
560610,A500ETF招商,指数型
560620,公用事业ETF万家,指数型
560630,机器人ETF万家,指数型
560650,核心50ETF民生加银,指数型
560660,云计算50ETF新华,指数型
560680,消费ETF广发,指数型
560690,电信ETF鹏华,指数型
560700,央企红利ETF广发,指数型
560710,船舶ETF富国,指数型
560750,A500ETF申万菱信,指数型
560770,机器人ETF招商,指数型
560780,半导体设备ETF广发,指数型
560790,软件ETF鹏华,指数型
560800,数字经济ETF鹏扬,指数型
560810,央企ESGETF融通,指数型
560820,中证A50ETF新华,指数型
560850,信创ETF汇添富,指数型
560860,工业有色ETF万家,指数型
560880,家电ETF广发,指数型
560900,创新药ETF摩根,指数型
560950,中证500增强ETF汇添富,指数型
560980,光伏龙头ETF广发,指数型
560990,科技先锋ETF中金,指数型
561000,沪深300增强ETF华安,指数型
561010,软件ETF华安,指数型
561060,国企红利ETF华安,指数型
561080,全指现金流ETF华安,指数型
561090,A500增强ETF华安,指数型
561100,消费电子ETF富国,指数型
561120,家电ETF富国,指数型
561130,国货ETF富国,指数型
561160,电池ETF富国,指数型
561170,绿色电力ETF富国,指数型
561180,A100ETF富国,指数型
561190,碳中和ETF富国,指数型
561200,中证A100ETF工银,指数型
561220,数字经济ETF工银,指数型
561230,中证A50ETF工银,指数型
561260,能源ETF工银,指数型
561280,中证1000增强ETF工银,指数型
561300,沪深300增强ETF国泰,指数型
561310,消电ETF国泰,指数型
561320,交运ETF国泰,指数型
561330,矿业ETF国泰,指数型
561350,中证500ETF国泰,指数型
561360,石油ETF国泰,指数型
561370,中证2000ETF国泰,指数型
561380,电网设备ETF国泰,指数型
561500,漂亮50ETF华泰柏瑞,指数型
561510,中药ETF华泰柏瑞,指数型
561550,中证500增强ETF华泰柏瑞,指数型
561560,电力ETF华泰柏瑞,指数型
561570,油气ETF华泰柏瑞,指数型
561580,央企红利ETF华泰柏瑞,指数型
561590,中证1000增强ETF华泰柏瑞,指数型
561600,消费电子ETF平安,指数型
561660,通用航空ETF平安,指数型
561680,A500红利低波ETF平安,指数型
561700,电力ETF博时,指数型
561750,A50ETF博时,指数型
561760,油气ETF博时,指数型
561770,A100ETF博时,指数型
561780,1000增强ETF博时,指数型
561790,央企能源ETF博时,指数型
561800,稀有金属ETF华富,指数型
561870,现金流全指ETF华富,指数型
561880,A100ETF华富,指数型
561900,沪深300ESGETF招商,指数型
561910,电池ETF招商,指数型
561920,疫苗ETF招商,指数型
561930,沪深300ETF招商,指数型
561950,中证500增强ETF招商,指数型
561960,央企回报ETF招商,指数型
561980,半导体设备ETF招商,指数型
561990,沪深300增强ETF招商,指数型
562000,A100ETF华宝,指数型
562010,绿色能源ETF华宝,指数型
562030,信创ETF华宝,指数型
562050,药ETF华宝,指数型
562060,标普A股红利ETF华宝,指数型
562070,沪深300指增ETF华宝,指数型
562080,300现金流ETF华宝,指数型
562300,碳中和ETF银华,指数型
562310,沪深300成长ETF银华,指数型
562320,沪深300价值ETF银华,指数型
562330,中证500价值ETF银华,指数型
562340,中证500成长ETF银华,指数型
562350,电力ETF银华,指数型
562360,机器人ETF银华,指数型
562380,央企科技ETF银华,指数型
562390,中药ETF银华,指数型
562500,机器人ETF华夏,指数型
562510,旅游ETF华夏,指数型
562520,中证1000成长ETF华夏,指数型
562530,中证1000价值ETF华夏,指数型
562550,绿电ETF华夏,指数型
562560,信息技术ETF华夏,指数型
562570,信创ETF华夏,指数型
562580,可选消费ETF华夏,指数型
562590,半导体设备ETF华夏,指数型
562600,医疗器械ETF华夏,指数型
562660,中证2000ETF华夏,指数型
562700,汽车零部件ETF华夏,指数型
562800,稀有金属ETF嘉实,指数型
562810,上证指数增强ETF嘉实,指数型
562820,集成电路ETF嘉实,指数型
562850,央企能源ETF嘉实,指数型
562860,疫苗ETF嘉实,指数型
562870,证券ETF嘉实,指数型
562880,电池ETF嘉实,指数型
562890,A50ETF嘉实,指数型
562900,农业ETF易方达,指数型
562910,高端制造ETF易方达,指数型
562920,信息安全ETF易方达,指数型
562930,软件ETF易方达,指数型
562950,消费电子ETF易方达,指数型
562960,绿色电力ETF易方达,指数型
562970,光伏ETF易方达,指数型
562990,碳中和ETF易方达,指数型
563000,中国A50ETF易方达,指数型
563010,电信ETF易方达,指数型
563020,红利低波ETF易方达,指数型
563030,中证500增强ETF易方达,指数型
563050,央企科技ETF易方达,指数型
563060,央企50ETF易方达,指数型
563080,中证A50ETF易方达,指数型
563090,上证50增强ETF易方达,指数型
563150,油气ETF银华,指数型
563180,高股息ETF银华,指数型
563200,中证2000ETF富国,指数型
563210,专精特新ETF富国,指数型
563220,A500ETF富国,指数型
563230,卫星ETF富国,指数型
563280,A50增强ETF富国,指数型
563300,中证2000ETF华泰柏瑞,指数型
563320,通用航空ETF华泰柏瑞,指数型
563330,A股ETF华泰柏瑞,指数型
563350,A50ETF华泰柏瑞,指数型
563360,A500ETF华泰柏瑞,指数型
563380,航空航天ETF华泰柏瑞,指数型
563390,全指现金流ETF华泰柏瑞,指数型
563500,A500ETF华宝,指数型
563510,A500红利低波ETF易方达,指数型
563520,沪深300ETF永赢,指数型
563530,卫星ETF易方达,指数型
563550,A500增强ETF摩根,指数型
563560,科技成长ETF兴业,指数型
563570,金融科技ETF兴业,指数型
563580,自由现金流800ETF万家,指数型
563590,A500红利低波动ETF国寿,指数型
563600,A500增强ETF易方达,指数型
563620,全指现金流ETF兴业,指数型
563630,A500增强ETF国联安,指数型
563650,中证A500ETF兴业,指数型
563660,A500ETF银河,指数型
563670,金融科技ETF鹏华,指数型
563680,800现金流ETF汇添富,指数型
563690,红利低波ETF永赢,指数型
563700,红利价值ETF易方达,指数型
563750,中证500ETF汇添富,指数型
563760,全指现金流ETF中银,指数型
563770,全指现金流ETF招商,指数型
563780,现金流全指ETF方正富邦,指数型
563790,卫星ETF鹏华,指数型
563800,A500ETF广发,指数型
563830,全指现金流ETF博时,指数型
563850,食品ETF广发,指数型
563860,中证A500ETF海富通,指数型
563870,通用航空ETF鹏华,指数型
563880,A500ETF汇添富,指数型
563890,国企红利ETF创金合信,指数型
563900,300自由现金流ETF摩根,指数型
563930,上证增强ETF招商,指数型
563960,300质量ETF兴全,指数型
563980,800红利低波ETF鑫元,指数型
563990,800现金流ETF富国,指数型
570001,诺德价值优势混合,混合型
570005,诺德成长优势混合,混合型
570006,诺德中小盘混合,混合型
570008,诺德周期策略混合,混合型
571002,诺德灵活配置混合,混合型
573003,诺德增强收益债券,债券型
580001,东吴嘉禾优势精选混合A,混合型
580002,东吴双动力混合A,混合型
580003,东吴行业轮动混合A,混合型
580005,东吴进取策略混合A,混合型
580006,东吴新经济混合A,混合型
580007,东吴安享量化混合A,混合型
580008,东吴新产业精选股票A,股票型
580009,东吴多策略混合A,混合型
581002,东吴双动力混合A(后端),混合型
582003,东吴配置优化混合A,混合型
583001,东吴货币A,货币型
583101,东吴货币B,货币型
585001,东吴中证新兴指数,指数型
588000,科创50ETF华夏,指数型
588010,科创新材料ETF博时,指数型
588020,科创成长ETF易方达,指数型
588030,科创100ETF博时,指数型
588040,科创50ETF鹏华,指数型
588050,科创50ETF工银,指数型
588060,科创50ETF广发,指数型
588070,科创成长ETF万家,指数型
588080,科创50ETF易方达,指数型
588090,科创50ETF华泰柏瑞,指数型
588100,科创信息ETF嘉实,指数型
588110,科创成长ETF广发,指数型
588120,科创100ETF国泰,指数型
588130,科创医药ETF华夏,指数型
588140,科创200ETF广发,指数型
588150,科创50ETF南方,指数型
588160,科创新材料ETF南方,指数型
588170,科创半导体ETF华夏,指数型
588180,科创50ETF国联安,指数型
588190,科创100ETF银华,指数型
588200,科创芯片ETF嘉实,指数型
588210,科创100ETF易方达,指数型
588220,科创100ETF鹏华,指数型
588230,科创200ETF华泰柏瑞,指数型
588240,科创200ETF鹏华,指数型
588250,科创医药ETF鹏华,指数型
588260,科创信息ETF华安,指数型
588270,科创200ETF易方达,指数型
588280,科创50ETF华安,指数型
588290,科创芯片ETF华安,指数型
588300,科创创业50ETF招商,指数型
588310,科创创业ETF方正富邦,指数型
588320,双创50增强ETF广发,指数型
588330,双创50ETF华宝,指数型
588350,科创创业50ETF鹏扬,指数型
588360,科创创业ETF国泰,指数型
588370,科创50增强ETF南方,指数型
588380,科创创业ETF富国,指数型
588390,科创创业ETF博时,指数型
588400,科创创业ETF嘉实,指数型
588410,科创创业人工智能ETF鹏华,指数型
588420,科创创业人工智能ETF摩根,指数型
588430,科创创业人工智能ETF工银,指数型
588450,科创50增强ETF招商,指数型
588460,科创50增强ETF鹏华,指数型
588480,科创创业人工智能ETF中金,指数型
588500,科创100增强ETF易方达,指数型
588520,科创增强ETF永赢,指数型
588550,科创综指增强ETF易方达,指数型
588660,科创创业50ETF兴银,指数型
588670,科创综指增强ETF嘉实,指数型
588680,科创100增强ETF广发,指数型
588690,科创增强ETF银华,指数型
588700,科创医药ETF嘉实,指数型
588710,科创半导体设备ETF华泰柏瑞,指数型
588720,科创50ETF中银,指数型
588730,科创人工智能ETF易方达,指数型
588750,科创芯片ETF汇添富,指数型
588760,科创人工智能ETF广发,指数型
588770,科创信息ETF摩根,指数型
588780,科创芯片设计ETF国联安,指数型
588790,科创AIETF博时,指数型
588800,科创100ETF华夏,指数型
588810,科创芯片ETF富国,指数型
588820,科创200ETF华夏,指数型
588830,科创新能源ETF鹏华,指数型
588840,科创50ETF万家,指数型
588850,科创机械ETF嘉实,指数型
588860,科创医药ETF工银,指数型
588870,科创50ETF汇添富,指数型
588880,科创100ETF华泰柏瑞,指数型
588890,科创芯片ETF南方,指数型
588900,科创100ETF南方,指数型
588910,科创价值ETF建信,指数型
588920,科创芯片ETF鹏华,指数型
588930,科创人工智能ETF银华,指数型
588940,科创50ETF富国,指数型
588950,科创50ETF景顺,指数型
588960,科创新能源ETF富国,指数型
588980,科创100ETF广发,指数型
588990,科创芯片ETF博时,指数型
589000,科创综指ETF华夏,指数型
589010,科创人工智能ETF华夏,指数型
589020,科创半导体设备ETF鹏华,指数型
589030,科创芯片设计ETF易方达,指数型
589050,科创综指ETF兴业,指数型
589060,科创综指ETF东财,指数型
589070,科创芯片设计ETF天弘,指数型
589080,科创综指ETF汇添富,指数型
589090,科创AIETF鹏华,指数型
589100,科创芯片ETF国泰,指数型
589110,科创人工智能ETF国泰,指数型
589120,科创创新药ETF汇添富,指数型
589130,科创芯片ETF易方达,指数型
589150,科创50ETF平安,指数型
589160,科创芯片ETF广发,指数型
589170,科创芯片设计ETF鹏华,指数型
589180,科创新材料ETF汇添富,指数型
589190,科创芯片ETF华宝,指数型
589200,科创200ETF工银,指数型
589210,科创芯片设计ETF广发,指数型
589220,科创200ETF国泰,指数型
589230,科创人工智能ETF南方,指数型
589250,科创芯片设计ETF浦银,指数型
589260,科创芯片设计ETF国泰,指数型
589270,科创100ETF前海开源,指数型
589280,科创增强ETF华宝,指数型
589300,科创综指ETF嘉实,指数型
589380,科创AIETF富国,指数型
589500,科创综指ETF工银,指数型
589520,科创人工智能ETF华宝,指数型
589550,科创价值ETF华夏,指数型
589560,科创人工智能ETF汇添富,指数型
589580,科创综指ETF兴银,指数型
589600,科创综指ETF富国,指数型
589630,科创综指ETF国泰,指数型
589660,科创综指ETF南方,指数型
589680,科创综指ETF鹏华,指数型
589700,科创成长ETF南方,指数型
589720,科创创新药ETF国泰,指数型
589770,科创综指ETF招商,指数型
589780,科创200ETF富国,指数型
589800,科创综指ETF易方达,指数型
589820,科创200ETF建信,指数型
589850,科创50ETF东财,指数型
589860,科创综指ETF天弘,指数型
589880,科创综指ETF建信,指数型
589890,科创综指ETF景顺,指数型
589900,科创综指ETF博时,指数型
589950,科创100ETF富国,指数型
589960,科创新能源ETF易方达,指数型
589980,科创100ETF汇添富,指数型
589990,科创综指ETF华泰柏瑞,指数型
590001,中邮核心优选混合A,混合型
590002,中邮核心成长混合A,混合型
590003,中邮核心优势灵活配置混合A,混合型
590005,中邮核心主题混合A,混合型
590006,中邮中小盘灵活配置混合A,混合型
590007,中邮中证500指数增强A,指数型
590008,中邮战略新兴产业混合A,混合型
590009,中邮稳定收益债券A,债券型
590010,中邮稳定收益债券C,债券型
610001,信澳领先增长混合A,混合型
610002,信澳精华配置混合A,混合型
610004,信澳中小盘混合A,混合型
610005,信澳红利回报混合A,混合型
610006,信澳产业升级混合A,混合型
610007,信澳消费优选混合A,混合型
610008,信澳信用债债券A,债券型
610108,信澳信用债债券C,债券型
620001,金元顺安宝石动力混合,混合型
620002,金元顺安成长动力混合,混合型
620003,金元顺安丰利债券A,债券型
620004,金元顺安价值增长混合,混合型
620006,金元顺安消费主题混合,混合型
620007,金元顺安优质精选混合A,混合型
620009,金元顺安丰祥债券A,债券型
620010,金元顺安金元宝货币A,货币型
620011,金元顺安金元宝货币B,货币型
630001,华商领先企业混合,混合型
630002,华商盛世成长混合,混合型
630003,华商收益增强债券A,债券型
630005,华商动态阿尔法混合,混合型
630006,华商产业升级混合,混合型
630007,华商稳健双利债券A,债券型
630008,华商策略精选混合,混合型
630009,华商稳定增利债券A,债券型
630010,华商价值精选混合,混合型
630011,华商主题精选混合,混合型
630012,华商现金增利货币A,货币型
630015,华商大盘量化精选混合,混合型
630016,华商价值共享混合发起式,混合型
630103,华商收益增强债券B,债券型
630107,华商稳健双利债券B,债券型
630109,华商稳定增利债券C,债券型
630112,华商现金增利货币B,货币型
650001,英大纯债债券A,债券型
650002,英大纯债债券C,债券型
660001,农银行业成长混合,混合型
660002,农银恒久增利债券A,债券型
660003,农银平衡双利混合,混合型
660004,农银策略价值混合,混合型
660005,农银中小盘混合,混合型
660006,农银大盘蓝筹混合,混合型
660007,农银货币A,货币型
660008,农银沪深300指数A,指数型
660009,农银增强收益债券A,债券型
660010,农银策略精选混合,混合型
660011,农银中证500指数,指数型
660012,农银消费主题混合A,混合型
660015,农银行业轮动混合A,混合型
660016,农银汇理金聚高等级债券,债券型
660102,农银恒久增利债券C,债券型
660107,农银货币B,货币型
660109,农银增强收益债券C,债券型
671010,西部利得策略优选混合A,混合型
671030,西部利得事件驱动股票A,股票型
673010,西部利得新动向混合A,混合型
673030,西部利得多策略优选混合C,混合型
673040,西部利得行业主题优选混合A,混合型
673043,西部利得行业主题优选混合C,混合型
673050,西部利得新盈混合A,混合型
673060,西部利得景瑞灵活配置混合A,混合型
673071,西部利得新动力混合A,混合型
673073,西部利得新动力混合C,混合型
673081,西部利得祥运混合A,混合型
673083,西部利得祥运混合C,混合型
673100,西部利得沪深300指数增强A,指数型
673101,西部利得沪深300指数增强C,指数型
673110,西部利得新润混合A,混合型
673120,西部利得新富混合A,混合型
673141,西部利得景程混合A,混合型
673143,西部利得景程混合C,混合型
675011,西部利得稳健双利债券A,债券型
675013,西部利得稳健双利债券C,债券型
675031,西部利得天添鑫货币A,货币型
675032,西部利得天添鑫货币B,货币型
675041,西部利得合享A,债券型
675043,西部利得合享C,债券型
675051,西部利得合赢债券A,债券型
675053,西部利得合赢债券C,债券型
675061,西部利得天添富货币A,货币型
675062,西部利得天添富货币B,货币型
675071,西部利得天添金货币A,货币型
675072,西部利得天添金货币B,货币型
675081,西部利得祥盈债券A,债券型
675083,西部利得祥盈债券C,债券型
675091,西部利得祥逸债券A,债券型
675093,西部利得祥逸债券C,债券型
675100,西部利得得尊纯债A,债券型
675111,西部利得汇享债券A,债券型
675113,西部利得汇享债券C,债券型
675121,西部利得汇逸债券A,债券型
675123,西部利得汇逸债券C,债券型
675161,西部利得汇盈债券A,债券型
675163,西部利得汇盈债券C,债券型
686868,浙商聚盈纯债债券A,债券型
686869,浙商聚盈纯债债券C,债券型
688888,浙商聚潮产业成长混合A,混合型
690001,民生加银品牌蓝筹混合A,混合型
690002,民生增强收益债券A,债券型
690003,民生加银精选混合,混合型
690004,民生加银稳健成长混合,混合型
690005,民生加银内需增长混合,混合型
690007,民生加银景气行业混合A,混合型
690008,民生中证内地资源主题指数A,指数型
690009,民生加银红利回报混合,混合型
690010,民生加银现金增利货币A,货币型
690011,民生加银积极成长混合发起式,混合型
690012,民生加银丰鑫债券,债券型
690202,民生增强收益债券C,债券型
690210,民生加银现金增利货币B,货币型
700001,平安行业先锋混合,混合型
700002,平安深证300指数增强,指数型
700003,平安策略先锋混合,混合型
700004,平安灵活配置混合A,混合型
700005,平安添利债券A,债券型
700006,平安添利债券C,债券型
710001,富安达优势成长混合A,混合型
710002,富安达策略精选混合A,混合型
710301,富安达增强收益债券A,债券型
710302,富安达增强收益债券C,债券型
710501,富安达现金通货币A,货币型
710502,富安达现金通货币B,货币型
720001,财通价值动量混合A,混合型
720002,财通可转债债券A,债券型
720003,财通收益增强债券A,债券型
730001,方正富邦创新动力混合A,混合型
730002,方正富邦红利精选混合A,混合型
730003,方正富邦货币A,货币型
730103,方正富邦货币B,货币型
740001,长安宏观策略混合A,混合型
740101,长安沪深300非周期A,指数型
740601,长安货币A,货币型
740602,长安货币B,货币型
750001,安信灵活配置混合A,混合型
750002,安信目标收益债券A,债券型
750003,安信目标收益债券C,债券型
750005,安信平稳增长混合发起A,混合型
750006,安信现金管理货币A,货币型
750007,安信现金管理货币B,货币型
762001,国金国鑫发起A,混合型
770001,德邦优化A,混合型
880002,招商资管招朝鑫中短债债券A,债券型
880006,招商资管核心优势混合D,混合型
880007,招商资管智远成长混合A,混合型
880009,招商资管睿丰三个月持有期债券D,债券型
880011,招商资管智远增利债券D,债券型
880013,招商资管智远天添利货币,货币型
881007,招商资管智远成长混合C,混合型
881010,招商资管睿丰三个月持有期债券A,债券型
881011,招商资管睿丰三个月持有期债券C,债券型
881012,招商资管智远增利债券A,债券型
881013,招商资管智远增利债券C,债券型
882118,招商资管增益添彩一个月持有期中短债债券D,债券型
890005,长江尊利债券A,债券型
890008,长江智选3个月持有混合(FOF)A,FOF
890011,长江聚利债券型A,债券型
890017,长江货币管家货币,货币型
910004,东方红启恒三年持有混合A,混合型
910005,东方红启兴三年持有混合A,混合型
910006,东方红启盛三年持有混合A,混合型
910007,东方红启元三年持有混合A,混合型
910009,东方红启程三年持有混合A,混合型
910010,东方红新海混合A,混合型
910011,东方红启瑞三年持有混合A,混合型
910017,东方红多元策略混合A,混合型
910021,东方红启华三年持有混合A,混合型
910022,东方红启航三年持有混合A,混合型
910024,东方红启阳三年持有混合A,混合型
910026,东方红新源三年持有混合A,混合型
910028,东方红内需增长混合A,混合型
940018,华泰紫金天天发货币,货币型
940037,华泰紫金货币增利C,货币型
952001,国泰海通君得利短债A,债券型
952003,国泰海通中债1-3年政金债A,指数型
952004,国泰海通君得明混合A,混合型
952009,国泰海通君得鑫两年持有混合A,混合型
952013,国泰海通君得益三个月持有混合(FOF)A,FOF
952020,国泰海通君得盈债券A,债券型
952024,国泰海通君得盛债券A,债券型
952035,国泰海通君得诚混合,混合型
952050,国泰海通60天滚动持有中短债B,债券型
952099,国泰海通君得鑫两年持有混合C,混合型
952100,国泰海通现金管家货币,货币型
952303,国泰海通中债1-3年政金债C,指数型
952313,国泰海通君得益三个月持有混合(FOF)C,FOF
952320,国泰海通君得盈债券C,债券型
959991,兴证资管金麒麟领先优势一年持有期混合A,混合型
959993,兴证资管金麒麟领先优势一年持有期混合C,混合型
960000,汇丰晋信大盘股票H,股票型
960001,广发行业领先混合H,混合型
960002,华夏回报混合H,混合型
960003,汇丰晋信动态策略混合H,混合型
960004,华夏兴华混合H,混合型
960005,摩根双息平衡混合H,混合型
960006,摩根行业轮动混合H,混合型
960007,摩根新兴动力混合H,混合型
960008,景顺长城核心竞争力混合H,混合型
960009,广发聚优灵活配置混合H,混合型
960010,工银核心价值混合H,混合型
960011,中银持续增长混合H,混合型
960012,中银收益混合H,混合型
960013,汇添富价值精选混合O,混合型
960014,汇添富民营活力混合O,混合型
960015,汇添富医药保健混合O,混合型
960016,交银成长混合H,混合型
960018,大成内需增长混合H,混合型
960019,招商行业领先混合H,混合型
960020,南方优选价值混合H,混合型
960021,国富潜力组合混合H,混合型
960022,博时沪深300指数R,指数型
960023,工银稳健成长混合H,混合型
960024,嘉实成长收益混合H,混合型
960025,嘉实研究精选混合H,混合型
960026,博时特许价值混合R,混合型
960027,博时信用债券R,债券型
960028,建信优选成长混合H,混合型
960029,建信双息红利债券H,债券型
960032,农银行业成长混合H,混合型
960033,农银消费主题混合H,混合型
960034,国投瑞银稳定增利债券H,债券型
960035,易方达价值成长混合H,混合型
960036,易方达价值成长混合I,混合型
960040,南方多利增强债券H,债券型
970067,兴证资管金麒麟消费升级混合A,混合型
970068,兴证资管金麒麟消费升级混合B,混合型
970069,兴证资管金麒麟消费升级混合C,混合型
970093,兴证资管金麒麟均衡优选混合A,混合型
970094,兴证资管金麒麟均衡优选混合B,混合型
970095,兴证资管金麒麟均衡优选混合C,混合型
970100,兴证资管金麒麟兴享优选混合A,混合型
970101,兴证资管金麒麟兴享优选混合B,混合型
970102,兴证资管金麒麟兴享优选混合C,混合型
970112,兴证资管金麒麟兴睿优选混合A,混合型
970113,兴证资管金麒麟兴睿优选混合B,混合型
970114,兴证资管金麒麟兴睿优选混合C,混合型
970119,兴证资管金麒麟恒睿致远一年持有期混合A,混合型
970120,兴证资管金麒麟恒睿致远一年持有期混合B,混合型
970121,兴证资管金麒麟恒睿致远一年持有期混合C,混合型
970159,国联现金添利货币,货币型
970164,银河水星现金添利货币,货币型
970165,招商资管增益添彩一个月持有期中短债债券A,债券型
970166,招商资管增益添彩一个月持有期中短债债券C,债券型
970167,粤开现金惠货币,货币型
970168,兴证资管金麒麟悦享添利30天滚动持有债券A,债券型
970169,兴证资管金麒麟悦享添利30天滚动持有债券B,债券型
970170,兴证资管金麒麟悦享添利30天滚动持有债券C,债券型
970182,招商资管招朝鑫中短债债券C,债券型
970184,招商资管核心优势混合A,混合型
970185,招商资管核心优势混合C,混合型
970192,兴证资管金麒麟现金添利货币,货币型
970194,兴证资管金麒麟3个月(FOF)A,FOF
970195,兴证资管金麒麟3个月(FOF)C,FOF
970204,兴证资管金麒麟兴享增利六个月持有期债券A,债券型
970205,兴证资管金麒麟兴享增利六个月持有期债券C,债券型
